-- phpMyAdmin SQL Dump
-- version 5.0.1
-- https://www.phpmyadmin.net/
--
-- Host: quizmanagement.ccd3ylv1pufy.ap-northeast-2.rds.amazonaws.com:3306
-- Generation Time: Jan 05, 2021 at 05:38 AM
-- Server version: 8.0.20
-- PHP Version: 7.4.2

SET SQL_MODE = "NO_AUTO_VALUE_ON_ZERO";
SET AUTOCOMMIT = 0;
START TRANSACTION;
SET time_zone = "+00:00";


/*!40101 SET @OLD_CHARACTER_SET_CLIENT=@@CHARACTER_SET_CLIENT */;
/*!40101 SET @OLD_CHARACTER_SET_RESULTS=@@CHARACTER_SET_RESULTS */;
/*!40101 SET @OLD_COLLATION_CONNECTION=@@COLLATION_CONNECTION */;
/*!40101 SET NAMES utf8mb4 */;

--
-- Database: `quiz_management`
--
CREATE DATABASE IF NOT EXISTS `quiz_management` DEFAULT CHARACTER SET utf8 COLLATE utf8_unicode_ci;
USE `quiz_management`;

-- --------------------------------------------------------

--
-- Table structure for table `answer`
--
-- Creation: Oct 30, 2020 at 03:08 AM
-- Last update: Dec 18, 2020 at 02:48 AM
--

CREATE TABLE `answer` (
  `ID` int NOT NULL,
  `Question` int NOT NULL,
  `Content` varchar(255) COLLATE utf8_unicode_ci NOT NULL,
  `IsCorrect` tinyint NOT NULL,
  `CorrectAnswer` varchar(255) CHARACTER SET utf8 COLLATE utf8_unicode_ci DEFAULT NULL COMMENT 'Using for fill type question',
  `CreatedBy` int NOT NULL,
  `CreatedAt` datetime NOT NULL DEFAULT CURRENT_TIMESTAMP,
  `UpdatedBy` int DEFAULT NULL,
  `UpdatedAt` datetime DEFAULT NULL ON UPDATE CURRENT_TIMESTAMP,
  `IsDeleted` int DEFAULT '0'
) ENGINE=InnoDB DEFAULT CHARSET=utf8 COLLATE=utf8_unicode_ci;

--
-- Dumping data for table `answer`
--

INSERT INTO `answer` (`ID`, `Question`, `Content`, `IsCorrect`, `CorrectAnswer`, `CreatedBy`, `CreatedAt`, `UpdatedBy`, `UpdatedAt`, `IsDeleted`) VALUES
(4, 12, 'Delhi', 0, 'Test', 2, '2020-10-23 11:54:16', NULL, '2020-12-18 02:48:51', 0),
(5, 12, 'Bengaluru Capt', 0, 'Test', 2, '2020-10-23 11:57:59', 2, '2020-12-18 02:48:51', 0),
(6, 12, 'Chennai', 0, 'Test', 2, '2020-10-23 11:58:09', NULL, '2020-12-18 02:48:51', 0),
(7, 12, 'Mumbai', 1, 'Test', 2, '2020-10-23 11:58:19', 2, '2020-12-18 02:48:51', 0),
(8, 12, 'aaaaa', 0, 'Test', 3, '2020-10-28 14:55:44', NULL, '2020-12-18 02:48:51', 0),
(9, 12, '11111 aa', 127, 'Test', 3, '2020-10-28 14:56:02', 3, '2020-12-18 02:48:51', 1),
(10, 13, 'participatory production', 0, '0', 3, '2020-12-18 02:12:04', NULL, NULL, 0),
(11, 13, 'participatory production', 0, '', 3, '2020-12-18 02:12:53', NULL, NULL, 0),
(12, 13, 'social media reaches only a few people at a time', 1, '', 3, '2020-12-18 02:13:04', NULL, NULL, 0),
(13, 13, 'the management structure of the companies', 0, '', 3, '2020-12-18 02:13:15', NULL, NULL, 0),
(14, 13, ' traditional media offers no way for audiences to communicate with media producers', 0, '', 3, '2020-12-18 02:13:27', NULL, NULL, 0),
(15, 14, 'conversation', 1, '', 3, '2020-12-18 02:13:47', NULL, NULL, 0),
(16, 14, 'collaboration', 1, '', 3, '2020-12-18 02:14:10', NULL, NULL, 0),
(17, 14, 'choice', 0, '', 3, '2020-12-18 02:14:24', NULL, NULL, 0),
(18, 14, 'communication', 0, '', 3, '2020-12-18 02:14:30', NULL, NULL, 0),
(19, 14, 'curation', 0, '', 3, '2020-12-18 02:14:35', NULL, NULL, 0),
(20, 15, '', 0, '2', 3, '2020-12-18 02:15:27', NULL, NULL, 0),
(21, 16, '', 0, '1', 3, '2020-12-18 02:15:35', NULL, NULL, 0),
(22, 17, 'people much prefer to do their own thing and not work in groups', 0, '', 3, '2020-12-18 02:16:47', NULL, NULL, 0),
(23, 17, 'there is always a couple people who disrupt the work of others in the group', 1, '', 3, '2020-12-18 02:16:57', NULL, NULL, 0),
(24, 17, 'people need to be able to meet face to face at times as well as online', 0, '', 3, '2020-12-18 02:17:07', NULL, NULL, 0),
(25, 17, 'social media has still not lived up to its promise of helping people collaborate', 0, '', 3, '2020-12-18 02:17:14', NULL, NULL, 0),
(26, 18, 'folksonomy', 0, '', 3, '2020-12-18 02:18:03', NULL, NULL, 0),
(27, 18, 'widget', 0, '', 3, '2020-12-18 02:18:16', NULL, NULL, 0),
(28, 18, 'curator', 1, '', 3, '2020-12-18 02:18:22', NULL, NULL, 0),
(29, 18, 'wiki', 0, '', 3, '2020-12-18 02:18:29', NULL, NULL, 0),
(30, 18, 'listserv', 0, '', 3, '2020-12-18 02:18:34', NULL, NULL, 0),
(31, 19, 'Increased numbers of spam messages have made email largely useless for business today', 0, '', 3, '2020-12-18 02:19:08', NULL, NULL, 0),
(32, 19, 'Spammers have become far more sophisticated in their techniques to avoid spam filters', 0, '', 3, '2020-12-18 02:19:18', NULL, NULL, 0),
(33, 19, 'Anti-spam legislation and technology have helped reduced spam to a five-year low', 0, '', 3, '2020-12-18 02:19:25', NULL, NULL, 0),
(34, 19, 'Spam filters have largely been ineffective and spam continues to grow as a percentage of online traffic', 0, '', 3, '2020-12-18 02:19:33', NULL, NULL, 0),
(35, 19, 'None of the above', 1, '', 3, '2020-12-18 02:19:44', NULL, NULL, 0),
(36, 20, 'wiki', 1, '', 3, '2020-12-18 02:20:24', NULL, NULL, 0),
(37, 20, 'online forum', 1, '', 3, '2020-12-18 02:20:43', NULL, NULL, 0),
(38, 20, 'usenet', 0, '', 3, '2020-12-18 02:20:51', NULL, NULL, 0),
(39, 20, 'lurker site', 0, '', 3, '2020-12-18 02:20:59', NULL, NULL, 0),
(40, 20, 'social network', 0, '', 3, '2020-12-18 02:21:16', NULL, NULL, 0),
(41, 21, 'MySpace', 0, '', 3, '2020-12-18 02:21:53', NULL, NULL, 0),
(42, 21, 'Twitter', 0, '', 3, '2020-12-18 02:22:04', NULL, NULL, 0),
(43, 21, 'Weibo', 1, '', 3, '2020-12-18 02:22:10', NULL, NULL, 0),
(44, 21, 'Weibo', 1, '', 3, '2020-12-18 02:22:21', NULL, NULL, 0),
(45, 21, 'Facebook', 0, '', 3, '2020-12-18 02:22:28', NULL, NULL, 0),
(46, 21, 'Line', 0, '', 3, '2020-12-18 02:22:32', NULL, NULL, 0),
(47, 22, 'lurking', 1, '', 3, '2020-12-18 02:22:55', NULL, NULL, 0),
(48, 22, 'trolling', 0, '', 3, '2020-12-18 02:23:04', NULL, NULL, 0),
(49, 22, 'phishing', 0, '', 3, '2020-12-18 02:23:09', NULL, NULL, 0),
(50, 22, 'astroturfing', 0, '', 3, '2020-12-18 02:23:14', NULL, NULL, 0),
(51, 22, 'puppeting', 0, '', 3, '2020-12-18 02:23:22', NULL, NULL, 0),
(52, 23, '', 0, '1', 3, '2020-12-18 02:24:12', NULL, NULL, 0),
(53, 24, '', 0, '1', 3, '2020-12-18 02:25:31', NULL, NULL, 0),
(54, 25, '', 0, '2', 3, '2020-12-18 02:26:13', NULL, NULL, 0),
(55, 26, 'ratings and traffic', 0, '', 3, '2020-12-18 02:26:41', NULL, NULL, 0),
(56, 26, 'transparency and privacy', 0, '', 3, '2020-12-18 02:26:46', NULL, NULL, 0),
(57, 26, 'virtue and virality', 0, '', 3, '2020-12-18 02:27:01', NULL, NULL, 0),
(58, 26, 'politeness and civility', 1, '', 3, '2020-12-18 02:27:13', NULL, NULL, 0),
(59, 27, 'Dreaming in Technicolor', 1, '', 3, '2020-12-18 02:29:31', NULL, NULL, 0),
(60, 27, 'Water Under the Bridge', 1, '', 3, '2020-12-18 02:29:37', NULL, NULL, 0),
(61, 27, 'Of Mud and Dreams', 0, '', 3, '2020-12-18 02:29:47', NULL, NULL, 0),
(62, 27, 'Images of Waterloo', 0, '', 3, '2020-12-18 02:29:54', NULL, NULL, 0),
(63, 28, 'Dreaming in Technicolor', 1, '', 3, '2020-12-18 02:31:49', NULL, NULL, 0),
(64, 28, 'Water Under the Bridge', 1, '', 3, '2020-12-18 02:31:49', NULL, NULL, 0),
(65, 28, ' Of Mud and Dreams', 0, '', 3, '2020-12-18 02:31:49', NULL, NULL, 0),
(66, 28, 'Images of Waterloo', 0, '', 3, '2020-12-18 02:31:49', NULL, NULL, 0),
(67, 28, 'Dreaming in Technicolor', 1, '', 3, '2020-12-18 02:31:53', NULL, NULL, 0),
(68, 29, 'Water Under the Bridge', 1, '', 3, '2020-12-18 02:31:53', NULL, NULL, 0),
(69, 28, ' Of Mud and Dreams', 0, '', 3, '2020-12-18 02:31:53', NULL, NULL, 0),
(70, 28, 'Images of Waterloo', 0, '', 3, '2020-12-18 02:31:53', NULL, NULL, 0),
(71, 28, 'Dreaming in Technicolor', 1, '', 3, '2020-12-18 02:31:56', NULL, NULL, 0),
(72, 30, 'Water Under the Bridge', 1, '', 3, '2020-12-18 02:31:56', NULL, NULL, 0),
(73, 28, ' Of Mud and Dreams', 0, '', 3, '2020-12-18 02:31:56', NULL, NULL, 0),
(74, 28, 'Images of Waterloo', 0, '', 3, '2020-12-18 02:31:56', NULL, NULL, 0),
(75, 31, '', 1, 'big', 3, '2020-12-18 02:37:19', NULL, NULL, 0),
(76, 32, '', 1, 'big', 3, '2020-12-18 02:37:19', NULL, NULL, 0),
(77, 33, '', 0, 'big', 3, '2020-12-18 02:37:19', NULL, NULL, 0),
(78, 34, '', 0, 'big', 3, '2020-12-18 02:37:19', NULL, NULL, 0),
(79, 35, '', 0, 'big', 3, '2020-12-18 02:37:19', NULL, NULL, 0),
(80, 36, '', 0, 'big', 3, '2020-12-18 02:37:19', NULL, NULL, 0),
(81, 37, '', 0, 'big', 3, '2020-12-18 02:37:19', NULL, NULL, 0),
(82, 38, 'A short literature review', 0, '', 3, '2020-12-18 02:41:25', NULL, NULL, 0),
(83, 38, 'A discussion of the findings', 1, '', 3, '2020-12-18 02:41:25', NULL, NULL, 0),
(84, 38, 'A section on how the data is to be analysed', 0, '', 3, '2020-12-18 02:41:25', NULL, NULL, 0),
(85, 38, 'A section discussing proposed data collection method', 0, '', 3, '2020-12-18 02:41:25', NULL, NULL, 0),
(86, 39, 'A notebook to make notes of research methods lectures', 0, '', 3, '2020-12-18 02:42:13', NULL, NULL, 0),
(87, 39, 'Useful for recording what you have done and notes about what has to be done in the research process', 1, '', 3, '2020-12-18 02:42:13', NULL, NULL, 0),
(88, 39, 'A diary recording your private thoughts about life', 0, '', 3, '2020-12-18 02:42:13', NULL, NULL, 0),
(89, 39, 'Good for recording useful addresses', 0, '', 3, '2020-12-18 02:42:13', NULL, NULL, 0),
(90, 40, '', 0, 'Test', 3, '2020-12-18 02:43:09', NULL, NULL, 0),
(91, 41, '', 0, 'Test', 3, '2020-12-18 02:43:09', NULL, NULL, 0),
(92, 44, 'Sending drafts of your work when requested', 0, '', 3, '2020-12-18 02:44:53', NULL, NULL, 0),
(93, 44, 'Keeping quiet about when you are in difficulties. The supervisor doesn’t want to be worried by your problems', 1, '', 3, '2020-12-18 02:44:53', NULL, NULL, 0),
(94, 44, 'Be organised and prepared ready for each session', 1, '', 3, '2020-12-18 02:44:53', NULL, NULL, 0),
(95, 44, 'Being independent rather than expecting your supervisor to tell you exactly what to do', 0, '', 3, '2020-12-18 02:44:53', NULL, NULL, 0),
(96, 45, 'Contains a discussion as to the degree to which your findings were valid and reliable', 0, '', 3, '2020-12-18 02:45:45', NULL, NULL, 0),
(97, 45, 'Is always presented as a written document', 1, '', 3, '2020-12-18 02:45:45', NULL, NULL, 0),
(98, 45, 'Acts as a guide to your research and indicates clearly what you intend to do', 0, '', 3, '2020-12-18 02:45:45', NULL, NULL, 0),
(99, 45, 'Is not that important – your ideas are sure to change and it isn’t assessed anyway', 0, '', 3, '2020-12-18 02:45:45', NULL, NULL, 0),
(100, 29, 'Contains a discussion as to the degree to which your findings were valid and reliable', 0, '', 3, '2020-12-18 02:46:41', NULL, NULL, 0),
(101, 29, 'Is always presented as a written document', 1, '', 3, '2020-12-18 02:46:41', NULL, NULL, 0),
(102, 29, 'Acts as a guide to your research and indicates clearly what you intend to do', 0, '', 3, '2020-12-18 02:46:41', NULL, NULL, 0),
(103, 29, 'Is not that important – your ideas are sure to change and it isn’t assessed anyway', 0, '', 3, '2020-12-18 02:46:41', NULL, NULL, 0),
(104, 30, 'Contains a discussion as to the degree to which your findings were valid and reliable', 0, '', 3, '2020-12-18 02:47:43', NULL, NULL, 0),
(105, 30, 'Is always presented as a written document', 1, '', 3, '2020-12-18 02:47:43', NULL, NULL, 0),
(106, 30, 'Acts as a guide to your research and indicates clearly what you intend to do', 1, '', 3, '2020-12-18 02:47:43', NULL, NULL, 0),
(107, 30, 'Is not that important – your ideas are sure to change and it isn’t assessed anyway', 0, '', 3, '2020-12-18 02:47:43', NULL, NULL, 0);

-- --------------------------------------------------------

--
-- Table structure for table `config`
--
-- Creation: Nov 23, 2020 at 01:58 PM
-- Last update: Dec 17, 2020 at 03:42 PM
--

CREATE TABLE `config` (
  `ID` int NOT NULL,
  `NumberQuestionLevel1` int DEFAULT NULL,
  `NumberQuestionLevel2` int DEFAULT NULL,
  `NumberQuestionLevel3` int DEFAULT NULL,
  `NumberQuestionLevel4` int DEFAULT NULL,
  `NumberQuestionLevel5` int DEFAULT NULL,
  `NumberQuestionLevel6` int DEFAULT NULL,
  `NumberQuestionLevel7` int DEFAULT NULL,
  `NumberQuestionLevel8` int DEFAULT NULL,
  `NumberQuestionLevel9` int DEFAULT NULL,
  `NumberQuestionLevel10` int DEFAULT NULL,
  `TotalQuestion` int DEFAULT NULL,
  `Description` longtext COLLATE utf8_unicode_ci NOT NULL,
  `CreatedBy` int NOT NULL,
  `CreatedAt` datetime NOT NULL DEFAULT CURRENT_TIMESTAMP,
  `UpdatedBy` int DEFAULT NULL,
  `UpdatedAt` datetime DEFAULT NULL ON UPDATE CURRENT_TIMESTAMP,
  `IsDeleted` int DEFAULT '0'
) ENGINE=InnoDB DEFAULT CHARSET=utf8 COLLATE=utf8_unicode_ci;

--
-- Dumping data for table `config`
--

INSERT INTO `config` (`ID`, `NumberQuestionLevel1`, `NumberQuestionLevel2`, `NumberQuestionLevel3`, `NumberQuestionLevel4`, `NumberQuestionLevel5`, `NumberQuestionLevel6`, `NumberQuestionLevel7`, `NumberQuestionLevel8`, `NumberQuestionLevel9`, `NumberQuestionLevel10`, `TotalQuestion`, `Description`, `CreatedBy`, `CreatedAt`, `UpdatedBy`, `UpdatedAt`, `IsDeleted`) VALUES
(6, 5, 5, 5, 0, 0, 0, 0, 0, 0, 0, 15, 'TESTING CONFIG', 2, '2020-10-30 03:42:48', 3, '2020-11-23 14:01:12', 0),
(7, 1, 1, 1, 1, 1, 1, 0, 0, 0, 0, 0, '0', 3, '2020-11-01 14:55:03', 3, '2020-11-02 07:43:59', 0),
(8, 4, 3, 0, 0, 0, 0, 0, 0, 0, 0, 5, '0', 3, '2020-11-01 15:02:10', 3, '2020-11-02 05:52:29', 0),
(9, 10, 15, 20, 0, 0, 0, 0, 0, 0, 0, 101520, '0', 3, '2020-11-01 16:31:54', 3, '2020-11-02 06:05:47', 0),
(10, 1, 1, 1, 1, 1, 1, 1, 1, 1, 1, 1111111111, '0', 3, '2020-11-02 04:59:24', NULL, NULL, 0),
(11, 2, 1, 1, 1, 1, 1, 1, 1, 1, 1, 10, '0', 3, '2020-11-02 05:01:10', 3, '2020-11-02 06:07:42', 0),
(12, 2, 2, 2, 2, 2, 2, 2, 2, 2, 2, 20, '0', 3, '2020-11-02 06:08:04', NULL, NULL, 0),
(13, 1, 1, 1, 1, 1, 1, 1, 1, 1, 0, 0, '0', 3, '2020-11-02 06:52:03', 3, '2020-11-02 07:43:42', 0),
(14, 5, 0, 0, 0, 0, 0, 0, 0, 0, 0, 0, '0', 3, '2020-11-02 06:56:03', 3, '2020-11-02 07:43:24', 0),
(15, 0, 0, 0, 0, 0, 0, 0, 0, 0, 0, 0, '0', 3, '2020-11-02 07:40:43', 3, '2020-11-02 07:43:09', 0),
(17, 0, 0, 0, 0, 0, 0, 0, 0, 0, 0, 0, '1', 2, '2020-12-17 15:42:24', NULL, NULL, 0);

-- --------------------------------------------------------

--
-- Table structure for table `examination`
--
-- Creation: Nov 13, 2020 at 04:00 AM
-- Last update: Dec 24, 2020 at 11:44 AM
--

CREATE TABLE `examination` (
  `ID` int NOT NULL,
  `Duration` varchar(255) CHARACTER SET utf8 COLLATE utf8_unicode_ci NOT NULL,
  `Semester` varchar(255) CHARACTER SET utf8 COLLATE utf8_unicode_ci NOT NULL,
  `Notes` varchar(255) CHARACTER SET utf8 COLLATE utf8_unicode_ci DEFAULT NULL,
  `Department` varchar(255) CHARACTER SET utf8 COLLATE utf8_unicode_ci NOT NULL,
  `Course` varchar(255) CHARACTER SET utf8 COLLATE utf8_unicode_ci NOT NULL,
  `Coursecode` varchar(255) CHARACTER SET utf8 COLLATE utf8_unicode_ci NOT NULL,
  `AcademicYear` varchar(255) CHARACTER SET utf8 COLLATE utf8_unicode_ci NOT NULL,
  `Lecturer` varchar(255) CHARACTER SET utf8 COLLATE utf8_unicode_ci NOT NULL,
  `Description` longtext CHARACTER SET utf8 COLLATE utf8_unicode_ci NOT NULL,
  `CreatedBy` int NOT NULL,
  `CreatedAt` datetime NOT NULL DEFAULT CURRENT_TIMESTAMP,
  `UpdatedBy` int DEFAULT NULL,
  `UpdatedAt` datetime DEFAULT NULL ON UPDATE CURRENT_TIMESTAMP,
  `IsDeleted` int DEFAULT '0'
) ENGINE=InnoDB DEFAULT CHARSET=utf8 COLLATE=utf8_unicode_ci;

--
-- Dumping data for table `examination`
--

INSERT INTO `examination` (`ID`, `Duration`, `Semester`, `Notes`, `Department`, `Course`, `Coursecode`, `AcademicYear`, `Lecturer`, `Description`, `CreatedBy`, `CreatedAt`, `UpdatedBy`, `UpdatedAt`, `IsDeleted`) VALUES
(1, '120 mins', '1', 'Phone is not allowed', 'HTTT-CTTT', 'Computer Science', 'CS.1112', '2019', 'Le Van Toan', 'Mr. Toan semester 1 year 2019 class cttt', 1, '2020-09-22 13:03:33', 2, '2020-11-19 04:10:40', 0),
(4, '150 mins', '2', 'Phone nor laptop is not allowed', 'HTTT-CTTT', 'Computer Science 2', 'CS.2109', '2019', 'Do Tien', 'Mr Tien Do Semester 2 year 2020 class HTTT CTTT', 2, '2020-10-28 11:15:48', NULL, '2020-12-24 11:44:20', 0);

-- --------------------------------------------------------

--
-- Table structure for table `question`
--
-- Creation: Nov 10, 2020 at 03:56 AM
-- Last update: Dec 18, 2020 at 02:35 AM
--

CREATE TABLE `question` (
  `ID` int NOT NULL,
  `Content` varchar(255) COLLATE utf8_unicode_ci NOT NULL,
  `Level` int NOT NULL,
  `Type` enum('Single Choice','Multiple Choice','Fill the blank','Match') CHARACTER SET utf8 COLLATE utf8_unicode_ci NOT NULL,
  `CreatedBy` int NOT NULL,
  `CreatedAt` datetime NOT NULL DEFAULT CURRENT_TIMESTAMP,
  `UpdatedBy` int DEFAULT NULL,
  `UpdatedAt` datetime DEFAULT NULL ON UPDATE CURRENT_TIMESTAMP,
  `IsDeleted` int DEFAULT '0'
) ENGINE=InnoDB DEFAULT CHARSET=utf8 COLLATE=utf8_unicode_ci;

--
-- Dumping data for table `question`
--

INSERT INTO `question` (`ID`, `Content`, `Level`, `Type`, `CreatedBy`, `CreatedAt`, `UpdatedBy`, `UpdatedAt`, `IsDeleted`) VALUES
(12, 'Which among the following cities produces highest e-waste in India?', 2, 'Match', 2, '2020-10-23 11:48:41', NULL, '2020-12-16 09:46:16', 0),
(13, 'A group of ………………... is commonly called as one byte.', 1, 'Single Choice', 2, '2020-10-30 03:26:28', NULL, NULL, 0),
(14, 'Which among the following projects is launched to provide e-governance facilities and information services to the rural community?', 3, 'Multiple Choice', 2, '2020-10-30 03:26:46', NULL, '2020-12-18 02:16:18', 0),
(15, 'Consider the following statements:\n\n1. Point to Point Protocol is a dial account, which puts personal computer directly on the internet.\n\n2. WWW is explained as Wide Area Hypermedia Information initiative that provides universal access.\n\nChoose the correc', 4, 'Single Choice', 2, '2020-10-30 03:27:07', NULL, NULL, 0),
(16, 'Consider the following statements:\n\n1. WAIS maintains separate index for the contents of some designated documents.\n\n2. By putting the name, WAIS entails a list of documents available in that index with similar keywords.\n\nChoose the correct answer from th', 5, 'Single Choice', 2, '2020-10-30 03:27:19', NULL, NULL, 0),
(17, 'Which among the following period is known as the era of second generation computer?', 1, 'Multiple Choice', 2, '2020-10-30 03:27:32', NULL, '2020-12-18 02:16:18', 0),
(18, 'A web address is usually known as …', 1, 'Single Choice', 2, '2020-10-30 03:27:42', NULL, NULL, 0),
(19, 'Which among the following is the shortcut key for Help in your computer system?\n\n', 1, 'Single Choice', 2, '2020-10-30 03:27:46', NULL, NULL, 0),
(20, 'Who among the following has invented worldwide web?', 1, 'Multiple Choice', 2, '2020-10-30 03:27:54', NULL, '2020-12-18 02:32:07', 0),
(21, 'Who among the following had invented the computer microprocessor?', 1, 'Single Choice', 2, '2020-10-30 03:28:01', NULL, NULL, 0),
(22, 'Which among the following correctly defines the working of a computer?', 1, 'Single Choice', 2, '2020-10-30 03:28:08', NULL, NULL, 0),
(23, 'Consider the following statements:\n\n1. PARAM was the first supercomputer of India.\n\n2. PARAM was developed by C-DAC in 1991.\n\nChoose the correct answer from the codes given below:', 1, 'Single Choice', 2, '2020-10-30 03:28:20', NULL, NULL, 0),
(24, 'USB is a ………………………… storage device', 1, 'Fill the blank', 2, '2020-10-30 03:28:29', NULL, '2020-12-18 02:32:07', 0),
(25, 'Consider the following statements:\n\n1. Algorithm is a set of instructions and basic techniques used to solve a problem/query.\n\n2. An algorithm is a list of well-defined instructions for completing a defined task.\n\nChoose the correct answer from the codes ', 7, 'Single Choice', 2, '2020-10-30 03:28:39', NULL, NULL, 0),
(26, 'Which among the following correctly defines the term ‘backup?’', 2, 'Single Choice', 2, '2020-10-30 03:28:47', NULL, NULL, 0),
(27, 'What is the term used for copying computer program without taking permission of its writer?', 2, 'Multiple Choice', 2, '2020-10-30 03:37:04', NULL, '2020-12-18 02:32:08', 0),
(28, 'In a network system, which among the following is the most powerful computer?\n\n', 2, 'Multiple Choice', 2, '2020-10-30 03:37:11', NULL, '2020-12-18 02:32:08', 0),
(29, 'The first internet service was set up in India in …', 2, 'Multiple Choice', 2, '2020-10-30 03:37:18', NULL, '2020-12-18 02:32:08', 0),
(30, 'Which among the following describes that how a message should be transmitted and what action web servers and browsers should take in response to the command given by the users?', 3, 'Multiple Choice', 2, '2020-10-30 03:37:27', NULL, '2020-12-18 02:32:08', 0),
(31, 'Take ____ to your leader!', 3, 'Fill the blank', 2, '2020-10-30 03:37:36', NULL, '2020-12-18 02:35:39', 0),
(32, 'That pig _____ very fat.', 3, 'Fill the blank', 2, '2020-10-30 03:40:22', NULL, '2020-12-18 02:35:39', 0),
(33, 'The pig _____ very fat.', 3, 'Fill the blank', 2, '2020-10-30 03:40:32', NULL, '2020-12-18 02:35:39', 0),
(34, 'What is that net ______?', 2, 'Fill the blank', 2, '2020-10-30 03:40:42', NULL, '2020-12-18 02:35:40', 0),
(35, 'Is that _____ blue cow?', 2, 'Fill the blank', 2, '2020-10-30 03:41:22', NULL, '2020-12-18 02:35:40', 0),
(36, 'Put your books _____ please?', 2, 'Fill the blank', 2, '2020-10-30 03:41:29', NULL, '2020-12-18 02:35:40', 0),
(37, 'The sky is _____ !', 3, 'Fill the blank', 2, '2020-10-30 03:41:37', NULL, '2020-12-18 02:35:40', 0),
(38, 'R is technically much closer to the Scheme language than it is to the original _____ language.', 3, 'Single Choice', 2, '2020-10-30 03:41:44', NULL, NULL, 0),
(39, 'Normal random numbers can be generated with rnorm() by setting seed value to:', 3, 'Single Choice', 2, '2020-10-30 03:41:52', NULL, NULL, 0),
(40, '__________ prints out the function call stack after an error occurs.', 3, 'Single Choice', 2, '2020-10-30 03:42:00', NULL, NULL, 0),
(41, '_______applies a function over the margins of an array.', 3, 'Single Choice', 2, '2020-10-30 03:42:07', NULL, NULL, 0),
(44, 'hasjkdhksahdkja', 1, 'Multiple Choice', 2, '2020-11-12 07:00:47', NULL, '2020-11-12 07:01:27', 1),
(45, 'What is one of the big differences between traditional media and social media?', 1, 'Single Choice', 3, '2020-12-18 02:01:36', NULL, NULL, 0);

-- --------------------------------------------------------

--
-- Table structure for table `questiontopic`
--
-- Creation: Oct 23, 2020 at 11:55 AM
--

CREATE TABLE `questiontopic` (
  `ID` int NOT NULL,
  `Question` int NOT NULL,
  `Topic` int NOT NULL,
  `CreatedBy` int NOT NULL,
  `CreatedAt` datetime NOT NULL DEFAULT CURRENT_TIMESTAMP,
  `UpdatedBy` int DEFAULT NULL,
  `UpdatedAt` datetime DEFAULT NULL ON UPDATE CURRENT_TIMESTAMP,
  `IsDeleted` int DEFAULT '0'
) ENGINE=InnoDB DEFAULT CHARSET=utf8 COLLATE=utf8_unicode_ci;

-- --------------------------------------------------------

--
-- Table structure for table `quiz`
--
-- Creation: Oct 23, 2020 at 11:56 AM
-- Last update: Jan 04, 2021 at 04:28 AM
--

CREATE TABLE `quiz` (
  `ID` int NOT NULL,
  `Examination` int NOT NULL,
  `Config` int NOT NULL,
  `Template` int NOT NULL,
  `Code` int DEFAULT NULL,
  `CreatedBy` int NOT NULL,
  `CreatedAt` datetime NOT NULL DEFAULT CURRENT_TIMESTAMP,
  `UpdatedBy` int DEFAULT NULL,
  `UpdatedAt` datetime DEFAULT NULL ON UPDATE CURRENT_TIMESTAMP,
  `IsDeleted` int DEFAULT '0'
) ENGINE=InnoDB DEFAULT CHARSET=utf8 COLLATE=utf8_unicode_ci;

--
-- Dumping data for table `quiz`
--

INSERT INTO `quiz` (`ID`, `Examination`, `Config`, `Template`, `Code`, `CreatedBy`, `CreatedAt`, `UpdatedBy`, `UpdatedAt`, `IsDeleted`) VALUES
(65, 1, 6, 4, NULL, 3, '2020-11-23 03:03:34', NULL, NULL, 0),
(66, 1, 6, 4, NULL, 3, '2020-11-23 03:03:39', NULL, NULL, 0),
(67, 1, 6, 4, NULL, 3, '2020-11-23 03:09:15', NULL, NULL, 0),
(68, 1, 6, 4, NULL, 3, '2020-11-23 03:10:17', NULL, NULL, 0),
(69, 4, 10, 4, NULL, 3, '2020-11-23 03:11:10', NULL, NULL, 0),
(70, 1, 8, 4, NULL, 3, '2020-11-23 03:12:10', NULL, NULL, 0),
(71, 1, 8, 4, NULL, 3, '2020-11-23 03:13:06', NULL, NULL, 0),
(72, 1, 8, 4, NULL, 3, '2020-11-23 03:13:58', NULL, NULL, 0),
(73, 1, 6, 4, NULL, 3, '2020-11-23 03:37:26', NULL, NULL, 0),
(74, 1, 6, 4, NULL, 3, '2020-11-23 03:38:38', NULL, NULL, 0),
(75, 1, 9, 4, NULL, 3, '2020-11-23 03:39:06', NULL, NULL, 0),
(76, 1, 9, 4, NULL, 3, '2020-11-23 03:39:43', NULL, NULL, 0),
(77, 1, 6, 4, NULL, 3, '2020-11-23 03:39:57', NULL, NULL, 0),
(78, 1, 6, 4, NULL, 3, '2020-11-23 04:25:58', NULL, NULL, 0),
(79, 1, 6, 4, NULL, 3, '2020-11-23 04:27:21', NULL, NULL, 0),
(80, 1, 7, 4, NULL, 3, '2020-11-23 04:29:47', NULL, NULL, 0),
(81, 1, 6, 4, NULL, 3, '2020-11-23 04:49:35', NULL, NULL, 0),
(82, 1, 6, 4, NULL, 3, '2020-11-23 04:50:00', NULL, NULL, 0),
(83, 1, 8, 4, NULL, 3, '2020-11-23 07:29:29', NULL, NULL, 0),
(84, 1, 6, 4, NULL, 3, '2020-11-23 07:30:14', NULL, NULL, 0),
(85, 1, 6, 4, NULL, 3, '2020-11-23 07:31:11', NULL, NULL, 0),
(86, 1, 6, 4, NULL, 3, '2020-11-23 07:33:18', NULL, NULL, 0),
(87, 1, 7, 4, NULL, 3, '2020-11-23 07:34:52', NULL, NULL, 0),
(88, 1, 7, 4, NULL, 3, '2020-11-23 07:36:27', NULL, NULL, 0),
(89, 1, 7, 4, NULL, 3, '2020-11-23 07:38:28', NULL, NULL, 0),
(90, 1, 7, 4, NULL, 3, '2020-11-23 07:42:51', NULL, NULL, 0),
(91, 1, 7, 4, NULL, 3, '2020-11-23 07:45:14', NULL, NULL, 0),
(92, 1, 6, 4, NULL, 3, '2020-11-23 07:54:29', NULL, NULL, 0),
(93, 1, 6, 4, NULL, 3, '2020-11-23 08:01:08', NULL, NULL, 0),
(94, 1, 7, 4, NULL, 3, '2020-11-23 08:05:20', NULL, NULL, 0),
(95, 1, 6, 4, NULL, 3, '2020-11-23 08:14:58', NULL, NULL, 0),
(96, 1, 6, 4, NULL, 3, '2020-11-23 08:15:26', NULL, NULL, 0),
(97, 1, 9, 4, NULL, 3, '2020-11-23 08:43:12', NULL, NULL, 0),
(98, 1, 9, 4, NULL, 3, '2020-11-23 08:46:56', NULL, NULL, 0),
(99, 1, 9, 4, NULL, 3, '2020-11-23 08:49:18', NULL, NULL, 0),
(100, 1, 10, 4, NULL, 3, '2020-11-23 08:55:08', NULL, NULL, 0),
(101, 1, 6, 4, NULL, 3, '2020-11-23 08:55:49', NULL, NULL, 0),
(102, 1, 6, 4, NULL, 3, '2020-11-23 09:10:14', NULL, NULL, 0),
(103, 1, 6, 4, NULL, 3, '2020-11-23 09:10:26', NULL, NULL, 0),
(104, 1, 6, 4, NULL, 3, '2020-11-23 09:11:06', NULL, NULL, 0),
(105, 1, 6, 4, NULL, 3, '2020-11-23 09:12:11', NULL, NULL, 0),
(106, 1, 6, 4, NULL, 3, '2020-11-23 09:12:16', NULL, NULL, 0),
(107, 4, 8, 4, NULL, 3, '2020-11-23 09:13:27', NULL, NULL, 0),
(108, 1, 6, 4, NULL, 3, '2020-11-23 09:18:27', NULL, NULL, 0),
(109, 1, 6, 4, NULL, 3, '2020-11-23 09:21:09', NULL, NULL, 0),
(110, 1, 6, 4, NULL, 3, '2020-11-23 09:31:10', NULL, NULL, 0),
(111, 1, 6, 4, NULL, 3, '2020-11-23 09:40:11', NULL, NULL, 0),
(112, 1, 6, 4, NULL, 3, '2020-11-23 09:47:06', NULL, NULL, 0),
(113, 1, 6, 4, NULL, 3, '2020-11-23 09:50:24', NULL, NULL, 0),
(114, 1, 7, 4, NULL, 3, '2020-11-23 10:00:39', NULL, NULL, 0),
(115, 1, 6, 4, NULL, 3, '2020-11-23 10:08:27', NULL, NULL, 0),
(116, 1, 6, 4, NULL, 2, '2020-11-23 13:40:23', NULL, NULL, 0),
(117, 1, 6, 4, NULL, 2, '2020-11-23 13:44:48', NULL, NULL, 0),
(118, 1, 6, 4, NULL, 2, '2020-11-23 13:45:29', NULL, NULL, 0),
(119, 1, 6, 4, NULL, 2, '2020-11-23 13:52:36', NULL, NULL, 0),
(120, 1, 6, 4, NULL, 2, '2020-11-23 13:54:25', NULL, NULL, 0),
(121, 1, 6, 4, NULL, 2, '2020-11-23 14:01:22', NULL, NULL, 0),
(122, 1, 6, 4, NULL, 2, '2020-11-23 14:04:05', NULL, NULL, 0),
(123, 1, 6, 4, NULL, 2, '2020-11-23 14:04:36', NULL, NULL, 0),
(124, 1, 6, 4, NULL, 2, '2020-11-23 14:05:37', NULL, NULL, 0),
(125, 1, 6, 4, NULL, 2, '2020-11-23 14:08:36', NULL, NULL, 0),
(126, 1, 6, 4, NULL, 2, '2020-11-23 14:11:31', NULL, NULL, 0),
(127, 1, 6, 4, NULL, 2, '2020-11-23 14:11:48', NULL, NULL, 0),
(128, 1, 6, 4, NULL, 2, '2020-11-23 14:19:37', NULL, NULL, 0),
(129, 1, 6, 4, NULL, 2, '2020-11-24 02:32:10', NULL, NULL, 0),
(130, 1, 6, 4, NULL, 2, '2020-11-24 02:33:37', NULL, NULL, 0),
(131, 1, 6, 4, NULL, 2, '2020-11-24 02:35:34', NULL, NULL, 0),
(132, 1, 6, 4, NULL, 2, '2020-11-24 03:23:18', NULL, NULL, 0),
(133, 1, 6, 4, NULL, 2, '2020-11-24 03:31:27', NULL, NULL, 0),
(134, 1, 6, 4, NULL, 2, '2020-11-24 03:32:39', NULL, NULL, 0),
(135, 1, 6, 4, NULL, 2, '2020-11-24 03:34:00', NULL, NULL, 0),
(136, 1, 6, 4, NULL, 2, '2020-11-24 03:36:51', NULL, NULL, 0),
(137, 1, 6, 4, NULL, 2, '2020-11-24 03:39:28', NULL, NULL, 0),
(138, 1, 6, 4, NULL, 2, '2020-11-24 03:44:09', NULL, NULL, 0),
(139, 1, 6, 4, NULL, 2, '2020-11-24 03:44:37', NULL, NULL, 0),
(140, 1, 6, 4, NULL, 2, '2020-11-24 03:45:35', NULL, NULL, 0),
(141, 1, 6, 4, NULL, 2, '2020-11-24 04:03:15', NULL, NULL, 0),
(142, 1, 6, 4, NULL, 2, '2020-11-24 04:09:55', NULL, NULL, 0),
(143, 4, 6, 4, NULL, 2, '2020-11-24 04:15:17', NULL, NULL, 0),
(144, 4, 6, 4, NULL, 3, '2020-11-25 13:15:49', NULL, NULL, 0),
(145, 4, 6, 4, NULL, 3, '2020-11-25 13:24:14', NULL, NULL, 0),
(146, 4, 6, 4, NULL, 3, '2020-11-25 13:25:19', NULL, NULL, 0),
(148, 4, 6, 4, NULL, 3, '2020-11-25 13:32:21', NULL, NULL, 0),
(149, 4, 6, 4, NULL, 3, '2020-11-25 13:33:10', NULL, NULL, 0),
(150, 4, 6, 4, NULL, 3, '2020-11-25 13:34:53', NULL, NULL, 0),
(151, 4, 6, 4, NULL, 3, '2020-11-25 13:36:28', NULL, NULL, 0),
(152, 4, 6, 4, NULL, 3, '2020-11-25 13:37:35', NULL, NULL, 0),
(153, 4, 6, 4, NULL, 3, '2020-11-25 13:38:07', NULL, NULL, 0),
(154, 4, 6, 4, NULL, 3, '2020-11-25 13:38:20', NULL, NULL, 0),
(155, 4, 6, 4, NULL, 3, '2020-11-25 13:38:51', NULL, NULL, 0),
(156, 4, 6, 4, NULL, 3, '2020-11-25 13:48:39', NULL, NULL, 0),
(157, 4, 6, 4, NULL, 3, '2020-11-25 13:52:24', NULL, NULL, 0),
(158, 4, 6, 4, NULL, 3, '2020-11-25 13:52:24', NULL, NULL, 0),
(159, 4, 6, 4, NULL, 3, '2020-11-25 13:56:17', NULL, NULL, 0),
(160, 4, 6, 4, NULL, 3, '2020-11-25 13:57:42', NULL, NULL, 0),
(161, 4, 6, 4, NULL, 3, '2020-11-25 14:01:05', NULL, NULL, 0),
(162, 4, 6, 4, NULL, 3, '2020-11-25 14:16:11', NULL, NULL, 0),
(163, 4, 6, 4, NULL, 3, '2020-11-25 14:21:52', NULL, NULL, 0),
(164, 4, 6, 4, NULL, 3, '2020-11-25 14:22:58', NULL, NULL, 0),
(165, 4, 6, 4, NULL, 3, '2020-11-25 14:28:23', NULL, NULL, 0),
(166, 4, 6, 4, NULL, 3, '2020-11-25 14:36:16', NULL, NULL, 0),
(167, 4, 6, 4, NULL, 3, '2020-11-25 14:38:56', NULL, NULL, 0),
(168, 4, 6, 4, NULL, 3, '2020-11-25 14:41:49', NULL, NULL, 0),
(169, 4, 6, 4, NULL, 3, '2020-11-25 15:03:36', NULL, NULL, 0),
(170, 4, 6, 4, NULL, 3, '2020-11-25 15:05:00', NULL, NULL, 0),
(171, 4, 6, 4, NULL, 3, '2020-11-25 15:06:42', NULL, NULL, 0),
(172, 4, 6, 4, NULL, 3, '2020-11-25 15:07:06', NULL, NULL, 0),
(173, 4, 6, 4, NULL, 3, '2020-11-25 15:10:05', NULL, NULL, 0),
(174, 4, 6, 4, NULL, 3, '2020-11-25 15:15:14', NULL, NULL, 0),
(175, 4, 6, 4, NULL, 3, '2020-11-25 16:18:03', NULL, NULL, 0),
(176, 4, 6, 4, NULL, 3, '2020-11-26 02:07:36', NULL, NULL, 0),
(177, 4, 6, 4, NULL, 3, '2020-11-26 02:09:36', NULL, NULL, 0),
(178, 1, 6, 4, NULL, 3, '2020-11-26 02:15:27', NULL, NULL, 0),
(179, 1, 6, 4, NULL, 3, '2020-11-26 02:15:39', NULL, NULL, 0),
(180, 1, 6, 4, NULL, 3, '2020-11-26 02:17:09', NULL, NULL, 0),
(181, 1, 6, 4, NULL, 3, '2020-11-26 02:22:57', NULL, NULL, 0),
(182, 4, 6, 4, NULL, 3, '2020-11-26 02:23:10', NULL, NULL, 0),
(183, 1, 6, 4, NULL, 3, '2020-11-26 02:24:23', NULL, NULL, 0),
(184, 1, 6, 4, NULL, 3, '2020-11-26 02:41:09', NULL, NULL, 0),
(185, 4, 6, 4, NULL, 3, '2020-12-03 15:05:45', NULL, NULL, 0),
(186, 4, 6, 4, NULL, 3, '2020-12-08 04:05:07', NULL, NULL, 0),
(187, 4, 6, 4, NULL, 3, '2020-12-08 04:05:57', NULL, NULL, 0),
(188, 4, 6, 4, NULL, 3, '2020-12-08 04:07:54', NULL, NULL, 0),
(189, 4, 6, 4, NULL, 3, '2020-12-08 04:09:14', NULL, NULL, 0),
(190, 4, 6, 4, NULL, 3, '2020-12-08 04:11:01', NULL, NULL, 0),
(191, 4, 6, 4, NULL, 3, '2020-12-08 04:13:08', NULL, NULL, 0),
(192, 4, 6, 4, NULL, 3, '2020-12-08 04:13:34', NULL, NULL, 0),
(193, 4, 6, 4, NULL, 3, '2020-12-08 04:14:00', NULL, NULL, 0),
(194, 4, 6, 4, NULL, 3, '2020-12-08 04:16:45', NULL, NULL, 0),
(195, 4, 6, 4, NULL, 3, '2020-12-08 04:19:12', NULL, NULL, 0),
(196, 4, 6, 4, NULL, 3, '2020-12-08 04:33:37', NULL, NULL, 0),
(197, 4, 6, 4, NULL, 3, '2020-12-08 04:39:50', NULL, NULL, 0),
(198, 1, 6, 4, NULL, 3, '2020-12-08 04:40:44', NULL, NULL, 0),
(199, 4, 6, 4, NULL, 3, '2020-12-08 04:41:30', NULL, NULL, 0),
(200, 1, 6, 4, NULL, 3, '2020-12-08 05:04:07', NULL, NULL, 0),
(201, 1, 6, 4, NULL, 3, '2020-12-08 05:06:15', NULL, NULL, 0),
(202, 1, 6, 4, NULL, 3, '2020-12-08 05:07:36', NULL, NULL, 0),
(203, 1, 6, 4, NULL, 3, '2020-12-08 05:23:05', NULL, NULL, 0),
(204, 1, 6, 4, NULL, 3, '2020-12-08 05:25:18', NULL, NULL, 0),
(205, 4, 6, 4, NULL, 3, '2020-12-08 05:49:22', NULL, NULL, 0),
(206, 4, 6, 4, NULL, 3, '2020-12-08 05:50:09', NULL, NULL, 0),
(207, 4, 6, 4, NULL, 3, '2020-12-08 06:02:55', NULL, NULL, 0),
(208, 1, 6, 4, NULL, 3, '2020-12-08 06:08:15', NULL, NULL, 0),
(209, 4, 6, 4, NULL, 3, '2020-12-08 06:10:30', NULL, NULL, 0),
(210, 1, 6, 4, NULL, 3, '2020-12-08 06:14:17', NULL, NULL, 0),
(211, 4, 6, 4, NULL, 3, '2020-12-08 06:15:39', NULL, NULL, 0),
(212, 4, 6, 4, NULL, 3, '2020-12-08 06:16:34', NULL, NULL, 0),
(213, 4, 6, 4, NULL, 3, '2020-12-08 06:20:19', NULL, NULL, 0),
(214, 4, 6, 4, NULL, 3, '2020-12-08 06:26:50', NULL, NULL, 0),
(215, 4, 6, 4, NULL, 3, '2020-12-08 06:28:23', NULL, NULL, 0),
(216, 1, 6, 4, NULL, 3, '2020-12-08 07:52:40', NULL, NULL, 0),
(217, 4, 6, 4, NULL, 3, '2020-12-08 07:59:53', NULL, NULL, 0),
(218, 4, 6, 4, NULL, 3, '2020-12-08 08:02:01', NULL, NULL, 0),
(219, 4, 6, 4, NULL, 3, '2020-12-08 08:04:30', NULL, NULL, 0),
(220, 4, 6, 4, NULL, 3, '2020-12-08 08:07:36', NULL, NULL, 0),
(221, 4, 6, 4, NULL, 3, '2020-12-08 08:07:49', NULL, NULL, 0),
(222, 4, 6, 4, NULL, 3, '2020-12-10 09:11:29', NULL, NULL, 0),
(223, 4, 6, 4, NULL, 3, '2020-12-10 11:44:31', NULL, NULL, 0),
(224, 4, 6, 4, NULL, 3, '2020-12-10 11:44:58', NULL, NULL, 0),
(225, 4, 6, 4, NULL, 3, '2020-12-16 08:38:40', NULL, NULL, 0),
(226, 1, 6, 4, NULL, 3, '2020-12-16 08:44:55', NULL, NULL, 0),
(227, 1, 6, 4, NULL, 3, '2020-12-16 08:55:37', NULL, NULL, 0),
(228, 1, 6, 4, NULL, 3, '2020-12-16 09:23:26', NULL, NULL, 0),
(229, 1, 6, 4, NULL, 3, '2020-12-16 09:44:49', NULL, NULL, 0),
(230, 1, 6, 4, NULL, 3, '2020-12-16 09:47:31', NULL, NULL, 0),
(231, 1, 6, 4, NULL, 3, '2020-12-17 10:15:56', NULL, NULL, 0),
(232, 1, 6, 4, NULL, 2, '2020-12-17 15:58:54', NULL, NULL, 0),
(233, 1, 6, 4, NULL, 3, '2020-12-17 16:03:52', NULL, NULL, 0),
(234, 1, 6, 4, NULL, 3, '2020-12-17 16:10:43', NULL, NULL, 0),
(235, 1, 6, 4, NULL, 2, '2020-12-17 16:14:26', NULL, NULL, 0),
(236, 1, 6, 4, NULL, 2, '2020-12-17 16:15:06', NULL, NULL, 0),
(237, 1, 6, 4, NULL, 3, '2020-12-17 16:16:02', NULL, NULL, 0),
(238, 1, 6, 4, NULL, 3, '2020-12-17 16:16:15', NULL, NULL, 0),
(239, 1, 6, 4, NULL, 2, '2020-12-17 16:16:16', NULL, NULL, 0),
(240, 1, 6, 4, NULL, 2, '2020-12-17 16:20:16', NULL, NULL, 0),
(241, 1, 6, 4, NULL, 2, '2020-12-17 16:20:39', NULL, NULL, 0),
(242, 1, 6, 4, NULL, 2, '2020-12-17 16:23:43', NULL, NULL, 0),
(243, 1, 6, 4, NULL, 3, '2020-12-18 02:02:13', NULL, NULL, 0),
(244, 1, 6, 4, NULL, 3, '2020-12-18 02:45:53', NULL, NULL, 0),
(245, 1, 6, 4, NULL, 3, '2020-12-18 02:48:10', NULL, NULL, 0),
(246, 1, 6, 4, NULL, 3, '2020-12-18 02:49:04', NULL, NULL, 0),
(247, 1, 6, 4, NULL, 3, '2020-12-18 02:50:35', NULL, NULL, 0),
(248, 1, 6, 4, NULL, 3, '2020-12-18 03:05:05', NULL, NULL, 0),
(249, 1, 6, 4, NULL, 3, '2020-12-22 09:20:33', NULL, NULL, 0),
(250, 1, 6, 4, NULL, 3, '2020-12-22 09:23:20', NULL, NULL, 0),
(251, 1, 6, 4, NULL, 3, '2020-12-22 09:42:15', NULL, NULL, 0),
(252, 1, 6, 4, NULL, 3, '2020-12-22 09:44:41', NULL, NULL, 0),
(253, 1, 6, 4, NULL, 3, '2020-12-22 09:57:09', NULL, NULL, 0),
(254, 1, 6, 4, NULL, 3, '2020-12-22 10:17:54', NULL, NULL, 0),
(255, 1, 6, 4, NULL, 3, '2020-12-23 09:17:33', NULL, NULL, 0),
(256, 1, 6, 4, NULL, 3, '2020-12-23 09:37:01', NULL, NULL, 0),
(257, 1, 6, 4, NULL, 3, '2020-12-23 09:44:46', NULL, NULL, 0),
(258, 1, 6, 4, NULL, 3, '2020-12-24 02:42:44', NULL, NULL, 0),
(259, 1, 6, 4, NULL, 3, '2020-12-24 02:43:14', NULL, NULL, 0),
(260, 1, 6, 4, 1, 2, '2020-12-24 11:37:16', NULL, NULL, 0),
(261, 1, 6, 4, 2, 2, '2020-12-24 11:38:38', NULL, NULL, 0),
(262, 1, 6, 4, NULL, 3, '2020-12-25 02:17:00', NULL, NULL, 0),
(263, 1, 6, 4, NULL, 3, '2020-12-25 02:22:46', NULL, NULL, 0),
(264, 1, 6, 4, NULL, 3, '2020-12-25 02:27:10', NULL, NULL, 0),
(265, 1, 6, 4, NULL, 3, '2020-12-25 02:29:08', NULL, NULL, 0),
(266, 1, 6, 4, NULL, 3, '2020-12-25 02:31:37', NULL, NULL, 0),
(267, 1, 6, 4, NULL, 3, '2020-12-25 02:32:44', NULL, NULL, 0),
(268, 1, 6, 4, NULL, 3, '2020-12-25 02:39:26', NULL, NULL, 0),
(269, 1, 6, 4, NULL, 3, '2020-12-25 02:45:43', NULL, NULL, 0),
(270, 1, 6, 4, NULL, 3, '2020-12-25 02:52:06', NULL, NULL, 0),
(271, 1, 6, 4, NULL, 3, '2020-12-25 03:07:06', NULL, NULL, 0),
(272, 1, 6, 4, NULL, 3, '2020-12-25 03:34:17', NULL, NULL, 0),
(273, 1, 6, 4, NULL, 3, '2020-12-25 03:55:36', NULL, NULL, 0),
(274, 1, 6, 4, NULL, 3, '2020-12-31 02:17:04', NULL, NULL, 0),
(275, 1, 6, 4, NULL, 3, '2020-12-31 02:18:50', NULL, NULL, 0),
(276, 1, 6, 4, NULL, 3, '2020-12-31 02:29:00', NULL, NULL, 0),
(277, 1, 6, 4, NULL, 3, '2020-12-31 02:30:09', NULL, NULL, 0),
(278, 1, 6, 4, NULL, 3, '2020-12-31 02:52:26', NULL, NULL, 0),
(279, 1, 6, 4, NULL, 3, '2020-12-31 02:53:34', NULL, NULL, 0),
(280, 1, 6, 4, NULL, 3, '2021-01-03 14:11:21', NULL, NULL, 0),
(281, 1, 6, 4, NULL, 3, '2021-01-03 14:21:23', NULL, NULL, 0),
(282, 1, 6, 4, NULL, 3, '2021-01-03 14:40:32', NULL, NULL, 0),
(283, 1, 6, 4, NULL, 3, '2021-01-03 14:50:50', NULL, NULL, 0),
(284, 1, 6, 4, NULL, 3, '2021-01-03 14:52:06', NULL, NULL, 0),
(285, 1, 6, 4, NULL, 3, '2021-01-03 14:53:16', NULL, NULL, 0),
(286, 1, 6, 4, NULL, 3, '2021-01-03 15:00:03', NULL, NULL, 0),
(287, 1, 6, 4, NULL, 3, '2021-01-03 15:02:54', NULL, NULL, 0),
(288, 1, 6, 4, NULL, 3, '2021-01-03 15:03:32', NULL, NULL, 0),
(289, 1, 6, 4, NULL, 3, '2021-01-03 15:04:21', NULL, NULL, 0),
(290, 1, 6, 4, NULL, 3, '2021-01-03 15:06:03', NULL, NULL, 0),
(291, 1, 6, 4, NULL, 3, '2021-01-03 15:09:40', NULL, NULL, 0),
(292, 1, 6, 4, NULL, 3, '2021-01-03 15:10:39', NULL, NULL, 0),
(293, 1, 6, 4, NULL, 3, '2021-01-03 15:12:34', NULL, NULL, 0),
(294, 1, 6, 4, NULL, 3, '2021-01-03 15:19:00', NULL, NULL, 0),
(295, 1, 6, 4, NULL, 3, '2021-01-03 15:21:19', NULL, NULL, 0),
(296, 1, 6, 4, NULL, 3, '2021-01-03 15:22:28', NULL, NULL, 0),
(297, 1, 6, 4, NULL, 3, '2021-01-03 15:23:05', NULL, NULL, 0),
(298, 1, 6, 4, NULL, 3, '2021-01-03 15:26:06', NULL, NULL, 0),
(299, 1, 6, 4, NULL, 3, '2021-01-03 15:28:31', NULL, NULL, 0),
(300, 1, 6, 4, NULL, 3, '2021-01-03 15:31:18', NULL, NULL, 0),
(301, 1, 6, 4, NULL, 3, '2021-01-03 15:36:44', NULL, NULL, 0),
(302, 1, 6, 4, NULL, 3, '2021-01-03 15:45:23', NULL, NULL, 0),
(303, 1, 6, 4, NULL, 3, '2021-01-03 15:45:46', NULL, NULL, 0),
(304, 1, 6, 4, NULL, 3, '2021-01-03 15:46:23', NULL, NULL, 0),
(305, 1, 6, 4, NULL, 3, '2021-01-03 15:47:52', NULL, NULL, 0),
(306, 1, 6, 4, NULL, 3, '2021-01-03 15:49:10', NULL, NULL, 0),
(307, 1, 6, 4, NULL, 3, '2021-01-03 15:50:00', NULL, NULL, 0),
(308, 1, 6, 4, NULL, 3, '2021-01-03 15:50:27', NULL, NULL, 0),
(309, 1, 6, 4, NULL, 3, '2021-01-03 15:50:58', NULL, NULL, 0),
(310, 1, 6, 4, NULL, 3, '2021-01-03 15:51:25', NULL, NULL, 0),
(311, 1, 6, 4, NULL, 3, '2021-01-03 15:52:17', NULL, NULL, 0),
(312, 1, 6, 4, NULL, 3, '2021-01-03 15:56:18', NULL, NULL, 0),
(313, 1, 6, 4, NULL, 3, '2021-01-03 16:04:41', NULL, NULL, 0),
(314, 1, 6, 4, NULL, 3, '2021-01-03 16:05:34', NULL, NULL, 0),
(315, 1, 6, 4, NULL, 3, '2021-01-03 16:06:24', NULL, NULL, 0),
(316, 1, 6, 4, NULL, 3, '2021-01-03 16:09:07', NULL, NULL, 0),
(317, 1, 6, 4, NULL, 3, '2021-01-03 16:09:37', NULL, NULL, 0),
(318, 1, 6, 4, NULL, 3, '2021-01-03 16:10:04', NULL, NULL, 0),
(319, 1, 6, 4, NULL, 3, '2021-01-03 16:12:51', NULL, NULL, 0),
(320, 1, 6, 4, NULL, 3, '2021-01-03 16:14:41', NULL, NULL, 0),
(321, 1, 6, 4, NULL, 3, '2021-01-03 16:14:57', NULL, NULL, 0),
(322, 1, 6, 4, NULL, 3, '2021-01-03 16:17:03', NULL, NULL, 0),
(323, 1, 6, 4, NULL, 3, '2021-01-03 16:17:41', NULL, NULL, 0),
(324, 1, 6, 4, NULL, 3, '2021-01-03 16:18:14', NULL, NULL, 0),
(325, 1, 6, 4, NULL, 3, '2021-01-04 01:47:58', NULL, NULL, 0),
(326, 1, 6, 4, NULL, 3, '2021-01-04 01:49:03', NULL, NULL, 0),
(327, 1, 6, 4, NULL, 3, '2021-01-04 01:52:28', NULL, NULL, 0),
(328, 1, 6, 4, NULL, 3, '2021-01-04 01:52:41', NULL, NULL, 0),
(329, 1, 6, 4, NULL, 3, '2021-01-04 01:53:12', NULL, NULL, 0),
(330, 1, 6, 4, NULL, 3, '2021-01-04 01:53:57', NULL, NULL, 0),
(331, 1, 6, 4, NULL, 3, '2021-01-04 02:04:32', NULL, NULL, 0),
(332, 1, 6, 4, NULL, 3, '2021-01-04 02:07:28', NULL, NULL, 0),
(333, 1, 6, 4, NULL, 3, '2021-01-04 02:20:00', NULL, NULL, 0),
(334, 1, 6, 4, NULL, 3, '2021-01-04 02:21:28', NULL, NULL, 0),
(335, 1, 6, 4, NULL, 3, '2021-01-04 02:22:59', NULL, NULL, 0),
(336, 1, 6, 4, NULL, 3, '2021-01-04 02:24:33', NULL, NULL, 0),
(337, 1, 6, 4, NULL, 3, '2021-01-04 02:24:52', NULL, NULL, 0),
(338, 1, 6, 4, 1, 3, '2021-01-04 02:27:24', NULL, NULL, 0),
(339, 1, 6, 4, 1, 3, '2021-01-04 02:29:59', NULL, NULL, 0),
(340, 1, 6, 4, 1, 3, '2021-01-04 02:39:20', NULL, NULL, 0),
(341, 1, 6, 4, 3, 3, '2021-01-04 02:45:30', NULL, NULL, 0),
(342, 1, 6, 4, 2, 3, '2021-01-04 02:46:53', NULL, NULL, 0),
(343, 1, 6, 4, 2, 3, '2021-01-04 02:52:29', NULL, NULL, 0),
(344, 1, 6, 4, 2, 3, '2021-01-04 02:58:31', NULL, NULL, 0),
(345, 1, 6, 4, 2, 3, '2021-01-04 02:59:26', NULL, NULL, 0),
(346, 1, 6, 4, 2, 3, '2021-01-04 02:59:53', NULL, NULL, 0),
(347, 1, 6, 4, 2, 3, '2021-01-04 03:01:13', NULL, NULL, 0),
(348, 1, 6, 4, 2, 3, '2021-01-04 03:02:12', NULL, NULL, 0),
(349, 1, 6, 4, 3, 3, '2021-01-04 03:02:46', NULL, NULL, 0),
(350, 1, 6, 4, 3, 3, '2021-01-04 03:03:59', NULL, NULL, 0),
(351, 1, 6, 4, 0, 3, '2021-01-04 03:04:37', NULL, NULL, 0),
(352, 1, 6, 4, 0, 3, '2021-01-04 03:09:25', NULL, NULL, 0),
(353, 1, 6, 4, 0, 3, '2021-01-04 03:12:49', NULL, NULL, 0),
(354, 1, 6, 4, 201, 3, '2021-01-04 03:14:22', NULL, NULL, 0),
(355, 1, 6, 4, 202, 3, '2021-01-04 03:21:53', NULL, NULL, 0),
(356, 1, 6, 4, 203, 3, '2021-01-04 03:24:50', NULL, NULL, 0),
(357, 1, 6, 4, 204, 3, '2021-01-04 03:26:21', NULL, NULL, 0),
(358, 1, 6, 4, 205, 3, '2021-01-04 03:27:52', NULL, NULL, 0),
(359, 1, 6, 4, 206, 3, '2021-01-04 03:28:59', NULL, NULL, 0),
(360, 1, 6, 4, 207, 3, '2021-01-04 03:30:40', NULL, NULL, 0),
(361, 1, 6, 4, 208, 3, '2021-01-04 03:36:57', NULL, NULL, 0),
(362, 1, 6, 4, 209, 3, '2021-01-04 03:44:58', NULL, NULL, 0),
(363, 1, 6, 4, 210, 3, '2021-01-04 04:26:27', NULL, NULL, 0),
(364, 1, 6, 4, 211, 3, '2021-01-04 04:28:57', NULL, NULL, 0);

-- --------------------------------------------------------

--
-- Table structure for table `quizcontent`
--
-- Creation: Oct 23, 2020 at 11:56 AM
-- Last update: Jan 04, 2021 at 04:29 AM
--

CREATE TABLE `quizcontent` (
  `ID` int NOT NULL,
  `Quiz` int NOT NULL,
  `QuestionID` int NOT NULL,
  `CreatedBy` int NOT NULL,
  `CreatedAt` datetime NOT NULL DEFAULT CURRENT_TIMESTAMP,
  `UpdatedBy` int DEFAULT NULL,
  `UpdatedAt` datetime DEFAULT NULL ON UPDATE CURRENT_TIMESTAMP,
  `IsDeleted` int DEFAULT '0'
) ENGINE=InnoDB DEFAULT CHARSET=utf8 COLLATE=utf8_unicode_ci;

--
-- Dumping data for table `quizcontent`
--

INSERT INTO `quizcontent` (`ID`, `Quiz`, `QuestionID`, `CreatedBy`, `CreatedAt`, `UpdatedBy`, `UpdatedAt`, `IsDeleted`) VALUES
(595, 102, 29, 3, '2020-11-23 09:10:17', NULL, NULL, 0),
(596, 102, 27, 3, '2020-11-23 09:10:17', NULL, NULL, 0),
(597, 102, 28, 3, '2020-11-23 09:10:17', NULL, NULL, 0),
(598, 102, 26, 3, '2020-11-23 09:10:17', NULL, NULL, 0),
(599, 102, 36, 3, '2020-11-23 09:10:17', NULL, NULL, 0),
(600, 102, 33, 3, '2020-11-23 09:10:17', NULL, NULL, 0),
(601, 102, 32, 3, '2020-11-23 09:10:17', NULL, NULL, 0),
(602, 102, 39, 3, '2020-11-23 09:10:17', NULL, NULL, 0),
(603, 102, 41, 3, '2020-11-23 09:10:17', NULL, NULL, 0),
(604, 102, 38, 3, '2020-11-23 09:10:18', NULL, NULL, 0),
(605, 103, 13, 3, '2020-11-23 09:10:28', NULL, NULL, 0),
(606, 103, 23, 3, '2020-11-23 09:10:28', NULL, NULL, 0),
(607, 103, 24, 3, '2020-11-23 09:10:28', NULL, NULL, 0),
(608, 103, 19, 3, '2020-11-23 09:10:28', NULL, NULL, 0),
(609, 103, 20, 3, '2020-11-23 09:10:28', NULL, NULL, 0),
(610, 103, 27, 3, '2020-11-23 09:10:28', NULL, NULL, 0),
(611, 103, 26, 3, '2020-11-23 09:10:28', NULL, NULL, 0),
(612, 103, 29, 3, '2020-11-23 09:10:28', NULL, NULL, 0),
(613, 103, 12, 3, '2020-11-23 09:10:28', NULL, NULL, 0),
(614, 103, 36, 3, '2020-11-23 09:10:28', NULL, NULL, 0),
(615, 103, 40, 3, '2020-11-23 09:10:29', NULL, NULL, 0),
(616, 103, 37, 3, '2020-11-23 09:10:29', NULL, NULL, 0),
(617, 103, 30, 3, '2020-11-23 09:10:29', NULL, NULL, 0),
(618, 103, 31, 3, '2020-11-23 09:10:29', NULL, NULL, 0),
(619, 103, 38, 3, '2020-11-23 09:10:29', NULL, NULL, 0),
(620, 104, 13, 3, '2020-11-23 09:11:07', NULL, NULL, 0),
(621, 104, 19, 3, '2020-11-23 09:11:08', NULL, NULL, 0),
(622, 104, 23, 3, '2020-11-23 09:11:08', NULL, NULL, 0),
(623, 104, 17, 3, '2020-11-23 09:11:08', NULL, NULL, 0),
(624, 104, 20, 3, '2020-11-23 09:11:08', NULL, NULL, 0),
(625, 104, 27, 3, '2020-11-23 09:11:08', NULL, NULL, 0),
(626, 104, 26, 3, '2020-11-23 09:11:08', NULL, NULL, 0),
(627, 104, 35, 3, '2020-11-23 09:11:08', NULL, NULL, 0),
(628, 104, 29, 3, '2020-11-23 09:11:08', NULL, NULL, 0),
(629, 104, 34, 3, '2020-11-23 09:11:08', NULL, NULL, 0),
(630, 104, 33, 3, '2020-11-23 09:11:08', NULL, NULL, 0),
(631, 104, 37, 3, '2020-11-23 09:11:09', NULL, NULL, 0),
(632, 104, 32, 3, '2020-11-23 09:11:09', NULL, NULL, 0),
(633, 104, 14, 3, '2020-11-23 09:11:09', NULL, NULL, 0),
(634, 104, 39, 3, '2020-11-23 09:11:09', NULL, NULL, 0),
(635, 105, 21, 3, '2020-11-23 09:12:13', NULL, NULL, 0),
(636, 105, 22, 3, '2020-11-23 09:12:13', NULL, NULL, 0),
(637, 105, 20, 3, '2020-11-23 09:12:13', NULL, NULL, 0),
(638, 105, 17, 3, '2020-11-23 09:12:13', NULL, NULL, 0),
(639, 105, 18, 3, '2020-11-23 09:12:13', NULL, NULL, 0),
(640, 105, 36, 3, '2020-11-23 09:12:13', NULL, NULL, 0),
(641, 105, 12, 3, '2020-11-23 09:12:13', NULL, NULL, 0),
(642, 105, 26, 3, '2020-11-23 09:12:13', NULL, NULL, 0),
(643, 105, 35, 3, '2020-11-23 09:12:13', NULL, NULL, 0),
(644, 105, 27, 3, '2020-11-23 09:12:13', NULL, NULL, 0),
(645, 105, 41, 3, '2020-11-23 09:12:14', NULL, NULL, 0),
(646, 105, 30, 3, '2020-11-23 09:12:14', NULL, NULL, 0),
(647, 105, 37, 3, '2020-11-23 09:12:14', NULL, NULL, 0),
(648, 105, 32, 3, '2020-11-23 09:12:14', NULL, NULL, 0),
(649, 105, 39, 3, '2020-11-23 09:12:14', NULL, NULL, 0),
(650, 106, 17, 3, '2020-11-23 09:12:18', NULL, NULL, 0),
(651, 106, 23, 3, '2020-11-23 09:12:18', NULL, NULL, 0),
(652, 106, 13, 3, '2020-11-23 09:12:18', NULL, NULL, 0),
(653, 106, 19, 3, '2020-11-23 09:12:18', NULL, NULL, 0),
(654, 106, 22, 3, '2020-11-23 09:12:18', NULL, NULL, 0),
(655, 106, 26, 3, '2020-11-23 09:12:18', NULL, NULL, 0),
(656, 106, 28, 3, '2020-11-23 09:12:18', NULL, NULL, 0),
(657, 106, 29, 3, '2020-11-23 09:12:18', NULL, NULL, 0),
(658, 106, 12, 3, '2020-11-23 09:12:18', NULL, NULL, 0),
(659, 106, 27, 3, '2020-11-23 09:12:18', NULL, NULL, 0),
(660, 106, 41, 3, '2020-11-23 09:12:19', NULL, NULL, 0),
(661, 106, 39, 3, '2020-11-23 09:12:19', NULL, NULL, 0),
(662, 106, 32, 3, '2020-11-23 09:12:19', NULL, NULL, 0),
(663, 106, 14, 3, '2020-11-23 09:12:19', NULL, NULL, 0),
(664, 106, 38, 3, '2020-11-23 09:12:19', NULL, NULL, 0),
(665, 107, 17, 3, '2020-11-23 09:13:28', NULL, NULL, 0),
(666, 107, 21, 3, '2020-11-23 09:13:29', NULL, NULL, 0),
(667, 107, 19, 3, '2020-11-23 09:13:29', NULL, NULL, 0),
(668, 107, 24, 3, '2020-11-23 09:13:29', NULL, NULL, 0),
(669, 107, 12, 3, '2020-11-23 09:13:29', NULL, NULL, 0),
(670, 107, 26, 3, '2020-11-23 09:13:29', NULL, NULL, 0),
(671, 107, 29, 3, '2020-11-23 09:13:29', NULL, NULL, 0),
(672, 108, 23, 3, '2020-11-23 09:18:29', NULL, NULL, 0),
(673, 108, 21, 3, '2020-11-23 09:18:29', NULL, NULL, 0),
(674, 108, 24, 3, '2020-11-23 09:18:29', NULL, NULL, 0),
(675, 108, 22, 3, '2020-11-23 09:18:29', NULL, NULL, 0),
(676, 108, 19, 3, '2020-11-23 09:18:29', NULL, NULL, 0),
(677, 108, 12, 3, '2020-11-23 09:18:29', NULL, NULL, 0),
(678, 108, 27, 3, '2020-11-23 09:18:29', NULL, NULL, 0),
(679, 108, 36, 3, '2020-11-23 09:18:29', NULL, NULL, 0),
(680, 108, 26, 3, '2020-11-23 09:18:29', NULL, NULL, 0),
(681, 108, 28, 3, '2020-11-23 09:18:29', NULL, NULL, 0),
(682, 108, 32, 3, '2020-11-23 09:18:29', NULL, NULL, 0),
(683, 108, 14, 3, '2020-11-23 09:18:30', NULL, NULL, 0),
(684, 108, 31, 3, '2020-11-23 09:18:30', NULL, NULL, 0),
(685, 108, 33, 3, '2020-11-23 09:18:30', NULL, NULL, 0),
(686, 108, 39, 3, '2020-11-23 09:18:30', NULL, NULL, 0),
(687, 109, 13, 3, '2020-11-23 09:21:11', NULL, NULL, 0),
(688, 109, 23, 3, '2020-11-23 09:21:11', NULL, NULL, 0),
(689, 109, 17, 3, '2020-11-23 09:21:11', NULL, NULL, 0),
(690, 109, 19, 3, '2020-11-23 09:21:11', NULL, NULL, 0),
(691, 109, 18, 3, '2020-11-23 09:21:11', NULL, NULL, 0),
(692, 109, 28, 3, '2020-11-23 09:21:11', NULL, NULL, 0),
(693, 109, 27, 3, '2020-11-23 09:21:11', NULL, NULL, 0),
(694, 109, 26, 3, '2020-11-23 09:21:12', NULL, NULL, 0),
(695, 109, 29, 3, '2020-11-23 09:21:12', NULL, NULL, 0),
(696, 109, 35, 3, '2020-11-23 09:21:12', NULL, NULL, 0),
(697, 109, 32, 3, '2020-11-23 09:21:12', NULL, NULL, 0),
(698, 109, 31, 3, '2020-11-23 09:21:12', NULL, NULL, 0),
(699, 109, 14, 3, '2020-11-23 09:21:12', NULL, NULL, 0),
(700, 109, 30, 3, '2020-11-23 09:21:12', NULL, NULL, 0),
(701, 109, 38, 3, '2020-11-23 09:21:12', NULL, NULL, 0),
(702, 110, 13, 3, '2020-11-23 09:31:12', NULL, NULL, 0),
(703, 110, 17, 3, '2020-11-23 09:31:12', NULL, NULL, 0),
(704, 110, 18, 3, '2020-11-23 09:31:12', NULL, NULL, 0),
(705, 110, 20, 3, '2020-11-23 09:31:12', NULL, NULL, 0),
(706, 110, 22, 3, '2020-11-23 09:31:12', NULL, NULL, 0),
(707, 110, 12, 3, '2020-11-23 09:31:13', NULL, NULL, 0),
(708, 110, 29, 3, '2020-11-23 09:31:13', NULL, NULL, 0),
(709, 110, 35, 3, '2020-11-23 09:31:13', NULL, NULL, 0),
(710, 110, 27, 3, '2020-11-23 09:31:13', NULL, NULL, 0),
(711, 110, 28, 3, '2020-11-23 09:31:13', NULL, NULL, 0),
(712, 110, 14, 3, '2020-11-23 09:31:13', NULL, NULL, 0),
(713, 110, 39, 3, '2020-11-23 09:31:13', NULL, NULL, 0),
(714, 110, 41, 3, '2020-11-23 09:31:13', NULL, NULL, 0),
(715, 110, 37, 3, '2020-11-23 09:31:13', NULL, NULL, 0),
(716, 110, 32, 3, '2020-11-23 09:31:13', NULL, NULL, 0),
(717, 111, 17, 3, '2020-11-23 09:40:12', NULL, NULL, 0),
(718, 111, 24, 3, '2020-11-23 09:40:13', NULL, NULL, 0),
(719, 111, 18, 3, '2020-11-23 09:40:13', NULL, NULL, 0),
(720, 111, 23, 3, '2020-11-23 09:40:13', NULL, NULL, 0),
(721, 111, 22, 3, '2020-11-23 09:40:13', NULL, NULL, 0),
(722, 111, 29, 3, '2020-11-23 09:40:13', NULL, NULL, 0),
(723, 111, 12, 3, '2020-11-23 09:40:13', NULL, NULL, 0),
(724, 111, 26, 3, '2020-11-23 09:40:13', NULL, NULL, 0),
(725, 111, 27, 3, '2020-11-23 09:40:13', NULL, NULL, 0),
(726, 111, 28, 3, '2020-11-23 09:40:13', NULL, NULL, 0),
(727, 111, 39, 3, '2020-11-23 09:40:13', NULL, NULL, 0),
(728, 111, 30, 3, '2020-11-23 09:40:14', NULL, NULL, 0),
(729, 111, 14, 3, '2020-11-23 09:40:14', NULL, NULL, 0),
(730, 111, 40, 3, '2020-11-23 09:40:14', NULL, NULL, 0),
(731, 111, 38, 3, '2020-11-23 09:40:14', NULL, NULL, 0),
(732, 112, 22, 3, '2020-11-23 09:47:08', NULL, NULL, 0),
(733, 112, 17, 3, '2020-11-23 09:47:08', NULL, NULL, 0),
(734, 112, 13, 3, '2020-11-23 09:47:08', NULL, NULL, 0),
(735, 112, 23, 3, '2020-11-23 09:47:08', NULL, NULL, 0),
(736, 112, 18, 3, '2020-11-23 09:47:08', NULL, NULL, 0),
(737, 112, 36, 3, '2020-11-23 09:47:08', NULL, NULL, 0),
(738, 112, 34, 3, '2020-11-23 09:47:08', NULL, NULL, 0),
(739, 112, 12, 3, '2020-11-23 09:47:08', NULL, NULL, 0),
(740, 112, 28, 3, '2020-11-23 09:47:08', NULL, NULL, 0),
(741, 112, 29, 3, '2020-11-23 09:47:09', NULL, NULL, 0),
(742, 112, 32, 3, '2020-11-23 09:47:09', NULL, NULL, 0),
(743, 112, 37, 3, '2020-11-23 09:47:09', NULL, NULL, 0),
(744, 112, 33, 3, '2020-11-23 09:47:09', NULL, NULL, 0),
(745, 112, 31, 3, '2020-11-23 09:47:09', NULL, NULL, 0),
(746, 112, 38, 3, '2020-11-23 09:47:09', NULL, NULL, 0),
(747, 113, 20, 3, '2020-11-23 09:50:25', NULL, NULL, 0),
(748, 113, 22, 3, '2020-11-23 09:50:26', NULL, NULL, 0),
(749, 113, 23, 3, '2020-11-23 09:50:26', NULL, NULL, 0),
(750, 113, 13, 3, '2020-11-23 09:50:26', NULL, NULL, 0),
(751, 113, 21, 3, '2020-11-23 09:50:26', NULL, NULL, 0),
(752, 113, 12, 3, '2020-11-23 09:50:26', NULL, NULL, 0),
(753, 113, 29, 3, '2020-11-23 09:50:26', NULL, NULL, 0),
(754, 113, 28, 3, '2020-11-23 09:50:26', NULL, NULL, 0),
(755, 113, 36, 3, '2020-11-23 09:50:26', NULL, NULL, 0),
(756, 113, 26, 3, '2020-11-23 09:50:26', NULL, NULL, 0),
(757, 113, 32, 3, '2020-11-23 09:50:26', NULL, NULL, 0),
(758, 113, 31, 3, '2020-11-23 09:50:27', NULL, NULL, 0),
(759, 113, 33, 3, '2020-11-23 09:50:27', NULL, NULL, 0),
(760, 113, 14, 3, '2020-11-23 09:50:27', NULL, NULL, 0),
(761, 113, 40, 3, '2020-11-23 09:50:27', NULL, NULL, 0),
(762, 114, 13, 3, '2020-11-23 10:00:41', NULL, NULL, 0),
(763, 114, 36, 3, '2020-11-23 10:00:41', NULL, NULL, 0),
(764, 114, 41, 3, '2020-11-23 10:00:41', NULL, NULL, 0),
(765, 114, 15, 3, '2020-11-23 10:00:41', NULL, NULL, 0),
(766, 114, 16, 3, '2020-11-23 10:00:41', NULL, NULL, 0),
(767, 115, 22, 3, '2020-11-23 10:08:28', NULL, NULL, 0),
(768, 115, 17, 3, '2020-11-23 10:08:28', NULL, NULL, 0),
(769, 115, 23, 3, '2020-11-23 10:08:28', NULL, NULL, 0),
(770, 115, 13, 3, '2020-11-23 10:08:29', NULL, NULL, 0),
(771, 115, 21, 3, '2020-11-23 10:08:29', NULL, NULL, 0),
(772, 115, 12, 3, '2020-11-23 10:08:29', NULL, NULL, 0),
(773, 115, 34, 3, '2020-11-23 10:08:29', NULL, NULL, 0),
(774, 115, 28, 3, '2020-11-23 10:08:29', NULL, NULL, 0),
(775, 115, 26, 3, '2020-11-23 10:08:29', NULL, NULL, 0),
(776, 115, 36, 3, '2020-11-23 10:08:29', NULL, NULL, 0),
(777, 115, 40, 3, '2020-11-23 10:08:29', NULL, NULL, 0),
(778, 115, 14, 3, '2020-11-23 10:08:29', NULL, NULL, 0),
(779, 115, 33, 3, '2020-11-23 10:08:29', NULL, NULL, 0),
(780, 115, 41, 3, '2020-11-23 10:08:30', NULL, NULL, 0),
(781, 115, 30, 3, '2020-11-23 10:08:30', NULL, NULL, 0),
(782, 116, 21, 2, '2020-11-23 13:40:24', NULL, NULL, 0),
(783, 116, 18, 2, '2020-11-23 13:40:25', NULL, NULL, 0),
(784, 116, 23, 2, '2020-11-23 13:40:25', NULL, NULL, 0),
(785, 116, 13, 2, '2020-11-23 13:40:25', NULL, NULL, 0),
(786, 116, 17, 2, '2020-11-23 13:40:25', NULL, NULL, 0),
(787, 116, 34, 2, '2020-11-23 13:40:25', NULL, NULL, 0),
(788, 116, 28, 2, '2020-11-23 13:40:25', NULL, NULL, 0),
(789, 116, 35, 2, '2020-11-23 13:40:25', NULL, NULL, 0),
(790, 116, 12, 2, '2020-11-23 13:40:25', NULL, NULL, 0),
(791, 116, 26, 2, '2020-11-23 13:40:25', NULL, NULL, 0),
(792, 116, 14, 2, '2020-11-23 13:40:26', NULL, NULL, 0),
(793, 116, 30, 2, '2020-11-23 13:40:26', NULL, NULL, 0),
(794, 116, 37, 2, '2020-11-23 13:40:26', NULL, NULL, 0),
(795, 116, 38, 2, '2020-11-23 13:40:26', NULL, NULL, 0),
(796, 116, 31, 2, '2020-11-23 13:40:26', NULL, NULL, 0),
(797, 117, 18, 2, '2020-11-23 13:44:50', NULL, NULL, 0),
(798, 117, 23, 2, '2020-11-23 13:44:50', NULL, NULL, 0),
(799, 117, 22, 2, '2020-11-23 13:44:50', NULL, NULL, 0),
(800, 117, 24, 2, '2020-11-23 13:44:50', NULL, NULL, 0),
(801, 117, 17, 2, '2020-11-23 13:44:50', NULL, NULL, 0),
(802, 117, 29, 2, '2020-11-23 13:44:51', NULL, NULL, 0),
(803, 117, 26, 2, '2020-11-23 13:44:51', NULL, NULL, 0),
(804, 117, 27, 2, '2020-11-23 13:44:51', NULL, NULL, 0),
(805, 117, 34, 2, '2020-11-23 13:44:51', NULL, NULL, 0),
(806, 117, 35, 2, '2020-11-23 13:44:51', NULL, NULL, 0),
(807, 117, 39, 2, '2020-11-23 13:44:51', NULL, NULL, 0),
(808, 117, 30, 2, '2020-11-23 13:44:51', NULL, NULL, 0),
(809, 117, 41, 2, '2020-11-23 13:44:51', NULL, NULL, 0),
(810, 117, 14, 2, '2020-11-23 13:44:51', NULL, NULL, 0),
(811, 117, 37, 2, '2020-11-23 13:44:51', NULL, NULL, 0),
(812, 118, 20, 2, '2020-11-23 13:45:30', NULL, NULL, 0),
(813, 118, 18, 2, '2020-11-23 13:45:31', NULL, NULL, 0),
(814, 118, 17, 2, '2020-11-23 13:45:31', NULL, NULL, 0),
(815, 118, 19, 2, '2020-11-23 13:45:31', NULL, NULL, 0),
(816, 118, 24, 2, '2020-11-23 13:45:31', NULL, NULL, 0),
(817, 118, 34, 2, '2020-11-23 13:45:31', NULL, NULL, 0),
(818, 118, 29, 2, '2020-11-23 13:45:31', NULL, NULL, 0),
(819, 118, 35, 2, '2020-11-23 13:45:31', NULL, NULL, 0),
(820, 118, 12, 2, '2020-11-23 13:45:31', NULL, NULL, 0),
(821, 118, 27, 2, '2020-11-23 13:45:31', NULL, NULL, 0),
(822, 118, 41, 2, '2020-11-23 13:45:32', NULL, NULL, 0),
(823, 118, 30, 2, '2020-11-23 13:45:32', NULL, NULL, 0),
(824, 118, 40, 2, '2020-11-23 13:45:32', NULL, NULL, 0),
(825, 118, 37, 2, '2020-11-23 13:45:32', NULL, NULL, 0),
(826, 118, 32, 2, '2020-11-23 13:45:32', NULL, NULL, 0),
(827, 119, 24, 2, '2020-11-23 13:52:37', NULL, NULL, 0),
(828, 119, 21, 2, '2020-11-23 13:52:38', NULL, NULL, 0),
(829, 119, 18, 2, '2020-11-23 13:52:38', NULL, NULL, 0),
(830, 119, 17, 2, '2020-11-23 13:52:38', NULL, NULL, 0),
(831, 119, 20, 2, '2020-11-23 13:52:38', NULL, NULL, 0),
(832, 119, 28, 2, '2020-11-23 13:52:38', NULL, NULL, 0),
(833, 119, 27, 2, '2020-11-23 13:52:38', NULL, NULL, 0),
(834, 119, 29, 2, '2020-11-23 13:52:38', NULL, NULL, 0),
(835, 119, 12, 2, '2020-11-23 13:52:38', NULL, NULL, 0),
(836, 119, 26, 2, '2020-11-23 13:52:38', NULL, NULL, 0),
(837, 119, 39, 2, '2020-11-23 13:52:39', NULL, NULL, 0),
(838, 119, 32, 2, '2020-11-23 13:52:39', NULL, NULL, 0),
(839, 119, 33, 2, '2020-11-23 13:52:39', NULL, NULL, 0),
(840, 119, 37, 2, '2020-11-23 13:52:39', NULL, NULL, 0),
(841, 119, 30, 2, '2020-11-23 13:52:39', NULL, NULL, 0),
(842, 120, 22, 2, '2020-11-23 13:54:27', NULL, NULL, 0),
(843, 120, 19, 2, '2020-11-23 13:54:27', NULL, NULL, 0),
(844, 120, 18, 2, '2020-11-23 13:54:27', NULL, NULL, 0),
(845, 120, 20, 2, '2020-11-23 13:54:27', NULL, NULL, 0),
(846, 120, 17, 2, '2020-11-23 13:54:27', NULL, NULL, 0),
(847, 120, 36, 2, '2020-11-23 13:54:28', NULL, NULL, 0),
(848, 120, 35, 2, '2020-11-23 13:54:28', NULL, NULL, 0),
(849, 120, 28, 2, '2020-11-23 13:54:28', NULL, NULL, 0),
(850, 120, 26, 2, '2020-11-23 13:54:28', NULL, NULL, 0),
(851, 120, 34, 2, '2020-11-23 13:54:28', NULL, NULL, 0),
(852, 120, 32, 2, '2020-11-23 13:54:28', NULL, NULL, 0),
(853, 120, 31, 2, '2020-11-23 13:54:28', NULL, NULL, 0),
(854, 120, 14, 2, '2020-11-23 13:54:28', NULL, NULL, 0),
(855, 120, 33, 2, '2020-11-23 13:54:28', NULL, NULL, 0),
(856, 120, 30, 2, '2020-11-23 13:54:28', NULL, NULL, 0),
(857, 121, 18, 2, '2020-11-23 14:01:23', NULL, NULL, 0),
(858, 121, 24, 2, '2020-11-23 14:01:24', NULL, NULL, 0),
(859, 121, 20, 2, '2020-11-23 14:01:24', NULL, NULL, 0),
(860, 121, 22, 2, '2020-11-23 14:01:24', NULL, NULL, 0),
(861, 121, 21, 2, '2020-11-23 14:01:24', NULL, NULL, 0),
(862, 121, 27, 2, '2020-11-23 14:01:24', NULL, NULL, 0),
(863, 121, 35, 2, '2020-11-23 14:01:24', NULL, NULL, 0),
(864, 121, 36, 2, '2020-11-23 14:01:24', NULL, NULL, 0),
(865, 121, 29, 2, '2020-11-23 14:01:24', NULL, NULL, 0),
(866, 121, 34, 2, '2020-11-23 14:01:24', NULL, NULL, 0),
(867, 121, 31, 2, '2020-11-23 14:01:24', NULL, NULL, 0),
(868, 121, 40, 2, '2020-11-23 14:01:25', NULL, NULL, 0),
(869, 121, 30, 2, '2020-11-23 14:01:25', NULL, NULL, 0),
(870, 121, 41, 2, '2020-11-23 14:01:25', NULL, NULL, 0),
(871, 121, 33, 2, '2020-11-23 14:01:25', NULL, NULL, 0),
(872, 122, 21, 2, '2020-11-23 14:04:07', NULL, NULL, 0),
(873, 122, 24, 2, '2020-11-23 14:04:07', NULL, NULL, 0),
(874, 122, 18, 2, '2020-11-23 14:04:07', NULL, NULL, 0),
(875, 122, 22, 2, '2020-11-23 14:04:07', NULL, NULL, 0),
(876, 122, 13, 2, '2020-11-23 14:04:07', NULL, NULL, 0),
(877, 122, 26, 2, '2020-11-23 14:04:08', NULL, NULL, 0),
(878, 122, 34, 2, '2020-11-23 14:04:08', NULL, NULL, 0),
(879, 122, 12, 2, '2020-11-23 14:04:08', NULL, NULL, 0),
(880, 122, 27, 2, '2020-11-23 14:04:08', NULL, NULL, 0),
(881, 122, 35, 2, '2020-11-23 14:04:08', NULL, NULL, 0),
(882, 122, 33, 2, '2020-11-23 14:04:08', NULL, NULL, 0),
(883, 122, 32, 2, '2020-11-23 14:04:08', NULL, NULL, 0),
(884, 122, 37, 2, '2020-11-23 14:04:08', NULL, NULL, 0),
(885, 122, 30, 2, '2020-11-23 14:04:08', NULL, NULL, 0),
(886, 122, 31, 2, '2020-11-23 14:04:08', NULL, NULL, 0),
(887, 123, 17, 2, '2020-11-23 14:04:38', NULL, NULL, 0),
(888, 123, 21, 2, '2020-11-23 14:04:38', NULL, NULL, 0),
(889, 123, 22, 2, '2020-11-23 14:04:38', NULL, NULL, 0),
(890, 123, 24, 2, '2020-11-23 14:04:38', NULL, NULL, 0),
(891, 123, 23, 2, '2020-11-23 14:04:38', NULL, NULL, 0),
(892, 123, 26, 2, '2020-11-23 14:04:38', NULL, NULL, 0),
(893, 123, 29, 2, '2020-11-23 14:04:39', NULL, NULL, 0),
(894, 123, 28, 2, '2020-11-23 14:04:39', NULL, NULL, 0),
(895, 123, 35, 2, '2020-11-23 14:04:39', NULL, NULL, 0),
(896, 123, 12, 2, '2020-11-23 14:04:39', NULL, NULL, 0),
(897, 123, 37, 2, '2020-11-23 14:04:39', NULL, NULL, 0),
(898, 123, 39, 2, '2020-11-23 14:04:39', NULL, NULL, 0),
(899, 123, 38, 2, '2020-11-23 14:04:39', NULL, NULL, 0),
(900, 123, 33, 2, '2020-11-23 14:04:39', NULL, NULL, 0),
(901, 123, 40, 2, '2020-11-23 14:04:39', NULL, NULL, 0),
(902, 124, 13, 2, '2020-11-23 14:05:38', NULL, NULL, 0),
(903, 124, 22, 2, '2020-11-23 14:05:38', NULL, NULL, 0),
(904, 124, 18, 2, '2020-11-23 14:05:38', NULL, NULL, 0),
(905, 124, 21, 2, '2020-11-23 14:05:39', NULL, NULL, 0),
(906, 124, 24, 2, '2020-11-23 14:05:39', NULL, NULL, 0),
(907, 124, 34, 2, '2020-11-23 14:05:39', NULL, NULL, 0),
(908, 124, 12, 2, '2020-11-23 14:05:39', NULL, NULL, 0),
(909, 124, 27, 2, '2020-11-23 14:05:39', NULL, NULL, 0),
(910, 124, 26, 2, '2020-11-23 14:05:39', NULL, NULL, 0),
(911, 124, 29, 2, '2020-11-23 14:05:39', NULL, NULL, 0),
(912, 124, 31, 2, '2020-11-23 14:05:39', NULL, NULL, 0),
(913, 124, 33, 2, '2020-11-23 14:05:39', NULL, NULL, 0),
(914, 124, 41, 2, '2020-11-23 14:05:39', NULL, NULL, 0),
(915, 124, 39, 2, '2020-11-23 14:05:40', NULL, NULL, 0),
(916, 124, 40, 2, '2020-11-23 14:05:40', NULL, NULL, 0),
(917, 125, 20, 2, '2020-11-23 14:08:37', NULL, NULL, 0),
(918, 125, 23, 2, '2020-11-23 14:08:37', NULL, NULL, 0),
(919, 125, 13, 2, '2020-11-23 14:08:37', NULL, NULL, 0),
(920, 125, 22, 2, '2020-11-23 14:08:37', NULL, NULL, 0),
(921, 125, 19, 2, '2020-11-23 14:08:38', NULL, NULL, 0),
(922, 125, 34, 2, '2020-11-23 14:08:38', NULL, NULL, 0),
(923, 125, 29, 2, '2020-11-23 14:08:38', NULL, NULL, 0),
(924, 125, 28, 2, '2020-11-23 14:08:38', NULL, NULL, 0),
(925, 125, 12, 2, '2020-11-23 14:08:38', NULL, NULL, 0),
(926, 125, 26, 2, '2020-11-23 14:08:38', NULL, NULL, 0),
(927, 125, 32, 2, '2020-11-23 14:08:38', NULL, NULL, 0),
(928, 125, 33, 2, '2020-11-23 14:08:38', NULL, NULL, 0),
(929, 125, 38, 2, '2020-11-23 14:08:38', NULL, NULL, 0),
(930, 125, 41, 2, '2020-11-23 14:08:38', NULL, NULL, 0),
(931, 125, 37, 2, '2020-11-23 14:08:39', NULL, NULL, 0),
(932, 126, 22, 2, '2020-11-23 14:11:33', NULL, NULL, 0),
(933, 126, 18, 2, '2020-11-23 14:11:33', NULL, NULL, 0),
(934, 126, 23, 2, '2020-11-23 14:11:33', NULL, NULL, 0),
(935, 126, 20, 2, '2020-11-23 14:11:33', NULL, NULL, 0),
(936, 126, 13, 2, '2020-11-23 14:11:33', NULL, NULL, 0),
(937, 126, 36, 2, '2020-11-23 14:11:33', NULL, NULL, 0),
(938, 126, 27, 2, '2020-11-23 14:11:33', NULL, NULL, 0),
(939, 126, 28, 2, '2020-11-23 14:11:34', NULL, NULL, 0),
(940, 126, 35, 2, '2020-11-23 14:11:34', NULL, NULL, 0),
(941, 126, 34, 2, '2020-11-23 14:11:34', NULL, NULL, 0),
(942, 126, 41, 2, '2020-11-23 14:11:34', NULL, NULL, 0),
(943, 126, 33, 2, '2020-11-23 14:11:34', NULL, NULL, 0),
(944, 126, 31, 2, '2020-11-23 14:11:34', NULL, NULL, 0),
(945, 126, 37, 2, '2020-11-23 14:11:34', NULL, NULL, 0),
(946, 126, 14, 2, '2020-11-23 14:11:34', NULL, NULL, 0),
(947, 127, 17, 2, '2020-11-23 14:11:50', NULL, NULL, 0),
(948, 127, 22, 2, '2020-11-23 14:11:50', NULL, NULL, 0),
(949, 127, 18, 2, '2020-11-23 14:11:50', NULL, NULL, 0),
(950, 127, 19, 2, '2020-11-23 14:11:50', NULL, NULL, 0),
(951, 127, 24, 2, '2020-11-23 14:11:50', NULL, NULL, 0),
(952, 127, 29, 2, '2020-11-23 14:11:50', NULL, NULL, 0),
(953, 127, 36, 2, '2020-11-23 14:11:51', NULL, NULL, 0),
(954, 127, 12, 2, '2020-11-23 14:11:51', NULL, NULL, 0),
(955, 127, 35, 2, '2020-11-23 14:11:51', NULL, NULL, 0),
(956, 127, 26, 2, '2020-11-23 14:11:51', NULL, NULL, 0),
(957, 127, 33, 2, '2020-11-23 14:11:51', NULL, NULL, 0),
(958, 127, 32, 2, '2020-11-23 14:11:51', NULL, NULL, 0),
(959, 127, 30, 2, '2020-11-23 14:11:51', NULL, NULL, 0),
(960, 127, 41, 2, '2020-11-23 14:11:51', NULL, NULL, 0),
(961, 127, 38, 2, '2020-11-23 14:11:51', NULL, NULL, 0),
(962, 128, 18, 2, '2020-11-23 14:19:39', NULL, NULL, 0),
(963, 128, 22, 2, '2020-11-23 14:19:39', NULL, NULL, 0),
(964, 128, 13, 2, '2020-11-23 14:19:39', NULL, NULL, 0),
(965, 128, 21, 2, '2020-11-23 14:19:39', NULL, NULL, 0),
(966, 128, 23, 2, '2020-11-23 14:19:40', NULL, NULL, 0),
(967, 128, 12, 2, '2020-11-23 14:19:40', NULL, NULL, 0),
(968, 128, 27, 2, '2020-11-23 14:19:40', NULL, NULL, 0),
(969, 128, 26, 2, '2020-11-23 14:19:40', NULL, NULL, 0),
(970, 128, 29, 2, '2020-11-23 14:19:40', NULL, NULL, 0),
(971, 128, 36, 2, '2020-11-23 14:19:40', NULL, NULL, 0),
(972, 128, 40, 2, '2020-11-23 14:19:40', NULL, NULL, 0),
(973, 128, 31, 2, '2020-11-23 14:19:40', NULL, NULL, 0),
(974, 128, 39, 2, '2020-11-23 14:19:40', NULL, NULL, 0),
(975, 128, 30, 2, '2020-11-23 14:19:40', NULL, NULL, 0),
(976, 128, 37, 2, '2020-11-23 14:19:41', NULL, NULL, 0),
(977, 129, 17, 2, '2020-11-24 02:32:12', NULL, NULL, 0),
(978, 129, 24, 2, '2020-11-24 02:32:12', NULL, NULL, 0),
(979, 129, 23, 2, '2020-11-24 02:32:12', NULL, NULL, 0),
(980, 129, 13, 2, '2020-11-24 02:32:12', NULL, NULL, 0),
(981, 129, 22, 2, '2020-11-24 02:32:12', NULL, NULL, 0),
(982, 129, 35, 2, '2020-11-24 02:32:12', NULL, NULL, 0),
(983, 129, 12, 2, '2020-11-24 02:32:12', NULL, NULL, 0),
(984, 129, 36, 2, '2020-11-24 02:32:12', NULL, NULL, 0),
(985, 129, 26, 2, '2020-11-24 02:32:13', NULL, NULL, 0),
(986, 129, 28, 2, '2020-11-24 02:32:13', NULL, NULL, 0),
(987, 129, 33, 2, '2020-11-24 02:32:13', NULL, NULL, 0),
(988, 129, 40, 2, '2020-11-24 02:32:13', NULL, NULL, 0),
(989, 129, 32, 2, '2020-11-24 02:32:13', NULL, NULL, 0),
(990, 129, 39, 2, '2020-11-24 02:32:13', NULL, NULL, 0),
(991, 129, 30, 2, '2020-11-24 02:32:13', NULL, NULL, 0),
(992, 130, 24, 2, '2020-11-24 02:33:39', NULL, NULL, 0),
(993, 130, 22, 2, '2020-11-24 02:33:39', NULL, NULL, 0),
(994, 130, 17, 2, '2020-11-24 02:33:39', NULL, NULL, 0),
(995, 130, 18, 2, '2020-11-24 02:33:40', NULL, NULL, 0),
(996, 130, 19, 2, '2020-11-24 02:33:40', NULL, NULL, 0),
(997, 130, 35, 2, '2020-11-24 02:33:40', NULL, NULL, 0),
(998, 130, 34, 2, '2020-11-24 02:33:40', NULL, NULL, 0),
(999, 130, 12, 2, '2020-11-24 02:33:40', NULL, NULL, 0),
(1000, 130, 27, 2, '2020-11-24 02:33:40', NULL, NULL, 0),
(1001, 130, 29, 2, '2020-11-24 02:33:40', NULL, NULL, 0),
(1002, 130, 38, 2, '2020-11-24 02:33:40', NULL, NULL, 0),
(1003, 130, 31, 2, '2020-11-24 02:33:41', NULL, NULL, 0),
(1004, 130, 39, 2, '2020-11-24 02:33:41', NULL, NULL, 0),
(1005, 130, 14, 2, '2020-11-24 02:33:41', NULL, NULL, 0),
(1006, 130, 40, 2, '2020-11-24 02:33:41', NULL, NULL, 0),
(1007, 131, 24, 2, '2020-11-24 02:35:36', NULL, NULL, 0),
(1008, 131, 22, 2, '2020-11-24 02:35:36', NULL, NULL, 0),
(1009, 131, 21, 2, '2020-11-24 02:35:36', NULL, NULL, 0),
(1010, 131, 18, 2, '2020-11-24 02:35:36', NULL, NULL, 0),
(1011, 131, 17, 2, '2020-11-24 02:35:36', NULL, NULL, 0),
(1012, 131, 35, 2, '2020-11-24 02:35:36', NULL, NULL, 0),
(1013, 131, 28, 2, '2020-11-24 02:35:36', NULL, NULL, 0),
(1014, 131, 29, 2, '2020-11-24 02:35:36', NULL, NULL, 0),
(1015, 131, 12, 2, '2020-11-24 02:35:37', NULL, NULL, 0),
(1016, 131, 27, 2, '2020-11-24 02:35:37', NULL, NULL, 0),
(1017, 131, 30, 2, '2020-11-24 02:35:37', NULL, NULL, 0),
(1018, 131, 39, 2, '2020-11-24 02:35:37', NULL, NULL, 0),
(1019, 131, 38, 2, '2020-11-24 02:35:37', NULL, NULL, 0),
(1020, 131, 14, 2, '2020-11-24 02:35:37', NULL, NULL, 0),
(1021, 131, 37, 2, '2020-11-24 02:35:37', NULL, NULL, 0),
(1022, 132, 13, 2, '2020-11-24 03:23:20', NULL, NULL, 0),
(1023, 132, 21, 2, '2020-11-24 03:23:20', NULL, NULL, 0),
(1024, 132, 17, 2, '2020-11-24 03:23:21', NULL, NULL, 0),
(1025, 132, 24, 2, '2020-11-24 03:23:21', NULL, NULL, 0),
(1026, 132, 23, 2, '2020-11-24 03:23:21', NULL, NULL, 0),
(1027, 132, 29, 2, '2020-11-24 03:23:21', NULL, NULL, 0),
(1028, 132, 35, 2, '2020-11-24 03:23:21', NULL, NULL, 0),
(1029, 132, 28, 2, '2020-11-24 03:23:21', NULL, NULL, 0),
(1030, 132, 27, 2, '2020-11-24 03:23:21', NULL, NULL, 0),
(1031, 132, 34, 2, '2020-11-24 03:23:21', NULL, NULL, 0),
(1032, 132, 33, 2, '2020-11-24 03:23:22', NULL, NULL, 0),
(1033, 132, 14, 2, '2020-11-24 03:23:22', NULL, NULL, 0),
(1034, 132, 41, 2, '2020-11-24 03:23:22', NULL, NULL, 0),
(1035, 132, 39, 2, '2020-11-24 03:23:22', NULL, NULL, 0),
(1036, 132, 37, 2, '2020-11-24 03:23:22', NULL, NULL, 0),
(1037, 133, 13, 2, '2020-11-24 03:31:29', NULL, NULL, 0),
(1038, 133, 17, 2, '2020-11-24 03:31:29', NULL, NULL, 0),
(1039, 133, 19, 2, '2020-11-24 03:31:30', NULL, NULL, 0),
(1040, 133, 24, 2, '2020-11-24 03:31:30', NULL, NULL, 0),
(1041, 133, 21, 2, '2020-11-24 03:31:30', NULL, NULL, 0),
(1042, 133, 29, 2, '2020-11-24 03:31:30', NULL, NULL, 0),
(1043, 133, 28, 2, '2020-11-24 03:31:30', NULL, NULL, 0),
(1044, 133, 26, 2, '2020-11-24 03:31:30', NULL, NULL, 0),
(1045, 133, 35, 2, '2020-11-24 03:31:30', NULL, NULL, 0),
(1046, 133, 12, 2, '2020-11-24 03:31:30', NULL, NULL, 0),
(1047, 133, 41, 2, '2020-11-24 03:31:30', NULL, NULL, 0),
(1048, 133, 37, 2, '2020-11-24 03:31:31', NULL, NULL, 0),
(1049, 133, 38, 2, '2020-11-24 03:31:31', NULL, NULL, 0),
(1050, 133, 39, 2, '2020-11-24 03:31:31', NULL, NULL, 0),
(1051, 133, 30, 2, '2020-11-24 03:31:31', NULL, NULL, 0),
(1052, 134, 17, 2, '2020-11-24 03:32:41', NULL, NULL, 0),
(1053, 134, 20, 2, '2020-11-24 03:32:41', NULL, NULL, 0),
(1054, 134, 19, 2, '2020-11-24 03:32:41', NULL, NULL, 0),
(1055, 134, 21, 2, '2020-11-24 03:32:41', NULL, NULL, 0),
(1056, 134, 22, 2, '2020-11-24 03:32:41', NULL, NULL, 0),
(1057, 134, 26, 2, '2020-11-24 03:32:41', NULL, NULL, 0),
(1058, 134, 27, 2, '2020-11-24 03:32:41', NULL, NULL, 0),
(1059, 134, 34, 2, '2020-11-24 03:32:42', NULL, NULL, 0),
(1060, 134, 28, 2, '2020-11-24 03:32:42', NULL, NULL, 0),
(1061, 134, 36, 2, '2020-11-24 03:32:42', NULL, NULL, 0),
(1062, 134, 14, 2, '2020-11-24 03:32:42', NULL, NULL, 0),
(1063, 134, 37, 2, '2020-11-24 03:32:42', NULL, NULL, 0),
(1064, 134, 38, 2, '2020-11-24 03:32:42', NULL, NULL, 0),
(1065, 134, 33, 2, '2020-11-24 03:32:42', NULL, NULL, 0),
(1066, 134, 39, 2, '2020-11-24 03:32:42', NULL, NULL, 0),
(1067, 135, 13, 2, '2020-11-24 03:34:02', NULL, NULL, 0),
(1068, 135, 18, 2, '2020-11-24 03:34:02', NULL, NULL, 0),
(1069, 135, 22, 2, '2020-11-24 03:34:02', NULL, NULL, 0),
(1070, 135, 17, 2, '2020-11-24 03:34:03', NULL, NULL, 0),
(1071, 135, 19, 2, '2020-11-24 03:34:03', NULL, NULL, 0),
(1072, 135, 36, 2, '2020-11-24 03:34:03', NULL, NULL, 0),
(1073, 135, 27, 2, '2020-11-24 03:34:03', NULL, NULL, 0),
(1074, 135, 35, 2, '2020-11-24 03:34:03', NULL, NULL, 0),
(1075, 135, 34, 2, '2020-11-24 03:34:03', NULL, NULL, 0),
(1076, 135, 26, 2, '2020-11-24 03:34:03', NULL, NULL, 0),
(1077, 135, 32, 2, '2020-11-24 03:34:03', NULL, NULL, 0),
(1078, 135, 30, 2, '2020-11-24 03:34:04', NULL, NULL, 0),
(1079, 135, 33, 2, '2020-11-24 03:34:04', NULL, NULL, 0),
(1080, 135, 38, 2, '2020-11-24 03:34:04', NULL, NULL, 0),
(1081, 135, 40, 2, '2020-11-24 03:34:04', NULL, NULL, 0),
(1082, 136, 18, 2, '2020-11-24 03:36:53', NULL, NULL, 0),
(1083, 136, 13, 2, '2020-11-24 03:36:53', NULL, NULL, 0),
(1084, 136, 23, 2, '2020-11-24 03:36:53', NULL, NULL, 0),
(1085, 136, 22, 2, '2020-11-24 03:36:53', NULL, NULL, 0),
(1086, 136, 20, 2, '2020-11-24 03:36:53', NULL, NULL, 0),
(1087, 136, 27, 2, '2020-11-24 03:36:53', NULL, NULL, 0),
(1088, 136, 34, 2, '2020-11-24 03:36:53', NULL, NULL, 0),
(1089, 136, 36, 2, '2020-11-24 03:36:54', NULL, NULL, 0),
(1090, 136, 35, 2, '2020-11-24 03:36:54', NULL, NULL, 0),
(1091, 136, 28, 2, '2020-11-24 03:36:54', NULL, NULL, 0),
(1092, 136, 14, 2, '2020-11-24 03:36:54', NULL, NULL, 0),
(1093, 136, 40, 2, '2020-11-24 03:36:54', NULL, NULL, 0),
(1094, 136, 41, 2, '2020-11-24 03:36:54', NULL, NULL, 0),
(1095, 136, 39, 2, '2020-11-24 03:36:54', NULL, NULL, 0),
(1096, 136, 33, 2, '2020-11-24 03:36:54', NULL, NULL, 0),
(1097, 137, 20, 2, '2020-11-24 03:39:30', NULL, NULL, 0),
(1098, 137, 21, 2, '2020-11-24 03:39:30', NULL, NULL, 0),
(1099, 137, 18, 2, '2020-11-24 03:39:30', NULL, NULL, 0),
(1100, 137, 19, 2, '2020-11-24 03:39:31', NULL, NULL, 0),
(1101, 137, 13, 2, '2020-11-24 03:39:31', NULL, NULL, 0),
(1102, 137, 29, 2, '2020-11-24 03:39:31', NULL, NULL, 0),
(1103, 137, 26, 2, '2020-11-24 03:39:31', NULL, NULL, 0),
(1104, 137, 12, 2, '2020-11-24 03:39:31', NULL, NULL, 0),
(1105, 137, 34, 2, '2020-11-24 03:39:31', NULL, NULL, 0),
(1106, 137, 28, 2, '2020-11-24 03:39:31', NULL, NULL, 0),
(1107, 137, 39, 2, '2020-11-24 03:39:31', NULL, NULL, 0),
(1108, 137, 14, 2, '2020-11-24 03:39:31', NULL, NULL, 0),
(1109, 137, 41, 2, '2020-11-24 03:39:32', NULL, NULL, 0),
(1110, 137, 38, 2, '2020-11-24 03:39:32', NULL, NULL, 0),
(1111, 137, 30, 2, '2020-11-24 03:39:32', NULL, NULL, 0),
(1112, 138, 17, 2, '2020-11-24 03:44:11', NULL, NULL, 0),
(1113, 138, 21, 2, '2020-11-24 03:44:11', NULL, NULL, 0),
(1114, 138, 13, 2, '2020-11-24 03:44:11', NULL, NULL, 0),
(1115, 138, 22, 2, '2020-11-24 03:44:11', NULL, NULL, 0),
(1116, 138, 24, 2, '2020-11-24 03:44:11', NULL, NULL, 0),
(1117, 138, 29, 2, '2020-11-24 03:44:11', NULL, NULL, 0),
(1118, 138, 34, 2, '2020-11-24 03:44:11', NULL, NULL, 0),
(1119, 138, 27, 2, '2020-11-24 03:44:12', NULL, NULL, 0),
(1120, 138, 12, 2, '2020-11-24 03:44:12', NULL, NULL, 0),
(1121, 138, 35, 2, '2020-11-24 03:44:12', NULL, NULL, 0),
(1122, 138, 38, 2, '2020-11-24 03:44:12', NULL, NULL, 0),
(1123, 138, 41, 2, '2020-11-24 03:44:12', NULL, NULL, 0),
(1124, 138, 37, 2, '2020-11-24 03:44:12', NULL, NULL, 0),
(1125, 138, 32, 2, '2020-11-24 03:44:12', NULL, NULL, 0),
(1126, 138, 30, 2, '2020-11-24 03:44:12', NULL, NULL, 0),
(1127, 139, 21, 2, '2020-11-24 03:44:39', NULL, NULL, 0),
(1128, 139, 23, 2, '2020-11-24 03:44:39', NULL, NULL, 0),
(1129, 139, 13, 2, '2020-11-24 03:44:39', NULL, NULL, 0),
(1130, 139, 18, 2, '2020-11-24 03:44:39', NULL, NULL, 0),
(1131, 139, 19, 2, '2020-11-24 03:44:40', NULL, NULL, 0),
(1132, 139, 26, 2, '2020-11-24 03:44:40', NULL, NULL, 0),
(1133, 139, 35, 2, '2020-11-24 03:44:40', NULL, NULL, 0),
(1134, 139, 34, 2, '2020-11-24 03:44:40', NULL, NULL, 0),
(1135, 139, 12, 2, '2020-11-24 03:44:40', NULL, NULL, 0),
(1136, 139, 29, 2, '2020-11-24 03:44:40', NULL, NULL, 0),
(1137, 139, 32, 2, '2020-11-24 03:44:40', NULL, NULL, 0),
(1138, 139, 41, 2, '2020-11-24 03:44:40', NULL, NULL, 0),
(1139, 139, 40, 2, '2020-11-24 03:44:41', NULL, NULL, 0),
(1140, 139, 33, 2, '2020-11-24 03:44:41', NULL, NULL, 0),
(1141, 139, 30, 2, '2020-11-24 03:44:41', NULL, NULL, 0),
(1142, 140, 23, 2, '2020-11-24 03:45:37', NULL, NULL, 0),
(1143, 140, 19, 2, '2020-11-24 03:45:38', NULL, NULL, 0),
(1144, 140, 13, 2, '2020-11-24 03:45:38', NULL, NULL, 0),
(1145, 140, 18, 2, '2020-11-24 03:45:38', NULL, NULL, 0),
(1146, 140, 24, 2, '2020-11-24 03:45:38', NULL, NULL, 0),
(1147, 140, 27, 2, '2020-11-24 03:45:38', NULL, NULL, 0),
(1148, 140, 36, 2, '2020-11-24 03:45:38', NULL, NULL, 0),
(1149, 140, 12, 2, '2020-11-24 03:45:38', NULL, NULL, 0),
(1150, 140, 35, 2, '2020-11-24 03:45:38', NULL, NULL, 0),
(1151, 140, 26, 2, '2020-11-24 03:45:38', NULL, NULL, 0),
(1152, 140, 39, 2, '2020-11-24 03:45:39', NULL, NULL, 0),
(1153, 140, 32, 2, '2020-11-24 03:45:39', NULL, NULL, 0),
(1154, 140, 41, 2, '2020-11-24 03:45:39', NULL, NULL, 0),
(1155, 140, 38, 2, '2020-11-24 03:45:39', NULL, NULL, 0),
(1156, 140, 14, 2, '2020-11-24 03:45:39', NULL, NULL, 0),
(1157, 141, 18, 2, '2020-11-24 04:03:17', NULL, NULL, 0),
(1158, 141, 24, 2, '2020-11-24 04:03:17', NULL, NULL, 0),
(1159, 141, 21, 2, '2020-11-24 04:03:17', NULL, NULL, 0),
(1160, 141, 17, 2, '2020-11-24 04:03:18', NULL, NULL, 0),
(1161, 141, 22, 2, '2020-11-24 04:03:18', NULL, NULL, 0),
(1162, 141, 28, 2, '2020-11-24 04:03:18', NULL, NULL, 0),
(1163, 141, 12, 2, '2020-11-24 04:03:18', NULL, NULL, 0),
(1164, 141, 35, 2, '2020-11-24 04:03:18', NULL, NULL, 0),
(1165, 141, 26, 2, '2020-11-24 04:03:18', NULL, NULL, 0),
(1166, 141, 27, 2, '2020-11-24 04:03:18', NULL, NULL, 0),
(1167, 141, 41, 2, '2020-11-24 04:03:18', NULL, NULL, 0),
(1168, 141, 39, 2, '2020-11-24 04:03:18', NULL, NULL, 0),
(1169, 141, 32, 2, '2020-11-24 04:03:19', NULL, NULL, 0),
(1170, 141, 33, 2, '2020-11-24 04:03:19', NULL, NULL, 0),
(1171, 141, 30, 2, '2020-11-24 04:03:19', NULL, NULL, 0),
(1172, 142, 21, 2, '2020-11-24 04:09:57', NULL, NULL, 0),
(1173, 142, 17, 2, '2020-11-24 04:09:57', NULL, NULL, 0),
(1174, 142, 22, 2, '2020-11-24 04:09:57', NULL, NULL, 0),
(1175, 142, 19, 2, '2020-11-24 04:09:57', NULL, NULL, 0),
(1176, 142, 20, 2, '2020-11-24 04:09:57', NULL, NULL, 0),
(1177, 142, 12, 2, '2020-11-24 04:09:57', NULL, NULL, 0),
(1178, 142, 34, 2, '2020-11-24 04:09:57', NULL, NULL, 0),
(1179, 142, 36, 2, '2020-11-24 04:09:57', NULL, NULL, 0),
(1180, 142, 26, 2, '2020-11-24 04:09:58', NULL, NULL, 0),
(1181, 142, 28, 2, '2020-11-24 04:09:58', NULL, NULL, 0),
(1182, 142, 31, 2, '2020-11-24 04:09:58', NULL, NULL, 0),
(1183, 142, 39, 2, '2020-11-24 04:09:58', NULL, NULL, 0),
(1184, 142, 37, 2, '2020-11-24 04:09:58', NULL, NULL, 0),
(1185, 142, 33, 2, '2020-11-24 04:09:58', NULL, NULL, 0),
(1186, 142, 14, 2, '2020-11-24 04:09:58', NULL, NULL, 0),
(1187, 143, 24, 2, '2020-11-24 04:15:19', NULL, NULL, 0),
(1188, 143, 22, 2, '2020-11-24 04:15:19', NULL, NULL, 0),
(1189, 143, 18, 2, '2020-11-24 04:15:19', NULL, NULL, 0),
(1190, 143, 23, 2, '2020-11-24 04:15:19', NULL, NULL, 0),
(1191, 143, 21, 2, '2020-11-24 04:15:19', NULL, NULL, 0),
(1192, 143, 36, 2, '2020-11-24 04:15:19', NULL, NULL, 0),
(1193, 143, 28, 2, '2020-11-24 04:15:19', NULL, NULL, 0),
(1194, 143, 29, 2, '2020-11-24 04:15:19', NULL, NULL, 0),
(1195, 143, 27, 2, '2020-11-24 04:15:20', NULL, NULL, 0),
(1196, 143, 34, 2, '2020-11-24 04:15:20', NULL, NULL, 0),
(1197, 143, 40, 2, '2020-11-24 04:15:20', NULL, NULL, 0),
(1198, 143, 41, 2, '2020-11-24 04:15:20', NULL, NULL, 0),
(1199, 143, 33, 2, '2020-11-24 04:15:20', NULL, NULL, 0),
(1200, 143, 38, 2, '2020-11-24 04:15:20', NULL, NULL, 0),
(1201, 143, 14, 2, '2020-11-24 04:15:20', NULL, NULL, 0),
(1202, 144, 24, 3, '2020-11-25 13:15:51', NULL, NULL, 0),
(1203, 144, 18, 3, '2020-11-25 13:15:51', NULL, NULL, 0),
(1204, 144, 22, 3, '2020-11-25 13:15:52', NULL, NULL, 0),
(1205, 144, 13, 3, '2020-11-25 13:15:52', NULL, NULL, 0),
(1206, 144, 20, 3, '2020-11-25 13:15:52', NULL, NULL, 0),
(1207, 144, 28, 3, '2020-11-25 13:15:52', NULL, NULL, 0),
(1208, 144, 26, 3, '2020-11-25 13:15:52', NULL, NULL, 0),
(1209, 144, 36, 3, '2020-11-25 13:15:52', NULL, NULL, 0),
(1210, 144, 12, 3, '2020-11-25 13:15:52', NULL, NULL, 0),
(1211, 144, 35, 3, '2020-11-25 13:15:52', NULL, NULL, 0),
(1212, 144, 14, 3, '2020-11-25 13:15:52', NULL, NULL, 0),
(1213, 144, 33, 3, '2020-11-25 13:15:53', NULL, NULL, 0),
(1214, 144, 40, 3, '2020-11-25 13:15:53', NULL, NULL, 0),
(1215, 144, 31, 3, '2020-11-25 13:15:53', NULL, NULL, 0),
(1216, 144, 41, 3, '2020-11-25 13:15:53', NULL, NULL, 0),
(1217, 145, 22, 3, '2020-11-25 13:24:15', NULL, NULL, 0),
(1218, 145, 24, 3, '2020-11-25 13:24:16', NULL, NULL, 0),
(1219, 145, 13, 3, '2020-11-25 13:24:16', NULL, NULL, 0),
(1220, 145, 20, 3, '2020-11-25 13:24:16', NULL, NULL, 0),
(1221, 145, 21, 3, '2020-11-25 13:24:16', NULL, NULL, 0),
(1222, 145, 28, 3, '2020-11-25 13:24:16', NULL, NULL, 0),
(1223, 145, 26, 3, '2020-11-25 13:24:16', NULL, NULL, 0),
(1224, 145, 27, 3, '2020-11-25 13:24:16', NULL, NULL, 0),
(1225, 145, 12, 3, '2020-11-25 13:24:16', NULL, NULL, 0),
(1226, 145, 29, 3, '2020-11-25 13:24:16', NULL, NULL, 0),
(1227, 145, 14, 3, '2020-11-25 13:24:16', NULL, NULL, 0),
(1228, 145, 31, 3, '2020-11-25 13:24:17', NULL, NULL, 0),
(1229, 145, 32, 3, '2020-11-25 13:24:17', NULL, NULL, 0),
(1230, 145, 41, 3, '2020-11-25 13:24:17', NULL, NULL, 0),
(1231, 145, 39, 3, '2020-11-25 13:24:17', NULL, NULL, 0),
(1232, 146, 20, 3, '2020-11-25 13:25:21', NULL, NULL, 0),
(1233, 146, 13, 3, '2020-11-25 13:25:21', NULL, NULL, 0),
(1234, 146, 21, 3, '2020-11-25 13:25:21', NULL, NULL, 0),
(1235, 146, 23, 3, '2020-11-25 13:25:22', NULL, NULL, 0),
(1236, 146, 17, 3, '2020-11-25 13:25:22', NULL, NULL, 0),
(1237, 146, 36, 3, '2020-11-25 13:25:22', NULL, NULL, 0),
(1238, 146, 12, 3, '2020-11-25 13:25:22', NULL, NULL, 0),
(1239, 146, 35, 3, '2020-11-25 13:25:22', NULL, NULL, 0),
(1240, 146, 29, 3, '2020-11-25 13:25:22', NULL, NULL, 0),
(1241, 146, 34, 3, '2020-11-25 13:25:22', NULL, NULL, 0),
(1242, 146, 37, 3, '2020-11-25 13:25:22', NULL, NULL, 0),
(1243, 146, 41, 3, '2020-11-25 13:25:22', NULL, NULL, 0),
(1244, 146, 30, 3, '2020-11-25 13:25:23', NULL, NULL, 0),
(1245, 146, 38, 3, '2020-11-25 13:25:23', NULL, NULL, 0),
(1246, 146, 14, 3, '2020-11-25 13:25:23', NULL, NULL, 0),
(1247, 148, 17, 3, '2020-11-25 13:32:23', NULL, NULL, 0),
(1248, 148, 22, 3, '2020-11-25 13:32:23', NULL, NULL, 0),
(1249, 148, 20, 3, '2020-11-25 13:32:23', NULL, NULL, 0),
(1250, 148, 18, 3, '2020-11-25 13:32:23', NULL, NULL, 0),
(1251, 148, 13, 3, '2020-11-25 13:32:23', NULL, NULL, 0),
(1252, 148, 34, 3, '2020-11-25 13:32:24', NULL, NULL, 0),
(1253, 148, 35, 3, '2020-11-25 13:32:24', NULL, NULL, 0),
(1254, 148, 28, 3, '2020-11-25 13:32:24', NULL, NULL, 0),
(1255, 148, 29, 3, '2020-11-25 13:32:24', NULL, NULL, 0),
(1256, 148, 26, 3, '2020-11-25 13:32:24', NULL, NULL, 0),
(1257, 148, 30, 3, '2020-11-25 13:32:24', NULL, NULL, 0),
(1258, 148, 33, 3, '2020-11-25 13:32:24', NULL, NULL, 0),
(1259, 148, 32, 3, '2020-11-25 13:32:24', NULL, NULL, 0),
(1260, 148, 37, 3, '2020-11-25 13:32:24', NULL, NULL, 0),
(1261, 148, 39, 3, '2020-11-25 13:32:25', NULL, NULL, 0),
(1262, 149, 21, 3, '2020-11-25 13:33:12', NULL, NULL, 0),
(1263, 149, 22, 3, '2020-11-25 13:33:12', NULL, NULL, 0),
(1264, 149, 17, 3, '2020-11-25 13:33:12', NULL, NULL, 0),
(1265, 149, 19, 3, '2020-11-25 13:33:12', NULL, NULL, 0),
(1266, 149, 13, 3, '2020-11-25 13:33:12', NULL, NULL, 0),
(1267, 149, 28, 3, '2020-11-25 13:33:12', NULL, NULL, 0),
(1268, 149, 34, 3, '2020-11-25 13:33:12', NULL, NULL, 0),
(1269, 149, 26, 3, '2020-11-25 13:33:13', NULL, NULL, 0),
(1270, 149, 35, 3, '2020-11-25 13:33:13', NULL, NULL, 0),
(1271, 149, 29, 3, '2020-11-25 13:33:13', NULL, NULL, 0),
(1272, 149, 39, 3, '2020-11-25 13:33:13', NULL, NULL, 0),
(1273, 149, 14, 3, '2020-11-25 13:33:13', NULL, NULL, 0),
(1274, 149, 30, 3, '2020-11-25 13:33:13', NULL, NULL, 0),
(1275, 149, 32, 3, '2020-11-25 13:33:13', NULL, NULL, 0),
(1276, 149, 37, 3, '2020-11-25 13:33:13', NULL, NULL, 0),
(1277, 150, 24, 3, '2020-11-25 13:34:55', NULL, NULL, 0),
(1278, 150, 18, 3, '2020-11-25 13:34:55', NULL, NULL, 0),
(1279, 150, 19, 3, '2020-11-25 13:34:55', NULL, NULL, 0),
(1280, 150, 20, 3, '2020-11-25 13:34:55', NULL, NULL, 0),
(1281, 150, 23, 3, '2020-11-25 13:34:55', NULL, NULL, 0),
(1282, 150, 28, 3, '2020-11-25 13:34:55', NULL, NULL, 0),
(1283, 150, 34, 3, '2020-11-25 13:34:55', NULL, NULL, 0),
(1284, 150, 26, 3, '2020-11-25 13:34:55', NULL, NULL, 0),
(1285, 150, 29, 3, '2020-11-25 13:34:55', NULL, NULL, 0),
(1286, 150, 35, 3, '2020-11-25 13:34:56', NULL, NULL, 0),
(1287, 150, 30, 3, '2020-11-25 13:34:56', NULL, NULL, 0),
(1288, 150, 40, 3, '2020-11-25 13:34:56', NULL, NULL, 0),
(1289, 150, 41, 3, '2020-11-25 13:34:56', NULL, NULL, 0),
(1290, 150, 32, 3, '2020-11-25 13:34:56', NULL, NULL, 0),
(1291, 150, 14, 3, '2020-11-25 13:34:56', NULL, NULL, 0),
(1292, 151, 21, 3, '2020-11-25 13:36:30', NULL, NULL, 0),
(1293, 151, 24, 3, '2020-11-25 13:36:30', NULL, NULL, 0),
(1294, 151, 13, 3, '2020-11-25 13:36:30', NULL, NULL, 0),
(1295, 151, 19, 3, '2020-11-25 13:36:30', NULL, NULL, 0),
(1296, 151, 20, 3, '2020-11-25 13:36:30', NULL, NULL, 0),
(1297, 151, 29, 3, '2020-11-25 13:36:30', NULL, NULL, 0),
(1298, 151, 36, 3, '2020-11-25 13:36:30', NULL, NULL, 0),
(1299, 151, 28, 3, '2020-11-25 13:36:31', NULL, NULL, 0),
(1300, 151, 35, 3, '2020-11-25 13:36:31', NULL, NULL, 0),
(1301, 151, 26, 3, '2020-11-25 13:36:31', NULL, NULL, 0),
(1302, 151, 14, 3, '2020-11-25 13:36:31', NULL, NULL, 0),
(1303, 151, 31, 3, '2020-11-25 13:36:31', NULL, NULL, 0),
(1304, 151, 37, 3, '2020-11-25 13:36:31', NULL, NULL, 0),
(1305, 151, 38, 3, '2020-11-25 13:36:31', NULL, NULL, 0),
(1306, 151, 30, 3, '2020-11-25 13:36:31', NULL, NULL, 0),
(1307, 152, 23, 3, '2020-11-25 13:37:37', NULL, NULL, 0),
(1308, 152, 13, 3, '2020-11-25 13:37:37', NULL, NULL, 0),
(1309, 152, 20, 3, '2020-11-25 13:37:37', NULL, NULL, 0),
(1310, 152, 21, 3, '2020-11-25 13:37:37', NULL, NULL, 0),
(1311, 152, 18, 3, '2020-11-25 13:37:37', NULL, NULL, 0),
(1312, 152, 27, 3, '2020-11-25 13:37:37', NULL, NULL, 0),
(1313, 152, 28, 3, '2020-11-25 13:37:38', NULL, NULL, 0),
(1314, 152, 35, 3, '2020-11-25 13:37:38', NULL, NULL, 0),
(1315, 152, 12, 3, '2020-11-25 13:37:38', NULL, NULL, 0),
(1316, 152, 34, 3, '2020-11-25 13:37:38', NULL, NULL, 0),
(1317, 152, 14, 3, '2020-11-25 13:37:38', NULL, NULL, 0),
(1318, 152, 32, 3, '2020-11-25 13:37:38', NULL, NULL, 0),
(1319, 152, 31, 3, '2020-11-25 13:37:39', NULL, NULL, 0),
(1320, 152, 39, 3, '2020-11-25 13:37:39', NULL, NULL, 0),
(1321, 152, 33, 3, '2020-11-25 13:37:39', NULL, NULL, 0),
(1322, 153, 20, 3, '2020-11-25 13:38:09', NULL, NULL, 0),
(1323, 153, 23, 3, '2020-11-25 13:38:09', NULL, NULL, 0),
(1324, 153, 21, 3, '2020-11-25 13:38:09', NULL, NULL, 0),
(1325, 153, 18, 3, '2020-11-25 13:38:09', NULL, NULL, 0),
(1326, 153, 19, 3, '2020-11-25 13:38:09', NULL, NULL, 0),
(1327, 153, 12, 3, '2020-11-25 13:38:09', NULL, NULL, 0),
(1328, 153, 26, 3, '2020-11-25 13:38:09', NULL, NULL, 0),
(1329, 153, 36, 3, '2020-11-25 13:38:09', NULL, NULL, 0),
(1330, 153, 27, 3, '2020-11-25 13:38:10', NULL, NULL, 0),
(1331, 153, 34, 3, '2020-11-25 13:38:10', NULL, NULL, 0),
(1332, 153, 37, 3, '2020-11-25 13:38:10', NULL, NULL, 0),
(1333, 153, 41, 3, '2020-11-25 13:38:10', NULL, NULL, 0),
(1334, 153, 39, 3, '2020-11-25 13:38:10', NULL, NULL, 0),
(1335, 153, 32, 3, '2020-11-25 13:38:10', NULL, NULL, 0),
(1336, 153, 33, 3, '2020-11-25 13:38:10', NULL, NULL, 0),
(1337, 154, 19, 3, '2020-11-25 13:38:22', NULL, NULL, 0),
(1338, 154, 23, 3, '2020-11-25 13:38:22', NULL, NULL, 0),
(1339, 154, 20, 3, '2020-11-25 13:38:22', NULL, NULL, 0),
(1340, 154, 17, 3, '2020-11-25 13:38:22', NULL, NULL, 0),
(1341, 154, 21, 3, '2020-11-25 13:38:22', NULL, NULL, 0),
(1342, 154, 35, 3, '2020-11-25 13:38:22', NULL, NULL, 0),
(1343, 154, 29, 3, '2020-11-25 13:38:22', NULL, NULL, 0),
(1344, 154, 28, 3, '2020-11-25 13:38:22', NULL, NULL, 0),
(1345, 154, 34, 3, '2020-11-25 13:38:22', NULL, NULL, 0),
(1346, 154, 36, 3, '2020-11-25 13:38:23', NULL, NULL, 0),
(1347, 154, 38, 3, '2020-11-25 13:38:23', NULL, NULL, 0),
(1348, 154, 32, 3, '2020-11-25 13:38:23', NULL, NULL, 0),
(1349, 154, 31, 3, '2020-11-25 13:38:23', NULL, NULL, 0),
(1350, 154, 37, 3, '2020-11-25 13:38:23', NULL, NULL, 0),
(1351, 154, 30, 3, '2020-11-25 13:38:23', NULL, NULL, 0),
(1352, 155, 23, 3, '2020-11-25 13:38:53', NULL, NULL, 0),
(1353, 155, 18, 3, '2020-11-25 13:38:53', NULL, NULL, 0),
(1354, 155, 22, 3, '2020-11-25 13:38:53', NULL, NULL, 0),
(1355, 155, 21, 3, '2020-11-25 13:38:53', NULL, NULL, 0),
(1356, 155, 24, 3, '2020-11-25 13:38:53', NULL, NULL, 0),
(1357, 155, 27, 3, '2020-11-25 13:38:53', NULL, NULL, 0),
(1358, 155, 36, 3, '2020-11-25 13:38:53', NULL, NULL, 0),
(1359, 155, 26, 3, '2020-11-25 13:38:53', NULL, NULL, 0),
(1360, 155, 35, 3, '2020-11-25 13:38:54', NULL, NULL, 0),
(1361, 155, 29, 3, '2020-11-25 13:38:54', NULL, NULL, 0),
(1362, 155, 39, 3, '2020-11-25 13:38:54', NULL, NULL, 0),
(1363, 155, 41, 3, '2020-11-25 13:38:54', NULL, NULL, 0),
(1364, 155, 30, 3, '2020-11-25 13:38:54', NULL, NULL, 0),
(1365, 155, 32, 3, '2020-11-25 13:38:54', NULL, NULL, 0),
(1366, 155, 33, 3, '2020-11-25 13:38:54', NULL, NULL, 0),
(1367, 156, 22, 3, '2020-11-25 13:48:42', NULL, NULL, 0),
(1368, 156, 13, 3, '2020-11-25 13:48:42', NULL, NULL, 0),
(1369, 156, 23, 3, '2020-11-25 13:48:42', NULL, NULL, 0),
(1370, 156, 24, 3, '2020-11-25 13:48:42', NULL, NULL, 0),
(1371, 156, 20, 3, '2020-11-25 13:48:42', NULL, NULL, 0),
(1372, 156, 12, 3, '2020-11-25 13:48:42', NULL, NULL, 0),
(1373, 156, 28, 3, '2020-11-25 13:48:42', NULL, NULL, 0),
(1374, 156, 36, 3, '2020-11-25 13:48:42', NULL, NULL, 0),
(1375, 156, 27, 3, '2020-11-25 13:48:42', NULL, NULL, 0),
(1376, 156, 26, 3, '2020-11-25 13:48:43', NULL, NULL, 0),
(1377, 156, 37, 3, '2020-11-25 13:48:43', NULL, NULL, 0),
(1378, 156, 30, 3, '2020-11-25 13:48:43', NULL, NULL, 0),
(1379, 156, 33, 3, '2020-11-25 13:48:43', NULL, NULL, 0),
(1380, 156, 40, 3, '2020-11-25 13:48:43', NULL, NULL, 0),
(1381, 156, 38, 3, '2020-11-25 13:48:43', NULL, NULL, 0),
(1382, 158, 24, 3, '2020-11-25 13:52:28', NULL, NULL, 0),
(1383, 158, 17, 3, '2020-11-25 13:52:28', NULL, NULL, 0),
(1384, 158, 19, 3, '2020-11-25 13:52:28', NULL, NULL, 0),
(1385, 158, 23, 3, '2020-11-25 13:52:28', NULL, NULL, 0),
(1386, 158, 20, 3, '2020-11-25 13:52:28', NULL, NULL, 0),
(1387, 158, 29, 3, '2020-11-25 13:52:28', NULL, NULL, 0),
(1388, 158, 28, 3, '2020-11-25 13:52:29', NULL, NULL, 0),
(1389, 158, 27, 3, '2020-11-25 13:52:29', NULL, NULL, 0),
(1390, 158, 12, 3, '2020-11-25 13:52:29', NULL, NULL, 0),
(1391, 158, 26, 3, '2020-11-25 13:52:29', NULL, NULL, 0),
(1392, 158, 37, 3, '2020-11-25 13:52:29', NULL, NULL, 0),
(1393, 158, 31, 3, '2020-11-25 13:52:29', NULL, NULL, 0),
(1394, 158, 41, 3, '2020-11-25 13:52:29', NULL, NULL, 0),
(1395, 158, 39, 3, '2020-11-25 13:52:30', NULL, NULL, 0),
(1396, 158, 38, 3, '2020-11-25 13:52:30', NULL, NULL, 0),
(1397, 158, 18, 3, '2020-11-25 13:52:30', NULL, NULL, 0),
(1398, 158, 22, 3, '2020-11-25 13:52:30', NULL, NULL, 0),
(1399, 158, 23, 3, '2020-11-25 13:52:30', NULL, NULL, 0),
(1400, 158, 17, 3, '2020-11-25 13:52:30', NULL, NULL, 0),
(1401, 158, 20, 3, '2020-11-25 13:52:30', NULL, NULL, 0),
(1402, 158, 26, 3, '2020-11-25 13:52:30', NULL, NULL, 0),
(1403, 158, 27, 3, '2020-11-25 13:52:31', NULL, NULL, 0),
(1404, 158, 36, 3, '2020-11-25 13:52:31', NULL, NULL, 0),
(1405, 158, 12, 3, '2020-11-25 13:52:31', NULL, NULL, 0),
(1406, 158, 35, 3, '2020-11-25 13:52:31', NULL, NULL, 0),
(1407, 158, 39, 3, '2020-11-25 13:52:31', NULL, NULL, 0),
(1408, 158, 38, 3, '2020-11-25 13:52:31', NULL, NULL, 0),
(1409, 158, 41, 3, '2020-11-25 13:52:31', NULL, NULL, 0),
(1410, 158, 32, 3, '2020-11-25 13:52:31', NULL, NULL, 0),
(1411, 158, 14, 3, '2020-11-25 13:52:32', NULL, NULL, 0),
(1412, 159, 19, 3, '2020-11-25 13:56:19', NULL, NULL, 0),
(1413, 159, 20, 3, '2020-11-25 13:56:19', NULL, NULL, 0),
(1414, 159, 17, 3, '2020-11-25 13:56:20', NULL, NULL, 0),
(1415, 159, 22, 3, '2020-11-25 13:56:20', NULL, NULL, 0),
(1416, 159, 21, 3, '2020-11-25 13:56:20', NULL, NULL, 0),
(1417, 159, 12, 3, '2020-11-25 13:56:20', NULL, NULL, 0),
(1418, 159, 36, 3, '2020-11-25 13:56:20', NULL, NULL, 0),
(1419, 159, 34, 3, '2020-11-25 13:56:20', NULL, NULL, 0),
(1420, 159, 26, 3, '2020-11-25 13:56:20', NULL, NULL, 0),
(1421, 159, 29, 3, '2020-11-25 13:56:20', NULL, NULL, 0),
(1422, 159, 14, 3, '2020-11-25 13:56:20', NULL, NULL, 0),
(1423, 159, 40, 3, '2020-11-25 13:56:20', NULL, NULL, 0),
(1424, 159, 32, 3, '2020-11-25 13:56:21', NULL, NULL, 0),
(1425, 159, 37, 3, '2020-11-25 13:56:21', NULL, NULL, 0),
(1426, 159, 33, 3, '2020-11-25 13:56:21', NULL, NULL, 0),
(1427, 160, 18, 3, '2020-11-25 13:57:44', NULL, NULL, 0),
(1428, 160, 24, 3, '2020-11-25 13:57:44', NULL, NULL, 0),
(1429, 160, 23, 3, '2020-11-25 13:57:44', NULL, NULL, 0),
(1430, 160, 20, 3, '2020-11-25 13:57:44', NULL, NULL, 0),
(1431, 160, 21, 3, '2020-11-25 13:57:44', NULL, NULL, 0),
(1432, 160, 35, 3, '2020-11-25 13:57:44', NULL, NULL, 0),
(1433, 160, 12, 3, '2020-11-25 13:57:44', NULL, NULL, 0),
(1434, 160, 34, 3, '2020-11-25 13:57:44', NULL, NULL, 0),
(1435, 160, 28, 3, '2020-11-25 13:57:44', NULL, NULL, 0),
(1436, 160, 29, 3, '2020-11-25 13:57:45', NULL, NULL, 0),
(1437, 160, 38, 3, '2020-11-25 13:57:45', NULL, NULL, 0),
(1438, 160, 31, 3, '2020-11-25 13:57:45', NULL, NULL, 0),
(1439, 160, 39, 3, '2020-11-25 13:57:45', NULL, NULL, 0),
(1440, 160, 30, 3, '2020-11-25 13:57:45', NULL, NULL, 0),
(1441, 160, 41, 3, '2020-11-25 13:57:45', NULL, NULL, 0),
(1442, 161, 23, 3, '2020-11-25 14:01:08', NULL, NULL, 0),
(1443, 161, 21, 3, '2020-11-25 14:01:08', NULL, NULL, 0),
(1444, 161, 13, 3, '2020-11-25 14:01:08', NULL, NULL, 0),
(1445, 161, 24, 3, '2020-11-25 14:01:08', NULL, NULL, 0),
(1446, 161, 17, 3, '2020-11-25 14:01:09', NULL, NULL, 0),
(1447, 161, 26, 3, '2020-11-25 14:01:09', NULL, NULL, 0),
(1448, 161, 27, 3, '2020-11-25 14:01:09', NULL, NULL, 0),
(1449, 161, 12, 3, '2020-11-25 14:01:09', NULL, NULL, 0),
(1450, 161, 29, 3, '2020-11-25 14:01:09', NULL, NULL, 0),
(1451, 161, 36, 3, '2020-11-25 14:01:09', NULL, NULL, 0),
(1452, 161, 39, 3, '2020-11-25 14:01:09', NULL, NULL, 0),
(1453, 161, 40, 3, '2020-11-25 14:01:09', NULL, NULL, 0),
(1454, 161, 37, 3, '2020-11-25 14:01:09', NULL, NULL, 0),
(1455, 161, 41, 3, '2020-11-25 14:01:09', NULL, NULL, 0),
(1456, 161, 32, 3, '2020-11-25 14:01:10', NULL, NULL, 0),
(1457, 162, 17, 3, '2020-11-25 14:16:14', NULL, NULL, 0),
(1458, 162, 21, 3, '2020-11-25 14:16:14', NULL, NULL, 0),
(1459, 162, 19, 3, '2020-11-25 14:16:14', NULL, NULL, 0),
(1460, 162, 18, 3, '2020-11-25 14:16:14', NULL, NULL, 0),
(1461, 162, 22, 3, '2020-11-25 14:16:15', NULL, NULL, 0),
(1462, 162, 36, 3, '2020-11-25 14:16:15', NULL, NULL, 0),
(1463, 162, 27, 3, '2020-11-25 14:16:15', NULL, NULL, 0),
(1464, 162, 29, 3, '2020-11-25 14:16:15', NULL, NULL, 0),
(1465, 162, 35, 3, '2020-11-25 14:16:15', NULL, NULL, 0),
(1466, 162, 26, 3, '2020-11-25 14:16:15', NULL, NULL, 0),
(1467, 162, 39, 3, '2020-11-25 14:16:15', NULL, NULL, 0),
(1468, 162, 30, 3, '2020-11-25 14:16:22', NULL, NULL, 0),
(1469, 162, 38, 3, '2020-11-25 14:16:23', NULL, NULL, 0),
(1470, 162, 40, 3, '2020-11-25 14:16:23', NULL, NULL, 0),
(1471, 162, 37, 3, '2020-11-25 14:16:23', NULL, NULL, 0),
(1472, 163, 23, 3, '2020-11-25 14:21:54', NULL, NULL, 0),
(1473, 163, 20, 3, '2020-11-25 14:21:54', NULL, NULL, 0),
(1474, 163, 13, 3, '2020-11-25 14:21:54', NULL, NULL, 0),
(1475, 163, 18, 3, '2020-11-25 14:21:54', NULL, NULL, 0),
(1476, 163, 24, 3, '2020-11-25 14:21:54', NULL, NULL, 0),
(1477, 163, 36, 3, '2020-11-25 14:21:55', NULL, NULL, 0),
(1478, 163, 35, 3, '2020-11-25 14:21:55', NULL, NULL, 0),
(1479, 163, 34, 3, '2020-11-25 14:21:55', NULL, NULL, 0),
(1480, 163, 26, 3, '2020-11-25 14:21:55', NULL, NULL, 0),
(1481, 163, 12, 3, '2020-11-25 14:21:55', NULL, NULL, 0),
(1482, 163, 32, 3, '2020-11-25 14:21:55', NULL, NULL, 0),
(1483, 163, 41, 3, '2020-11-25 14:21:55', NULL, NULL, 0),
(1484, 163, 30, 3, '2020-11-25 14:21:55', NULL, NULL, 0),
(1485, 163, 40, 3, '2020-11-25 14:21:55', NULL, NULL, 0),
(1486, 163, 37, 3, '2020-11-25 14:21:56', NULL, NULL, 0),
(1487, 164, 24, 3, '2020-11-25 14:23:00', NULL, NULL, 0),
(1488, 164, 20, 3, '2020-11-25 14:23:00', NULL, NULL, 0),
(1489, 164, 18, 3, '2020-11-25 14:23:00', NULL, NULL, 0),
(1490, 164, 19, 3, '2020-11-25 14:23:00', NULL, NULL, 0),
(1491, 164, 23, 3, '2020-11-25 14:23:00', NULL, NULL, 0);
INSERT INTO `quizcontent` (`ID`, `Quiz`, `QuestionID`, `CreatedBy`, `CreatedAt`, `UpdatedBy`, `UpdatedAt`, `IsDeleted`) VALUES
(1492, 164, 27, 3, '2020-11-25 14:23:01', NULL, NULL, 0),
(1493, 164, 29, 3, '2020-11-25 14:23:01', NULL, NULL, 0),
(1494, 164, 36, 3, '2020-11-25 14:23:01', NULL, NULL, 0),
(1495, 164, 12, 3, '2020-11-25 14:23:01', NULL, NULL, 0),
(1496, 164, 28, 3, '2020-11-25 14:23:01', NULL, NULL, 0),
(1497, 164, 33, 3, '2020-11-25 14:23:01', NULL, NULL, 0),
(1498, 164, 32, 3, '2020-11-25 14:23:01', NULL, NULL, 0),
(1499, 164, 37, 3, '2020-11-25 14:23:01', NULL, NULL, 0),
(1500, 164, 31, 3, '2020-11-25 14:23:02', NULL, NULL, 0),
(1501, 164, 30, 3, '2020-11-25 14:23:02', NULL, NULL, 0),
(1502, 165, 13, 3, '2020-11-25 14:28:25', NULL, NULL, 0),
(1503, 165, 17, 3, '2020-11-25 14:28:25', NULL, NULL, 0),
(1504, 165, 24, 3, '2020-11-25 14:28:25', NULL, NULL, 0),
(1505, 165, 21, 3, '2020-11-25 14:28:25', NULL, NULL, 0),
(1506, 165, 18, 3, '2020-11-25 14:28:25', NULL, NULL, 0),
(1507, 165, 26, 3, '2020-11-25 14:28:25', NULL, NULL, 0),
(1508, 165, 34, 3, '2020-11-25 14:28:26', NULL, NULL, 0),
(1509, 165, 35, 3, '2020-11-25 14:28:26', NULL, NULL, 0),
(1510, 165, 28, 3, '2020-11-25 14:28:26', NULL, NULL, 0),
(1511, 165, 36, 3, '2020-11-25 14:28:26', NULL, NULL, 0),
(1512, 165, 31, 3, '2020-11-25 14:28:26', NULL, NULL, 0),
(1513, 165, 40, 3, '2020-11-25 14:28:26', NULL, NULL, 0),
(1514, 165, 14, 3, '2020-11-25 14:28:26', NULL, NULL, 0),
(1515, 165, 41, 3, '2020-11-25 14:28:27', NULL, NULL, 0),
(1516, 165, 38, 3, '2020-11-25 14:28:27', NULL, NULL, 0),
(1517, 166, 18, 3, '2020-11-25 14:36:18', NULL, NULL, 0),
(1518, 166, 24, 3, '2020-11-25 14:36:18', NULL, NULL, 0),
(1519, 166, 23, 3, '2020-11-25 14:36:18', NULL, NULL, 0),
(1520, 166, 20, 3, '2020-11-25 14:36:18', NULL, NULL, 0),
(1521, 166, 13, 3, '2020-11-25 14:36:19', NULL, NULL, 0),
(1522, 166, 12, 3, '2020-11-25 14:36:19', NULL, NULL, 0),
(1523, 166, 27, 3, '2020-11-25 14:36:19', NULL, NULL, 0),
(1524, 166, 35, 3, '2020-11-25 14:36:19', NULL, NULL, 0),
(1525, 166, 36, 3, '2020-11-25 14:36:19', NULL, NULL, 0),
(1526, 166, 28, 3, '2020-11-25 14:36:19', NULL, NULL, 0),
(1527, 166, 30, 3, '2020-11-25 14:36:19', NULL, NULL, 0),
(1528, 166, 33, 3, '2020-11-25 14:36:19', NULL, NULL, 0),
(1529, 166, 38, 3, '2020-11-25 14:36:19', NULL, NULL, 0),
(1530, 166, 32, 3, '2020-11-25 14:36:19', NULL, NULL, 0),
(1531, 166, 40, 3, '2020-11-25 14:36:20', NULL, NULL, 0),
(1532, 167, 13, 3, '2020-11-25 14:38:58', NULL, NULL, 0),
(1533, 167, 24, 3, '2020-11-25 14:38:58', NULL, NULL, 0),
(1534, 167, 18, 3, '2020-11-25 14:38:58', NULL, NULL, 0),
(1535, 167, 23, 3, '2020-11-25 14:38:58', NULL, NULL, 0),
(1536, 167, 21, 3, '2020-11-25 14:38:58', NULL, NULL, 0),
(1537, 167, 35, 3, '2020-11-25 14:38:59', NULL, NULL, 0),
(1538, 167, 28, 3, '2020-11-25 14:38:59', NULL, NULL, 0),
(1539, 167, 34, 3, '2020-11-25 14:38:59', NULL, NULL, 0),
(1540, 167, 27, 3, '2020-11-25 14:38:59', NULL, NULL, 0),
(1541, 167, 36, 3, '2020-11-25 14:38:59', NULL, NULL, 0),
(1542, 167, 30, 3, '2020-11-25 14:38:59', NULL, NULL, 0),
(1543, 167, 31, 3, '2020-11-25 14:38:59', NULL, NULL, 0),
(1544, 167, 40, 3, '2020-11-25 14:38:59', NULL, NULL, 0),
(1545, 167, 37, 3, '2020-11-25 14:38:59', NULL, NULL, 0),
(1546, 167, 41, 3, '2020-11-25 14:38:59', NULL, NULL, 0),
(1547, 168, 18, 3, '2020-11-25 14:41:51', NULL, NULL, 0),
(1548, 168, 22, 3, '2020-11-25 14:41:51', NULL, NULL, 0),
(1549, 168, 23, 3, '2020-11-25 14:41:52', NULL, NULL, 0),
(1550, 168, 24, 3, '2020-11-25 14:41:52', NULL, NULL, 0),
(1551, 168, 17, 3, '2020-11-25 14:41:52', NULL, NULL, 0),
(1552, 168, 27, 3, '2020-11-25 14:41:52', NULL, NULL, 0),
(1553, 168, 29, 3, '2020-11-25 14:41:52', NULL, NULL, 0),
(1554, 168, 12, 3, '2020-11-25 14:41:52', NULL, NULL, 0),
(1555, 168, 28, 3, '2020-11-25 14:41:53', NULL, NULL, 0),
(1556, 168, 35, 3, '2020-11-25 14:41:53', NULL, NULL, 0),
(1557, 168, 41, 3, '2020-11-25 14:41:53', NULL, NULL, 0),
(1558, 168, 39, 3, '2020-11-25 14:41:53', NULL, NULL, 0),
(1559, 168, 38, 3, '2020-11-25 14:41:53', NULL, NULL, 0),
(1560, 168, 30, 3, '2020-11-25 14:41:53', NULL, NULL, 0),
(1561, 168, 33, 3, '2020-11-25 14:41:53', NULL, NULL, 0),
(1562, 169, 19, 3, '2020-11-25 15:03:38', NULL, NULL, 0),
(1563, 169, 20, 3, '2020-11-25 15:03:38', NULL, NULL, 0),
(1564, 169, 18, 3, '2020-11-25 15:03:38', NULL, NULL, 0),
(1565, 169, 21, 3, '2020-11-25 15:03:39', NULL, NULL, 0),
(1566, 169, 13, 3, '2020-11-25 15:03:39', NULL, NULL, 0),
(1567, 169, 27, 3, '2020-11-25 15:03:39', NULL, NULL, 0),
(1568, 169, 36, 3, '2020-11-25 15:03:39', NULL, NULL, 0),
(1569, 169, 12, 3, '2020-11-25 15:03:39', NULL, NULL, 0),
(1570, 169, 34, 3, '2020-11-25 15:03:39', NULL, NULL, 0),
(1571, 169, 28, 3, '2020-11-25 15:03:39', NULL, NULL, 0),
(1572, 169, 14, 3, '2020-11-25 15:03:39', NULL, NULL, 0),
(1573, 169, 38, 3, '2020-11-25 15:03:39', NULL, NULL, 0),
(1574, 169, 37, 3, '2020-11-25 15:03:40', NULL, NULL, 0),
(1575, 169, 41, 3, '2020-11-25 15:03:40', NULL, NULL, 0),
(1576, 169, 30, 3, '2020-11-25 15:03:40', NULL, NULL, 0),
(1577, 170, 18, 3, '2020-11-25 15:05:02', NULL, NULL, 0),
(1578, 170, 21, 3, '2020-11-25 15:05:03', NULL, NULL, 0),
(1579, 170, 20, 3, '2020-11-25 15:05:03', NULL, NULL, 0),
(1580, 170, 19, 3, '2020-11-25 15:05:03', NULL, NULL, 0),
(1581, 170, 17, 3, '2020-11-25 15:05:03', NULL, NULL, 0),
(1582, 170, 26, 3, '2020-11-25 15:05:03', NULL, NULL, 0),
(1583, 170, 35, 3, '2020-11-25 15:05:03', NULL, NULL, 0),
(1584, 170, 34, 3, '2020-11-25 15:05:03', NULL, NULL, 0),
(1585, 170, 29, 3, '2020-11-25 15:05:03', NULL, NULL, 0),
(1586, 170, 28, 3, '2020-11-25 15:05:03', NULL, NULL, 0),
(1587, 170, 33, 3, '2020-11-25 15:05:03', NULL, NULL, 0),
(1588, 170, 38, 3, '2020-11-25 15:05:04', NULL, NULL, 0),
(1589, 170, 14, 3, '2020-11-25 15:05:04', NULL, NULL, 0),
(1590, 170, 31, 3, '2020-11-25 15:05:04', NULL, NULL, 0),
(1591, 170, 37, 3, '2020-11-25 15:05:04', NULL, NULL, 0),
(1592, 171, 23, 3, '2020-11-25 15:06:45', NULL, NULL, 0),
(1593, 171, 19, 3, '2020-11-25 15:06:45', NULL, NULL, 0),
(1594, 171, 17, 3, '2020-11-25 15:06:45', NULL, NULL, 0),
(1595, 171, 24, 3, '2020-11-25 15:06:45', NULL, NULL, 0),
(1596, 171, 18, 3, '2020-11-25 15:06:45', NULL, NULL, 0),
(1597, 171, 26, 3, '2020-11-25 15:06:45', NULL, NULL, 0),
(1598, 171, 12, 3, '2020-11-25 15:06:45', NULL, NULL, 0),
(1599, 171, 29, 3, '2020-11-25 15:06:45', NULL, NULL, 0),
(1600, 171, 28, 3, '2020-11-25 15:06:45', NULL, NULL, 0),
(1601, 171, 36, 3, '2020-11-25 15:06:46', NULL, NULL, 0),
(1602, 171, 41, 3, '2020-11-25 15:06:46', NULL, NULL, 0),
(1603, 171, 33, 3, '2020-11-25 15:06:46', NULL, NULL, 0),
(1604, 171, 40, 3, '2020-11-25 15:06:46', NULL, NULL, 0),
(1605, 171, 14, 3, '2020-11-25 15:06:46', NULL, NULL, 0),
(1606, 171, 32, 3, '2020-11-25 15:06:46', NULL, NULL, 0),
(1607, 172, 17, 3, '2020-11-25 15:07:08', NULL, NULL, 0),
(1608, 172, 24, 3, '2020-11-25 15:07:08', NULL, NULL, 0),
(1609, 172, 13, 3, '2020-11-25 15:07:08', NULL, NULL, 0),
(1610, 172, 18, 3, '2020-11-25 15:07:08', NULL, NULL, 0),
(1611, 172, 20, 3, '2020-11-25 15:07:09', NULL, NULL, 0),
(1612, 172, 28, 3, '2020-11-25 15:07:09', NULL, NULL, 0),
(1613, 172, 27, 3, '2020-11-25 15:07:09', NULL, NULL, 0),
(1614, 172, 35, 3, '2020-11-25 15:07:09', NULL, NULL, 0),
(1615, 172, 36, 3, '2020-11-25 15:07:09', NULL, NULL, 0),
(1616, 172, 26, 3, '2020-11-25 15:07:09', NULL, NULL, 0),
(1617, 172, 39, 3, '2020-11-25 15:07:09', NULL, NULL, 0),
(1618, 172, 38, 3, '2020-11-25 15:07:09', NULL, NULL, 0),
(1619, 172, 40, 3, '2020-11-25 15:07:09', NULL, NULL, 0),
(1620, 172, 14, 3, '2020-11-25 15:07:09', NULL, NULL, 0),
(1621, 172, 30, 3, '2020-11-25 15:07:09', NULL, NULL, 0),
(1622, 173, 22, 3, '2020-11-25 15:10:07', NULL, NULL, 0),
(1623, 173, 17, 3, '2020-11-25 15:10:07', NULL, NULL, 0),
(1624, 173, 18, 3, '2020-11-25 15:10:07', NULL, NULL, 0),
(1625, 173, 21, 3, '2020-11-25 15:10:07', NULL, NULL, 0),
(1626, 173, 20, 3, '2020-11-25 15:10:08', NULL, NULL, 0),
(1627, 173, 29, 3, '2020-11-25 15:10:08', NULL, NULL, 0),
(1628, 173, 27, 3, '2020-11-25 15:10:08', NULL, NULL, 0),
(1629, 173, 28, 3, '2020-11-25 15:10:08', NULL, NULL, 0),
(1630, 173, 12, 3, '2020-11-25 15:10:08', NULL, NULL, 0),
(1631, 173, 35, 3, '2020-11-25 15:10:08', NULL, NULL, 0),
(1632, 173, 14, 3, '2020-11-25 15:10:08', NULL, NULL, 0),
(1633, 173, 40, 3, '2020-11-25 15:10:08', NULL, NULL, 0),
(1634, 173, 39, 3, '2020-11-25 15:10:08', NULL, NULL, 0),
(1635, 173, 32, 3, '2020-11-25 15:10:08', NULL, NULL, 0),
(1636, 173, 38, 3, '2020-11-25 15:10:09', NULL, NULL, 0),
(1637, 174, 18, 3, '2020-11-25 15:15:16', NULL, NULL, 0),
(1638, 174, 13, 3, '2020-11-25 15:15:16', NULL, NULL, 0),
(1639, 174, 23, 3, '2020-11-25 15:15:16', NULL, NULL, 0),
(1640, 174, 17, 3, '2020-11-25 15:15:17', NULL, NULL, 0),
(1641, 174, 24, 3, '2020-11-25 15:15:17', NULL, NULL, 0),
(1642, 174, 36, 3, '2020-11-25 15:15:17', NULL, NULL, 0),
(1643, 174, 34, 3, '2020-11-25 15:15:17', NULL, NULL, 0),
(1644, 174, 29, 3, '2020-11-25 15:15:17', NULL, NULL, 0),
(1645, 174, 35, 3, '2020-11-25 15:15:17', NULL, NULL, 0),
(1646, 174, 27, 3, '2020-11-25 15:15:17', NULL, NULL, 0),
(1647, 174, 30, 3, '2020-11-25 15:15:17', NULL, NULL, 0),
(1648, 174, 40, 3, '2020-11-25 15:15:17', NULL, NULL, 0),
(1649, 174, 37, 3, '2020-11-25 15:15:18', NULL, NULL, 0),
(1650, 174, 38, 3, '2020-11-25 15:15:18', NULL, NULL, 0),
(1651, 174, 33, 3, '2020-11-25 15:15:18', NULL, NULL, 0),
(1652, 175, 19, 3, '2020-11-25 16:18:05', NULL, NULL, 0),
(1653, 175, 20, 3, '2020-11-25 16:18:06', NULL, NULL, 0),
(1654, 175, 17, 3, '2020-11-25 16:18:06', NULL, NULL, 0),
(1655, 175, 13, 3, '2020-11-25 16:18:06', NULL, NULL, 0),
(1656, 175, 24, 3, '2020-11-25 16:18:06', NULL, NULL, 0),
(1657, 175, 35, 3, '2020-11-25 16:18:06', NULL, NULL, 0),
(1658, 175, 27, 3, '2020-11-25 16:18:06', NULL, NULL, 0),
(1659, 175, 26, 3, '2020-11-25 16:18:06', NULL, NULL, 0),
(1660, 175, 28, 3, '2020-11-25 16:18:06', NULL, NULL, 0),
(1661, 175, 12, 3, '2020-11-25 16:18:06', NULL, NULL, 0),
(1662, 175, 41, 3, '2020-11-25 16:18:07', NULL, NULL, 0),
(1663, 175, 39, 3, '2020-11-25 16:18:07', NULL, NULL, 0),
(1664, 175, 32, 3, '2020-11-25 16:18:07', NULL, NULL, 0),
(1665, 175, 38, 3, '2020-11-25 16:18:07', NULL, NULL, 0),
(1666, 175, 40, 3, '2020-11-25 16:18:07', NULL, NULL, 0),
(1667, 176, 18, 3, '2020-11-26 02:07:41', NULL, NULL, 0),
(1668, 176, 23, 3, '2020-11-26 02:07:41', NULL, NULL, 0),
(1669, 176, 21, 3, '2020-11-26 02:07:41', NULL, NULL, 0),
(1670, 176, 24, 3, '2020-11-26 02:07:41', NULL, NULL, 0),
(1671, 176, 22, 3, '2020-11-26 02:07:41', NULL, NULL, 0),
(1672, 176, 29, 3, '2020-11-26 02:07:41', NULL, NULL, 0),
(1673, 176, 27, 3, '2020-11-26 02:07:42', NULL, NULL, 0),
(1674, 176, 35, 3, '2020-11-26 02:07:42', NULL, NULL, 0),
(1675, 176, 12, 3, '2020-11-26 02:07:42', NULL, NULL, 0),
(1676, 176, 26, 3, '2020-11-26 02:07:42', NULL, NULL, 0),
(1677, 176, 37, 3, '2020-11-26 02:07:42', NULL, NULL, 0),
(1678, 176, 30, 3, '2020-11-26 02:07:42', NULL, NULL, 0),
(1679, 176, 39, 3, '2020-11-26 02:07:42', NULL, NULL, 0),
(1680, 176, 32, 3, '2020-11-26 02:07:43', NULL, NULL, 0),
(1681, 176, 33, 3, '2020-11-26 02:07:43', NULL, NULL, 0),
(1682, 177, 21, 3, '2020-11-26 02:09:38', NULL, NULL, 0),
(1683, 177, 17, 3, '2020-11-26 02:09:38', NULL, NULL, 0),
(1684, 177, 20, 3, '2020-11-26 02:09:38', NULL, NULL, 0),
(1685, 177, 13, 3, '2020-11-26 02:09:38', NULL, NULL, 0),
(1686, 177, 19, 3, '2020-11-26 02:09:38', NULL, NULL, 0),
(1687, 177, 28, 3, '2020-11-26 02:09:39', NULL, NULL, 0),
(1688, 177, 36, 3, '2020-11-26 02:09:39', NULL, NULL, 0),
(1689, 177, 29, 3, '2020-11-26 02:09:39', NULL, NULL, 0),
(1690, 177, 26, 3, '2020-11-26 02:09:39', NULL, NULL, 0),
(1691, 177, 35, 3, '2020-11-26 02:09:39', NULL, NULL, 0),
(1692, 177, 14, 3, '2020-11-26 02:09:39', NULL, NULL, 0),
(1693, 177, 32, 3, '2020-11-26 02:09:39', NULL, NULL, 0),
(1694, 177, 37, 3, '2020-11-26 02:09:39', NULL, NULL, 0),
(1695, 177, 40, 3, '2020-11-26 02:09:39', NULL, NULL, 0),
(1696, 177, 41, 3, '2020-11-26 02:09:40', NULL, NULL, 0),
(1697, 178, 18, 3, '2020-11-26 02:15:32', NULL, NULL, 0),
(1698, 178, 19, 3, '2020-11-26 02:15:32', NULL, NULL, 0),
(1699, 178, 13, 3, '2020-11-26 02:15:32', NULL, NULL, 0),
(1700, 178, 21, 3, '2020-11-26 02:15:32', NULL, NULL, 0),
(1701, 178, 23, 3, '2020-11-26 02:15:32', NULL, NULL, 0),
(1702, 178, 36, 3, '2020-11-26 02:15:32', NULL, NULL, 0),
(1703, 178, 26, 3, '2020-11-26 02:15:32', NULL, NULL, 0),
(1704, 178, 34, 3, '2020-11-26 02:15:32', NULL, NULL, 0),
(1705, 178, 35, 3, '2020-11-26 02:15:32', NULL, NULL, 0),
(1706, 178, 28, 3, '2020-11-26 02:15:33', NULL, NULL, 0),
(1707, 178, 37, 3, '2020-11-26 02:15:33', NULL, NULL, 0),
(1708, 178, 38, 3, '2020-11-26 02:15:33', NULL, NULL, 0),
(1709, 178, 41, 3, '2020-11-26 02:15:33', NULL, NULL, 0),
(1710, 178, 30, 3, '2020-11-26 02:15:33', NULL, NULL, 0),
(1711, 178, 33, 3, '2020-11-26 02:15:33', NULL, NULL, 0),
(1712, 179, 19, 3, '2020-11-26 02:15:45', NULL, NULL, 0),
(1713, 179, 13, 3, '2020-11-26 02:15:45', NULL, NULL, 0),
(1714, 179, 24, 3, '2020-11-26 02:15:45', NULL, NULL, 0),
(1715, 179, 17, 3, '2020-11-26 02:15:45', NULL, NULL, 0),
(1716, 179, 21, 3, '2020-11-26 02:15:45', NULL, NULL, 0),
(1717, 179, 27, 3, '2020-11-26 02:15:46', NULL, NULL, 0),
(1718, 179, 35, 3, '2020-11-26 02:15:46', NULL, NULL, 0),
(1719, 179, 26, 3, '2020-11-26 02:15:46', NULL, NULL, 0),
(1720, 179, 36, 3, '2020-11-26 02:15:46', NULL, NULL, 0),
(1721, 179, 29, 3, '2020-11-26 02:15:46', NULL, NULL, 0),
(1722, 179, 39, 3, '2020-11-26 02:15:46', NULL, NULL, 0),
(1723, 179, 41, 3, '2020-11-26 02:15:46', NULL, NULL, 0),
(1724, 179, 14, 3, '2020-11-26 02:15:46', NULL, NULL, 0),
(1725, 179, 33, 3, '2020-11-26 02:15:47', NULL, NULL, 0),
(1726, 179, 31, 3, '2020-11-26 02:15:47', NULL, NULL, 0),
(1727, 180, 22, 3, '2020-11-26 02:17:14', NULL, NULL, 0),
(1728, 180, 21, 3, '2020-11-26 02:17:15', NULL, NULL, 0),
(1729, 180, 24, 3, '2020-11-26 02:17:15', NULL, NULL, 0),
(1730, 180, 23, 3, '2020-11-26 02:17:15', NULL, NULL, 0),
(1731, 180, 13, 3, '2020-11-26 02:17:15', NULL, NULL, 0),
(1732, 180, 29, 3, '2020-11-26 02:17:15', NULL, NULL, 0),
(1733, 180, 28, 3, '2020-11-26 02:17:15', NULL, NULL, 0),
(1734, 180, 27, 3, '2020-11-26 02:17:15', NULL, NULL, 0),
(1735, 180, 34, 3, '2020-11-26 02:17:15', NULL, NULL, 0),
(1736, 180, 26, 3, '2020-11-26 02:17:15', NULL, NULL, 0),
(1737, 180, 41, 3, '2020-11-26 02:17:16', NULL, NULL, 0),
(1738, 180, 37, 3, '2020-11-26 02:17:16', NULL, NULL, 0),
(1739, 180, 30, 3, '2020-11-26 02:17:16', NULL, NULL, 0),
(1740, 180, 31, 3, '2020-11-26 02:17:16', NULL, NULL, 0),
(1741, 180, 14, 3, '2020-11-26 02:17:16', NULL, NULL, 0),
(1742, 181, 20, 3, '2020-11-26 02:23:00', NULL, NULL, 0),
(1743, 181, 13, 3, '2020-11-26 02:23:00', NULL, NULL, 0),
(1744, 181, 24, 3, '2020-11-26 02:23:00', NULL, NULL, 0),
(1745, 181, 21, 3, '2020-11-26 02:23:00', NULL, NULL, 0),
(1746, 181, 23, 3, '2020-11-26 02:23:00', NULL, NULL, 0),
(1747, 181, 28, 3, '2020-11-26 02:23:01', NULL, NULL, 0),
(1748, 181, 12, 3, '2020-11-26 02:23:01', NULL, NULL, 0),
(1749, 181, 34, 3, '2020-11-26 02:23:01', NULL, NULL, 0),
(1750, 181, 35, 3, '2020-11-26 02:23:01', NULL, NULL, 0),
(1751, 181, 29, 3, '2020-11-26 02:23:01', NULL, NULL, 0),
(1752, 181, 14, 3, '2020-11-26 02:23:01', NULL, NULL, 0),
(1753, 181, 32, 3, '2020-11-26 02:23:01', NULL, NULL, 0),
(1754, 181, 38, 3, '2020-11-26 02:23:01', NULL, NULL, 0),
(1755, 181, 37, 3, '2020-11-26 02:23:02', NULL, NULL, 0),
(1756, 181, 40, 3, '2020-11-26 02:23:02', NULL, NULL, 0),
(1757, 182, 23, 3, '2020-11-26 02:23:13', NULL, NULL, 0),
(1758, 182, 20, 3, '2020-11-26 02:23:14', NULL, NULL, 0),
(1759, 182, 24, 3, '2020-11-26 02:23:14', NULL, NULL, 0),
(1760, 182, 13, 3, '2020-11-26 02:23:14', NULL, NULL, 0),
(1761, 182, 19, 3, '2020-11-26 02:23:14', NULL, NULL, 0),
(1762, 182, 29, 3, '2020-11-26 02:23:14', NULL, NULL, 0),
(1763, 182, 34, 3, '2020-11-26 02:23:15', NULL, NULL, 0),
(1764, 182, 36, 3, '2020-11-26 02:23:15', NULL, NULL, 0),
(1765, 182, 26, 3, '2020-11-26 02:23:15', NULL, NULL, 0),
(1766, 182, 28, 3, '2020-11-26 02:23:15', NULL, NULL, 0),
(1767, 182, 14, 3, '2020-11-26 02:23:15', NULL, NULL, 0),
(1768, 182, 38, 3, '2020-11-26 02:23:15', NULL, NULL, 0),
(1769, 182, 31, 3, '2020-11-26 02:23:15', NULL, NULL, 0),
(1770, 182, 30, 3, '2020-11-26 02:23:15', NULL, NULL, 0),
(1771, 182, 41, 3, '2020-11-26 02:23:16', NULL, NULL, 0),
(1772, 183, 21, 3, '2020-11-26 02:24:27', NULL, NULL, 0),
(1773, 183, 13, 3, '2020-11-26 02:24:28', NULL, NULL, 0),
(1774, 183, 18, 3, '2020-11-26 02:24:28', NULL, NULL, 0),
(1775, 183, 19, 3, '2020-11-26 02:24:28', NULL, NULL, 0),
(1776, 183, 24, 3, '2020-11-26 02:24:28', NULL, NULL, 0),
(1777, 183, 29, 3, '2020-11-26 02:24:28', NULL, NULL, 0),
(1778, 183, 12, 3, '2020-11-26 02:24:28', NULL, NULL, 0),
(1779, 183, 35, 3, '2020-11-26 02:24:29', NULL, NULL, 0),
(1780, 183, 28, 3, '2020-11-26 02:24:29', NULL, NULL, 0),
(1781, 183, 27, 3, '2020-11-26 02:24:29', NULL, NULL, 0),
(1782, 183, 41, 3, '2020-11-26 02:24:29', NULL, NULL, 0),
(1783, 183, 38, 3, '2020-11-26 02:24:29', NULL, NULL, 0),
(1784, 183, 37, 3, '2020-11-26 02:24:29', NULL, NULL, 0),
(1785, 183, 31, 3, '2020-11-26 02:24:29', NULL, NULL, 0),
(1786, 183, 14, 3, '2020-11-26 02:24:29', NULL, NULL, 0),
(1787, 184, 21, 3, '2020-11-26 02:41:14', NULL, NULL, 0),
(1788, 184, 24, 3, '2020-11-26 02:41:14', NULL, NULL, 0),
(1789, 184, 23, 3, '2020-11-26 02:41:14', NULL, NULL, 0),
(1790, 184, 22, 3, '2020-11-26 02:41:14', NULL, NULL, 0),
(1791, 184, 20, 3, '2020-11-26 02:41:14', NULL, NULL, 0),
(1792, 184, 35, 3, '2020-11-26 02:41:14', NULL, NULL, 0),
(1793, 184, 12, 3, '2020-11-26 02:41:14', NULL, NULL, 0),
(1794, 184, 28, 3, '2020-11-26 02:41:15', NULL, NULL, 0),
(1795, 184, 27, 3, '2020-11-26 02:41:15', NULL, NULL, 0),
(1796, 184, 36, 3, '2020-11-26 02:41:15', NULL, NULL, 0),
(1797, 184, 39, 3, '2020-11-26 02:41:15', NULL, NULL, 0),
(1798, 184, 40, 3, '2020-11-26 02:41:16', NULL, NULL, 0),
(1799, 184, 30, 3, '2020-11-26 02:41:16', NULL, NULL, 0),
(1800, 184, 31, 3, '2020-11-26 02:41:16', NULL, NULL, 0),
(1801, 184, 38, 3, '2020-11-26 02:41:16', NULL, NULL, 0),
(1802, 185, 18, 3, '2020-12-03 15:05:47', NULL, NULL, 0),
(1803, 185, 21, 3, '2020-12-03 15:05:47', NULL, NULL, 0),
(1804, 185, 22, 3, '2020-12-03 15:05:47', NULL, NULL, 0),
(1805, 185, 23, 3, '2020-12-03 15:05:47', NULL, NULL, 0),
(1806, 185, 17, 3, '2020-12-03 15:05:47', NULL, NULL, 0),
(1807, 185, 12, 3, '2020-12-03 15:05:48', NULL, NULL, 0),
(1808, 185, 35, 3, '2020-12-03 15:05:48', NULL, NULL, 0),
(1809, 185, 27, 3, '2020-12-03 15:05:48', NULL, NULL, 0),
(1810, 185, 29, 3, '2020-12-03 15:05:48', NULL, NULL, 0),
(1811, 185, 28, 3, '2020-12-03 15:05:48', NULL, NULL, 0),
(1812, 185, 30, 3, '2020-12-03 15:05:48', NULL, NULL, 0),
(1813, 185, 31, 3, '2020-12-03 15:05:48', NULL, NULL, 0),
(1814, 185, 32, 3, '2020-12-03 15:05:48', NULL, NULL, 0),
(1815, 185, 41, 3, '2020-12-03 15:05:48', NULL, NULL, 0),
(1816, 185, 39, 3, '2020-12-03 15:05:48', NULL, NULL, 0),
(1817, 186, 22, 3, '2020-12-08 04:05:10', NULL, NULL, 0),
(1818, 186, 18, 3, '2020-12-08 04:05:10', NULL, NULL, 0),
(1819, 186, 20, 3, '2020-12-08 04:05:10', NULL, NULL, 0),
(1820, 186, 24, 3, '2020-12-08 04:05:10', NULL, NULL, 0),
(1821, 186, 21, 3, '2020-12-08 04:05:10', NULL, NULL, 0),
(1822, 186, 34, 3, '2020-12-08 04:05:10', NULL, NULL, 0),
(1823, 186, 29, 3, '2020-12-08 04:05:10', NULL, NULL, 0),
(1824, 186, 35, 3, '2020-12-08 04:05:10', NULL, NULL, 0),
(1825, 186, 36, 3, '2020-12-08 04:05:10', NULL, NULL, 0),
(1826, 186, 12, 3, '2020-12-08 04:05:11', NULL, NULL, 0),
(1827, 186, 14, 3, '2020-12-08 04:05:11', NULL, NULL, 0),
(1828, 186, 39, 3, '2020-12-08 04:05:11', NULL, NULL, 0),
(1829, 186, 32, 3, '2020-12-08 04:05:11', NULL, NULL, 0),
(1830, 186, 30, 3, '2020-12-08 04:05:11', NULL, NULL, 0),
(1831, 186, 31, 3, '2020-12-08 04:05:11', NULL, NULL, 0),
(1832, 187, 20, 3, '2020-12-08 04:05:59', NULL, NULL, 0),
(1833, 187, 24, 3, '2020-12-08 04:05:59', NULL, NULL, 0),
(1834, 187, 21, 3, '2020-12-08 04:05:59', NULL, NULL, 0),
(1835, 187, 13, 3, '2020-12-08 04:05:59', NULL, NULL, 0),
(1836, 187, 18, 3, '2020-12-08 04:05:59', NULL, NULL, 0),
(1837, 187, 35, 3, '2020-12-08 04:05:59', NULL, NULL, 0),
(1838, 187, 12, 3, '2020-12-08 04:05:59', NULL, NULL, 0),
(1839, 187, 36, 3, '2020-12-08 04:06:00', NULL, NULL, 0),
(1840, 187, 27, 3, '2020-12-08 04:06:00', NULL, NULL, 0),
(1841, 187, 29, 3, '2020-12-08 04:06:00', NULL, NULL, 0),
(1842, 187, 41, 3, '2020-12-08 04:06:00', NULL, NULL, 0),
(1843, 187, 38, 3, '2020-12-08 04:06:00', NULL, NULL, 0),
(1844, 187, 39, 3, '2020-12-08 04:06:00', NULL, NULL, 0),
(1845, 187, 33, 3, '2020-12-08 04:06:00', NULL, NULL, 0),
(1846, 187, 32, 3, '2020-12-08 04:06:00', NULL, NULL, 0),
(1847, 188, 21, 3, '2020-12-08 04:07:56', NULL, NULL, 0),
(1848, 188, 24, 3, '2020-12-08 04:07:56', NULL, NULL, 0),
(1849, 188, 18, 3, '2020-12-08 04:07:56', NULL, NULL, 0),
(1850, 188, 19, 3, '2020-12-08 04:07:56', NULL, NULL, 0),
(1851, 188, 23, 3, '2020-12-08 04:07:56', NULL, NULL, 0),
(1852, 188, 29, 3, '2020-12-08 04:07:56', NULL, NULL, 0),
(1853, 188, 35, 3, '2020-12-08 04:07:56', NULL, NULL, 0),
(1854, 188, 12, 3, '2020-12-08 04:07:57', NULL, NULL, 0),
(1855, 188, 28, 3, '2020-12-08 04:07:57', NULL, NULL, 0),
(1856, 188, 27, 3, '2020-12-08 04:07:57', NULL, NULL, 0),
(1857, 188, 38, 3, '2020-12-08 04:07:57', NULL, NULL, 0),
(1858, 188, 40, 3, '2020-12-08 04:07:57', NULL, NULL, 0),
(1859, 188, 14, 3, '2020-12-08 04:07:57', NULL, NULL, 0),
(1860, 188, 41, 3, '2020-12-08 04:07:57', NULL, NULL, 0),
(1861, 188, 33, 3, '2020-12-08 04:07:57', NULL, NULL, 0),
(1862, 189, 19, 3, '2020-12-08 04:09:16', NULL, NULL, 0),
(1863, 189, 22, 3, '2020-12-08 04:09:16', NULL, NULL, 0),
(1864, 189, 23, 3, '2020-12-08 04:09:16', NULL, NULL, 0),
(1865, 189, 21, 3, '2020-12-08 04:09:16', NULL, NULL, 0),
(1866, 189, 20, 3, '2020-12-08 04:09:17', NULL, NULL, 0),
(1867, 189, 35, 3, '2020-12-08 04:09:17', NULL, NULL, 0),
(1868, 189, 28, 3, '2020-12-08 04:09:17', NULL, NULL, 0),
(1869, 189, 29, 3, '2020-12-08 04:09:17', NULL, NULL, 0),
(1870, 189, 12, 3, '2020-12-08 04:09:17', NULL, NULL, 0),
(1871, 189, 34, 3, '2020-12-08 04:09:17', NULL, NULL, 0),
(1872, 189, 39, 3, '2020-12-08 04:09:17', NULL, NULL, 0),
(1873, 189, 33, 3, '2020-12-08 04:09:17', NULL, NULL, 0),
(1874, 189, 37, 3, '2020-12-08 04:09:17', NULL, NULL, 0),
(1875, 189, 41, 3, '2020-12-08 04:09:17', NULL, NULL, 0),
(1876, 189, 40, 3, '2020-12-08 04:09:18', NULL, NULL, 0),
(1877, 190, 19, 3, '2020-12-08 04:11:03', NULL, NULL, 0),
(1878, 190, 24, 3, '2020-12-08 04:11:03', NULL, NULL, 0),
(1879, 190, 20, 3, '2020-12-08 04:11:03', NULL, NULL, 0),
(1880, 190, 23, 3, '2020-12-08 04:11:03', NULL, NULL, 0),
(1881, 190, 18, 3, '2020-12-08 04:11:03', NULL, NULL, 0),
(1882, 190, 27, 3, '2020-12-08 04:11:03', NULL, NULL, 0),
(1883, 190, 36, 3, '2020-12-08 04:11:03', NULL, NULL, 0),
(1884, 190, 12, 3, '2020-12-08 04:11:03', NULL, NULL, 0),
(1885, 190, 29, 3, '2020-12-08 04:11:04', NULL, NULL, 0),
(1886, 190, 35, 3, '2020-12-08 04:11:04', NULL, NULL, 0),
(1887, 190, 41, 3, '2020-12-08 04:11:04', NULL, NULL, 0),
(1888, 190, 31, 3, '2020-12-08 04:11:04', NULL, NULL, 0),
(1889, 190, 37, 3, '2020-12-08 04:11:04', NULL, NULL, 0),
(1890, 190, 39, 3, '2020-12-08 04:11:04', NULL, NULL, 0),
(1891, 190, 32, 3, '2020-12-08 04:11:04', NULL, NULL, 0),
(1892, 191, 20, 3, '2020-12-08 04:13:10', NULL, NULL, 0),
(1893, 191, 24, 3, '2020-12-08 04:13:10', NULL, NULL, 0),
(1894, 191, 17, 3, '2020-12-08 04:13:10', NULL, NULL, 0),
(1895, 191, 23, 3, '2020-12-08 04:13:10', NULL, NULL, 0),
(1896, 191, 13, 3, '2020-12-08 04:13:10', NULL, NULL, 0),
(1897, 191, 27, 3, '2020-12-08 04:13:10', NULL, NULL, 0),
(1898, 191, 29, 3, '2020-12-08 04:13:10', NULL, NULL, 0),
(1899, 191, 26, 3, '2020-12-08 04:13:10', NULL, NULL, 0),
(1900, 191, 34, 3, '2020-12-08 04:13:10', NULL, NULL, 0),
(1901, 191, 28, 3, '2020-12-08 04:13:11', NULL, NULL, 0),
(1902, 191, 32, 3, '2020-12-08 04:13:11', NULL, NULL, 0),
(1903, 191, 39, 3, '2020-12-08 04:13:11', NULL, NULL, 0),
(1904, 191, 31, 3, '2020-12-08 04:13:11', NULL, NULL, 0),
(1905, 191, 38, 3, '2020-12-08 04:13:11', NULL, NULL, 0),
(1906, 191, 30, 3, '2020-12-08 04:13:11', NULL, NULL, 0),
(1907, 192, 19, 3, '2020-12-08 04:13:36', NULL, NULL, 0),
(1908, 192, 13, 3, '2020-12-08 04:13:36', NULL, NULL, 0),
(1909, 192, 21, 3, '2020-12-08 04:13:36', NULL, NULL, 0),
(1910, 192, 17, 3, '2020-12-08 04:13:36', NULL, NULL, 0),
(1911, 192, 24, 3, '2020-12-08 04:13:36', NULL, NULL, 0),
(1912, 192, 26, 3, '2020-12-08 04:13:36', NULL, NULL, 0),
(1913, 192, 34, 3, '2020-12-08 04:13:36', NULL, NULL, 0),
(1914, 192, 35, 3, '2020-12-08 04:13:37', NULL, NULL, 0),
(1915, 192, 27, 3, '2020-12-08 04:13:37', NULL, NULL, 0),
(1916, 192, 29, 3, '2020-12-08 04:13:37', NULL, NULL, 0),
(1917, 192, 31, 3, '2020-12-08 04:13:37', NULL, NULL, 0),
(1918, 192, 40, 3, '2020-12-08 04:13:37', NULL, NULL, 0),
(1919, 192, 37, 3, '2020-12-08 04:13:37', NULL, NULL, 0),
(1920, 192, 30, 3, '2020-12-08 04:13:37', NULL, NULL, 0),
(1921, 192, 32, 3, '2020-12-08 04:13:37', NULL, NULL, 0),
(1922, 193, 19, 3, '2020-12-08 04:14:02', NULL, NULL, 0),
(1923, 193, 24, 3, '2020-12-08 04:14:02', NULL, NULL, 0),
(1924, 193, 23, 3, '2020-12-08 04:14:02', NULL, NULL, 0),
(1925, 193, 22, 3, '2020-12-08 04:14:02', NULL, NULL, 0),
(1926, 193, 21, 3, '2020-12-08 04:14:03', NULL, NULL, 0),
(1927, 193, 35, 3, '2020-12-08 04:14:03', NULL, NULL, 0),
(1928, 193, 26, 3, '2020-12-08 04:14:03', NULL, NULL, 0),
(1929, 193, 12, 3, '2020-12-08 04:14:03', NULL, NULL, 0),
(1930, 193, 29, 3, '2020-12-08 04:14:03', NULL, NULL, 0),
(1931, 193, 34, 3, '2020-12-08 04:14:03', NULL, NULL, 0),
(1932, 193, 38, 3, '2020-12-08 04:14:03', NULL, NULL, 0),
(1933, 193, 41, 3, '2020-12-08 04:14:03', NULL, NULL, 0),
(1934, 193, 39, 3, '2020-12-08 04:14:03', NULL, NULL, 0),
(1935, 193, 33, 3, '2020-12-08 04:14:04', NULL, NULL, 0),
(1936, 193, 40, 3, '2020-12-08 04:14:04', NULL, NULL, 0),
(1937, 194, 19, 3, '2020-12-08 04:16:47', NULL, NULL, 0),
(1938, 194, 23, 3, '2020-12-08 04:16:47', NULL, NULL, 0),
(1939, 194, 13, 3, '2020-12-08 04:16:47', NULL, NULL, 0),
(1940, 194, 22, 3, '2020-12-08 04:16:47', NULL, NULL, 0),
(1941, 194, 17, 3, '2020-12-08 04:16:47', NULL, NULL, 0),
(1942, 194, 27, 3, '2020-12-08 04:16:48', NULL, NULL, 0),
(1943, 194, 29, 3, '2020-12-08 04:16:48', NULL, NULL, 0),
(1944, 194, 35, 3, '2020-12-08 04:16:48', NULL, NULL, 0),
(1945, 194, 34, 3, '2020-12-08 04:16:48', NULL, NULL, 0),
(1946, 194, 36, 3, '2020-12-08 04:16:48', NULL, NULL, 0),
(1947, 194, 40, 3, '2020-12-08 04:16:48', NULL, NULL, 0),
(1948, 194, 39, 3, '2020-12-08 04:16:48', NULL, NULL, 0),
(1949, 194, 37, 3, '2020-12-08 04:16:48', NULL, NULL, 0),
(1950, 194, 33, 3, '2020-12-08 04:16:48', NULL, NULL, 0),
(1951, 194, 14, 3, '2020-12-08 04:16:48', NULL, NULL, 0),
(1952, 195, 19, 3, '2020-12-08 04:19:14', NULL, NULL, 0),
(1953, 195, 22, 3, '2020-12-08 04:19:14', NULL, NULL, 0),
(1954, 195, 13, 3, '2020-12-08 04:19:14', NULL, NULL, 0),
(1955, 195, 23, 3, '2020-12-08 04:19:14', NULL, NULL, 0),
(1956, 195, 20, 3, '2020-12-08 04:19:14', NULL, NULL, 0),
(1957, 195, 26, 3, '2020-12-08 04:19:14', NULL, NULL, 0),
(1958, 195, 27, 3, '2020-12-08 04:19:14', NULL, NULL, 0),
(1959, 195, 35, 3, '2020-12-08 04:19:14', NULL, NULL, 0),
(1960, 195, 29, 3, '2020-12-08 04:19:14', NULL, NULL, 0),
(1961, 195, 28, 3, '2020-12-08 04:19:15', NULL, NULL, 0),
(1962, 195, 33, 3, '2020-12-08 04:19:15', NULL, NULL, 0),
(1963, 195, 41, 3, '2020-12-08 04:19:15', NULL, NULL, 0),
(1964, 195, 40, 3, '2020-12-08 04:19:15', NULL, NULL, 0),
(1965, 195, 39, 3, '2020-12-08 04:19:15', NULL, NULL, 0),
(1966, 195, 37, 3, '2020-12-08 04:19:15', NULL, NULL, 0),
(1967, 197, 21, 3, '2020-12-08 04:39:52', NULL, NULL, 0),
(1968, 197, 18, 3, '2020-12-08 04:39:52', NULL, NULL, 0),
(1969, 197, 23, 3, '2020-12-08 04:39:52', NULL, NULL, 0),
(1970, 197, 13, 3, '2020-12-08 04:39:52', NULL, NULL, 0),
(1971, 197, 24, 3, '2020-12-08 04:39:52', NULL, NULL, 0),
(1972, 197, 36, 3, '2020-12-08 04:39:52', NULL, NULL, 0),
(1973, 197, 35, 3, '2020-12-08 04:39:52', NULL, NULL, 0),
(1974, 197, 27, 3, '2020-12-08 04:39:52', NULL, NULL, 0),
(1975, 197, 29, 3, '2020-12-08 04:39:53', NULL, NULL, 0),
(1976, 197, 12, 3, '2020-12-08 04:39:53', NULL, NULL, 0),
(1977, 197, 30, 3, '2020-12-08 04:39:53', NULL, NULL, 0),
(1978, 197, 31, 3, '2020-12-08 04:39:53', NULL, NULL, 0),
(1979, 197, 37, 3, '2020-12-08 04:39:53', NULL, NULL, 0),
(1980, 197, 14, 3, '2020-12-08 04:39:53', NULL, NULL, 0),
(1981, 197, 39, 3, '2020-12-08 04:39:53', NULL, NULL, 0),
(1982, 198, 20, 3, '2020-12-08 04:40:46', NULL, NULL, 0),
(1983, 198, 23, 3, '2020-12-08 04:40:46', NULL, NULL, 0),
(1984, 198, 17, 3, '2020-12-08 04:40:47', NULL, NULL, 0),
(1985, 198, 21, 3, '2020-12-08 04:40:47', NULL, NULL, 0),
(1986, 198, 18, 3, '2020-12-08 04:40:47', NULL, NULL, 0),
(1987, 198, 35, 3, '2020-12-08 04:40:47', NULL, NULL, 0),
(1988, 198, 34, 3, '2020-12-08 04:40:47', NULL, NULL, 0),
(1989, 198, 26, 3, '2020-12-08 04:40:47', NULL, NULL, 0),
(1990, 198, 29, 3, '2020-12-08 04:40:47', NULL, NULL, 0),
(1991, 198, 12, 3, '2020-12-08 04:40:47', NULL, NULL, 0),
(1992, 198, 30, 3, '2020-12-08 04:40:47', NULL, NULL, 0),
(1993, 198, 41, 3, '2020-12-08 04:40:48', NULL, NULL, 0),
(1994, 198, 32, 3, '2020-12-08 04:40:48', NULL, NULL, 0),
(1995, 198, 39, 3, '2020-12-08 04:40:48', NULL, NULL, 0),
(1996, 198, 40, 3, '2020-12-08 04:40:48', NULL, NULL, 0),
(1997, 199, 23, 3, '2020-12-08 04:41:32', NULL, NULL, 0),
(1998, 199, 19, 3, '2020-12-08 04:41:32', NULL, NULL, 0),
(1999, 199, 20, 3, '2020-12-08 04:41:32', NULL, NULL, 0),
(2000, 199, 18, 3, '2020-12-08 04:41:32', NULL, NULL, 0),
(2001, 199, 24, 3, '2020-12-08 04:41:32', NULL, NULL, 0),
(2002, 199, 28, 3, '2020-12-08 04:41:32', NULL, NULL, 0),
(2003, 199, 29, 3, '2020-12-08 04:41:33', NULL, NULL, 0),
(2004, 199, 35, 3, '2020-12-08 04:41:33', NULL, NULL, 0),
(2005, 199, 34, 3, '2020-12-08 04:41:33', NULL, NULL, 0),
(2006, 199, 12, 3, '2020-12-08 04:41:33', NULL, NULL, 0),
(2007, 199, 33, 3, '2020-12-08 04:41:33', NULL, NULL, 0),
(2008, 199, 39, 3, '2020-12-08 04:41:33', NULL, NULL, 0),
(2009, 199, 30, 3, '2020-12-08 04:41:33', NULL, NULL, 0),
(2010, 199, 31, 3, '2020-12-08 04:41:33', NULL, NULL, 0),
(2011, 199, 38, 3, '2020-12-08 04:41:33', NULL, NULL, 0),
(2012, 200, 22, 3, '2020-12-08 05:04:08', NULL, NULL, 0),
(2013, 200, 17, 3, '2020-12-08 05:04:08', NULL, NULL, 0),
(2014, 200, 24, 3, '2020-12-08 05:04:09', NULL, NULL, 0),
(2015, 200, 20, 3, '2020-12-08 05:04:09', NULL, NULL, 0),
(2016, 200, 13, 3, '2020-12-08 05:04:09', NULL, NULL, 0),
(2017, 200, 35, 3, '2020-12-08 05:04:09', NULL, NULL, 0),
(2018, 200, 34, 3, '2020-12-08 05:04:09', NULL, NULL, 0),
(2019, 200, 29, 3, '2020-12-08 05:04:09', NULL, NULL, 0),
(2020, 200, 28, 3, '2020-12-08 05:04:09', NULL, NULL, 0),
(2021, 200, 27, 3, '2020-12-08 05:04:09', NULL, NULL, 0),
(2022, 200, 40, 3, '2020-12-08 05:04:09', NULL, NULL, 0),
(2023, 200, 30, 3, '2020-12-08 05:04:09', NULL, NULL, 0),
(2024, 200, 39, 3, '2020-12-08 05:04:10', NULL, NULL, 0),
(2025, 200, 37, 3, '2020-12-08 05:04:10', NULL, NULL, 0),
(2026, 200, 32, 3, '2020-12-08 05:04:10', NULL, NULL, 0),
(2027, 201, 22, 3, '2020-12-08 05:06:17', NULL, NULL, 0),
(2028, 201, 20, 3, '2020-12-08 05:06:17', NULL, NULL, 0),
(2029, 201, 18, 3, '2020-12-08 05:06:17', NULL, NULL, 0),
(2030, 201, 24, 3, '2020-12-08 05:06:17', NULL, NULL, 0),
(2031, 201, 19, 3, '2020-12-08 05:06:17', NULL, NULL, 0),
(2032, 201, 27, 3, '2020-12-08 05:06:17', NULL, NULL, 0),
(2033, 201, 28, 3, '2020-12-08 05:06:18', NULL, NULL, 0),
(2034, 201, 29, 3, '2020-12-08 05:06:18', NULL, NULL, 0),
(2035, 201, 12, 3, '2020-12-08 05:06:18', NULL, NULL, 0),
(2036, 201, 34, 3, '2020-12-08 05:06:18', NULL, NULL, 0),
(2037, 201, 33, 3, '2020-12-08 05:06:18', NULL, NULL, 0),
(2038, 201, 41, 3, '2020-12-08 05:06:18', NULL, NULL, 0),
(2039, 201, 40, 3, '2020-12-08 05:06:18', NULL, NULL, 0),
(2040, 201, 39, 3, '2020-12-08 05:06:18', NULL, NULL, 0),
(2041, 201, 31, 3, '2020-12-08 05:06:18', NULL, NULL, 0),
(2042, 202, 17, 3, '2020-12-08 05:07:38', NULL, NULL, 0),
(2043, 202, 20, 3, '2020-12-08 05:07:38', NULL, NULL, 0),
(2044, 202, 23, 3, '2020-12-08 05:07:38', NULL, NULL, 0),
(2045, 202, 19, 3, '2020-12-08 05:07:38', NULL, NULL, 0),
(2046, 202, 13, 3, '2020-12-08 05:07:39', NULL, NULL, 0),
(2047, 202, 12, 3, '2020-12-08 05:07:39', NULL, NULL, 0),
(2048, 202, 36, 3, '2020-12-08 05:07:39', NULL, NULL, 0),
(2049, 202, 35, 3, '2020-12-08 05:07:39', NULL, NULL, 0),
(2050, 202, 29, 3, '2020-12-08 05:07:39', NULL, NULL, 0),
(2051, 202, 27, 3, '2020-12-08 05:07:39', NULL, NULL, 0),
(2052, 202, 32, 3, '2020-12-08 05:07:39', NULL, NULL, 0),
(2053, 202, 41, 3, '2020-12-08 05:07:39', NULL, NULL, 0),
(2054, 202, 31, 3, '2020-12-08 05:07:39', NULL, NULL, 0),
(2055, 202, 38, 3, '2020-12-08 05:07:39', NULL, NULL, 0),
(2056, 202, 14, 3, '2020-12-08 05:07:40', NULL, NULL, 0),
(2057, 203, 17, 3, '2020-12-08 05:23:07', NULL, NULL, 0),
(2058, 203, 23, 3, '2020-12-08 05:23:08', NULL, NULL, 0),
(2059, 203, 21, 3, '2020-12-08 05:23:08', NULL, NULL, 0),
(2060, 203, 20, 3, '2020-12-08 05:23:08', NULL, NULL, 0),
(2061, 203, 18, 3, '2020-12-08 05:23:08', NULL, NULL, 0),
(2062, 203, 28, 3, '2020-12-08 05:23:08', NULL, NULL, 0),
(2063, 203, 34, 3, '2020-12-08 05:23:08', NULL, NULL, 0),
(2064, 203, 26, 3, '2020-12-08 05:23:08', NULL, NULL, 0),
(2065, 203, 36, 3, '2020-12-08 05:23:08', NULL, NULL, 0),
(2066, 203, 27, 3, '2020-12-08 05:23:08', NULL, NULL, 0),
(2067, 203, 32, 3, '2020-12-08 05:23:09', NULL, NULL, 0),
(2068, 203, 37, 3, '2020-12-08 05:23:09', NULL, NULL, 0),
(2069, 203, 41, 3, '2020-12-08 05:23:09', NULL, NULL, 0),
(2070, 203, 39, 3, '2020-12-08 05:23:09', NULL, NULL, 0),
(2071, 203, 33, 3, '2020-12-08 05:23:09', NULL, NULL, 0),
(2072, 204, 18, 3, '2020-12-08 05:25:21', NULL, NULL, 0),
(2073, 204, 21, 3, '2020-12-08 05:25:21', NULL, NULL, 0),
(2074, 204, 20, 3, '2020-12-08 05:25:21', NULL, NULL, 0),
(2075, 204, 22, 3, '2020-12-08 05:25:21', NULL, NULL, 0),
(2076, 204, 19, 3, '2020-12-08 05:25:21', NULL, NULL, 0),
(2077, 204, 29, 3, '2020-12-08 05:25:21', NULL, NULL, 0),
(2078, 204, 28, 3, '2020-12-08 05:25:21', NULL, NULL, 0),
(2079, 204, 36, 3, '2020-12-08 05:25:21', NULL, NULL, 0),
(2080, 204, 26, 3, '2020-12-08 05:25:21', NULL, NULL, 0),
(2081, 204, 35, 3, '2020-12-08 05:25:22', NULL, NULL, 0),
(2082, 204, 31, 3, '2020-12-08 05:25:22', NULL, NULL, 0),
(2083, 204, 33, 3, '2020-12-08 05:25:22', NULL, NULL, 0),
(2084, 204, 41, 3, '2020-12-08 05:25:22', NULL, NULL, 0),
(2085, 204, 37, 3, '2020-12-08 05:25:22', NULL, NULL, 0),
(2086, 204, 39, 3, '2020-12-08 05:25:22', NULL, NULL, 0),
(2087, 206, 19, 3, '2020-12-08 05:50:11', NULL, NULL, 0),
(2088, 206, 23, 3, '2020-12-08 05:50:11', NULL, NULL, 0),
(2089, 206, 13, 3, '2020-12-08 05:50:11', NULL, NULL, 0),
(2090, 206, 18, 3, '2020-12-08 05:50:11', NULL, NULL, 0),
(2091, 206, 20, 3, '2020-12-08 05:50:11', NULL, NULL, 0),
(2092, 206, 35, 3, '2020-12-08 05:50:12', NULL, NULL, 0),
(2093, 206, 34, 3, '2020-12-08 05:50:12', NULL, NULL, 0),
(2094, 206, 28, 3, '2020-12-08 05:50:12', NULL, NULL, 0),
(2095, 206, 26, 3, '2020-12-08 05:50:12', NULL, NULL, 0),
(2096, 206, 29, 3, '2020-12-08 05:50:12', NULL, NULL, 0),
(2097, 206, 40, 3, '2020-12-08 05:50:12', NULL, NULL, 0),
(2098, 206, 33, 3, '2020-12-08 05:50:12', NULL, NULL, 0),
(2099, 206, 32, 3, '2020-12-08 05:50:12', NULL, NULL, 0),
(2100, 206, 31, 3, '2020-12-08 05:50:12', NULL, NULL, 0),
(2101, 206, 37, 3, '2020-12-08 05:50:13', NULL, NULL, 0),
(2102, 207, 23, 3, '2020-12-08 06:02:57', NULL, NULL, 0),
(2103, 207, 19, 3, '2020-12-08 06:02:57', NULL, NULL, 0),
(2104, 207, 20, 3, '2020-12-08 06:02:57', NULL, NULL, 0),
(2105, 207, 18, 3, '2020-12-08 06:02:57', NULL, NULL, 0),
(2106, 207, 13, 3, '2020-12-08 06:02:57', NULL, NULL, 0),
(2107, 207, 29, 3, '2020-12-08 06:02:57', NULL, NULL, 0),
(2108, 207, 27, 3, '2020-12-08 06:02:58', NULL, NULL, 0),
(2109, 207, 34, 3, '2020-12-08 06:02:58', NULL, NULL, 0),
(2110, 207, 28, 3, '2020-12-08 06:02:58', NULL, NULL, 0),
(2111, 207, 12, 3, '2020-12-08 06:02:58', NULL, NULL, 0),
(2112, 207, 37, 3, '2020-12-08 06:02:58', NULL, NULL, 0),
(2113, 207, 31, 3, '2020-12-08 06:02:58', NULL, NULL, 0),
(2114, 207, 33, 3, '2020-12-08 06:02:58', NULL, NULL, 0),
(2115, 207, 30, 3, '2020-12-08 06:02:58', NULL, NULL, 0),
(2116, 207, 39, 3, '2020-12-08 06:02:58', NULL, NULL, 0),
(2117, 208, 23, 3, '2020-12-08 06:08:18', NULL, NULL, 0),
(2118, 208, 24, 3, '2020-12-08 06:08:18', NULL, NULL, 0),
(2119, 208, 17, 3, '2020-12-08 06:08:18', NULL, NULL, 0),
(2120, 208, 18, 3, '2020-12-08 06:08:18', NULL, NULL, 0),
(2121, 208, 13, 3, '2020-12-08 06:08:18', NULL, NULL, 0),
(2122, 208, 26, 3, '2020-12-08 06:08:18', NULL, NULL, 0),
(2123, 208, 34, 3, '2020-12-08 06:08:18', NULL, NULL, 0),
(2124, 208, 36, 3, '2020-12-08 06:08:18', NULL, NULL, 0),
(2125, 208, 12, 3, '2020-12-08 06:08:19', NULL, NULL, 0),
(2126, 208, 28, 3, '2020-12-08 06:08:19', NULL, NULL, 0),
(2127, 208, 37, 3, '2020-12-08 06:08:19', NULL, NULL, 0),
(2128, 208, 33, 3, '2020-12-08 06:08:19', NULL, NULL, 0),
(2129, 208, 14, 3, '2020-12-08 06:08:19', NULL, NULL, 0),
(2130, 208, 31, 3, '2020-12-08 06:08:19', NULL, NULL, 0),
(2131, 208, 39, 3, '2020-12-08 06:08:19', NULL, NULL, 0),
(2132, 209, 24, 3, '2020-12-08 06:10:32', NULL, NULL, 0),
(2133, 209, 20, 3, '2020-12-08 06:10:32', NULL, NULL, 0),
(2134, 209, 18, 3, '2020-12-08 06:10:32', NULL, NULL, 0),
(2135, 209, 23, 3, '2020-12-08 06:10:32', NULL, NULL, 0),
(2136, 209, 13, 3, '2020-12-08 06:10:33', NULL, NULL, 0),
(2137, 209, 27, 3, '2020-12-08 06:10:33', NULL, NULL, 0),
(2138, 209, 12, 3, '2020-12-08 06:10:33', NULL, NULL, 0),
(2139, 209, 28, 3, '2020-12-08 06:10:33', NULL, NULL, 0),
(2140, 209, 36, 3, '2020-12-08 06:10:33', NULL, NULL, 0),
(2141, 209, 34, 3, '2020-12-08 06:10:33', NULL, NULL, 0),
(2142, 209, 40, 3, '2020-12-08 06:10:33', NULL, NULL, 0),
(2143, 209, 37, 3, '2020-12-08 06:10:33', NULL, NULL, 0),
(2144, 209, 39, 3, '2020-12-08 06:10:33', NULL, NULL, 0),
(2145, 209, 30, 3, '2020-12-08 06:10:34', NULL, NULL, 0),
(2146, 209, 14, 3, '2020-12-08 06:10:34', NULL, NULL, 0),
(2147, 210, 13, 3, '2020-12-08 06:14:19', NULL, NULL, 0),
(2148, 210, 23, 3, '2020-12-08 06:14:19', NULL, NULL, 0),
(2149, 210, 21, 3, '2020-12-08 06:14:20', NULL, NULL, 0),
(2150, 210, 22, 3, '2020-12-08 06:14:20', NULL, NULL, 0),
(2151, 210, 18, 3, '2020-12-08 06:14:20', NULL, NULL, 0),
(2152, 210, 12, 3, '2020-12-08 06:14:20', NULL, NULL, 0),
(2153, 210, 26, 3, '2020-12-08 06:14:20', NULL, NULL, 0),
(2154, 210, 35, 3, '2020-12-08 06:14:20', NULL, NULL, 0),
(2155, 210, 28, 3, '2020-12-08 06:14:20', NULL, NULL, 0),
(2156, 210, 29, 3, '2020-12-08 06:14:20', NULL, NULL, 0),
(2157, 210, 14, 3, '2020-12-08 06:14:20', NULL, NULL, 0),
(2158, 210, 38, 3, '2020-12-08 06:14:21', NULL, NULL, 0),
(2159, 210, 37, 3, '2020-12-08 06:14:21', NULL, NULL, 0),
(2160, 210, 33, 3, '2020-12-08 06:14:21', NULL, NULL, 0),
(2161, 210, 30, 3, '2020-12-08 06:14:21', NULL, NULL, 0),
(2162, 211, 13, 3, '2020-12-08 06:15:41', NULL, NULL, 0),
(2163, 211, 24, 3, '2020-12-08 06:15:41', NULL, NULL, 0),
(2164, 211, 17, 3, '2020-12-08 06:15:41', NULL, NULL, 0),
(2165, 211, 20, 3, '2020-12-08 06:15:41', NULL, NULL, 0),
(2166, 211, 22, 3, '2020-12-08 06:15:42', NULL, NULL, 0),
(2167, 211, 28, 3, '2020-12-08 06:15:42', NULL, NULL, 0),
(2168, 211, 29, 3, '2020-12-08 06:15:42', NULL, NULL, 0),
(2169, 211, 35, 3, '2020-12-08 06:15:42', NULL, NULL, 0),
(2170, 211, 36, 3, '2020-12-08 06:15:42', NULL, NULL, 0),
(2171, 211, 27, 3, '2020-12-08 06:15:42', NULL, NULL, 0),
(2172, 211, 30, 3, '2020-12-08 06:15:42', NULL, NULL, 0),
(2173, 211, 39, 3, '2020-12-08 06:15:42', NULL, NULL, 0),
(2174, 211, 31, 3, '2020-12-08 06:15:42', NULL, NULL, 0),
(2175, 211, 33, 3, '2020-12-08 06:15:42', NULL, NULL, 0),
(2176, 211, 40, 3, '2020-12-08 06:15:43', NULL, NULL, 0),
(2177, 212, 21, 3, '2020-12-08 06:16:36', NULL, NULL, 0),
(2178, 212, 24, 3, '2020-12-08 06:16:36', NULL, NULL, 0),
(2179, 212, 22, 3, '2020-12-08 06:16:36', NULL, NULL, 0),
(2180, 212, 19, 3, '2020-12-08 06:16:36', NULL, NULL, 0),
(2181, 212, 20, 3, '2020-12-08 06:16:36', NULL, NULL, 0),
(2182, 212, 36, 3, '2020-12-08 06:16:36', NULL, NULL, 0),
(2183, 212, 29, 3, '2020-12-08 06:16:36', NULL, NULL, 0),
(2184, 212, 12, 3, '2020-12-08 06:16:37', NULL, NULL, 0),
(2185, 212, 35, 3, '2020-12-08 06:16:37', NULL, NULL, 0),
(2186, 212, 28, 3, '2020-12-08 06:16:37', NULL, NULL, 0),
(2187, 212, 14, 3, '2020-12-08 06:16:37', NULL, NULL, 0),
(2188, 212, 39, 3, '2020-12-08 06:16:37', NULL, NULL, 0),
(2189, 212, 33, 3, '2020-12-08 06:16:37', NULL, NULL, 0),
(2190, 212, 38, 3, '2020-12-08 06:16:37', NULL, NULL, 0),
(2191, 212, 32, 3, '2020-12-08 06:16:37', NULL, NULL, 0),
(2192, 213, 13, 3, '2020-12-08 06:20:22', NULL, NULL, 0),
(2193, 213, 23, 3, '2020-12-08 06:20:22', NULL, NULL, 0),
(2194, 213, 22, 3, '2020-12-08 06:20:22', NULL, NULL, 0),
(2195, 213, 19, 3, '2020-12-08 06:20:22', NULL, NULL, 0),
(2196, 213, 21, 3, '2020-12-08 06:20:22', NULL, NULL, 0),
(2197, 213, 26, 3, '2020-12-08 06:20:22', NULL, NULL, 0),
(2198, 213, 29, 3, '2020-12-08 06:20:22', NULL, NULL, 0),
(2199, 213, 27, 3, '2020-12-08 06:20:23', NULL, NULL, 0),
(2200, 213, 28, 3, '2020-12-08 06:20:23', NULL, NULL, 0),
(2201, 213, 12, 3, '2020-12-08 06:20:23', NULL, NULL, 0),
(2202, 213, 33, 3, '2020-12-08 06:20:23', NULL, NULL, 0),
(2203, 213, 31, 3, '2020-12-08 06:20:23', NULL, NULL, 0),
(2204, 213, 37, 3, '2020-12-08 06:20:23', NULL, NULL, 0),
(2205, 213, 40, 3, '2020-12-08 06:20:23', NULL, NULL, 0),
(2206, 213, 14, 3, '2020-12-08 06:20:24', NULL, NULL, 0),
(2207, 214, 13, 3, '2020-12-08 06:26:52', NULL, NULL, 0),
(2208, 214, 22, 3, '2020-12-08 06:26:52', NULL, NULL, 0),
(2209, 214, 20, 3, '2020-12-08 06:26:52', NULL, NULL, 0),
(2210, 214, 17, 3, '2020-12-08 06:26:52', NULL, NULL, 0),
(2211, 214, 23, 3, '2020-12-08 06:26:52', NULL, NULL, 0),
(2212, 214, 28, 3, '2020-12-08 06:26:52', NULL, NULL, 0),
(2213, 214, 35, 3, '2020-12-08 06:26:53', NULL, NULL, 0),
(2214, 214, 12, 3, '2020-12-08 06:26:53', NULL, NULL, 0),
(2215, 214, 34, 3, '2020-12-08 06:26:53', NULL, NULL, 0),
(2216, 214, 36, 3, '2020-12-08 06:26:53', NULL, NULL, 0),
(2217, 214, 14, 3, '2020-12-08 06:26:53', NULL, NULL, 0),
(2218, 214, 41, 3, '2020-12-08 06:26:53', NULL, NULL, 0),
(2219, 214, 33, 3, '2020-12-08 06:26:53', NULL, NULL, 0),
(2220, 214, 31, 3, '2020-12-08 06:26:53', NULL, NULL, 0),
(2221, 214, 40, 3, '2020-12-08 06:26:53', NULL, NULL, 0),
(2222, 215, 17, 3, '2020-12-08 06:28:25', NULL, NULL, 0),
(2223, 215, 19, 3, '2020-12-08 06:28:25', NULL, NULL, 0),
(2224, 215, 23, 3, '2020-12-08 06:28:26', NULL, NULL, 0),
(2225, 215, 20, 3, '2020-12-08 06:28:26', NULL, NULL, 0),
(2226, 215, 24, 3, '2020-12-08 06:28:26', NULL, NULL, 0),
(2227, 215, 36, 3, '2020-12-08 06:28:26', NULL, NULL, 0),
(2228, 215, 35, 3, '2020-12-08 06:28:26', NULL, NULL, 0),
(2229, 215, 28, 3, '2020-12-08 06:28:26', NULL, NULL, 0),
(2230, 215, 26, 3, '2020-12-08 06:28:26', NULL, NULL, 0),
(2231, 215, 27, 3, '2020-12-08 06:28:26', NULL, NULL, 0),
(2232, 215, 32, 3, '2020-12-08 06:28:26', NULL, NULL, 0),
(2233, 215, 38, 3, '2020-12-08 06:28:27', NULL, NULL, 0),
(2234, 215, 33, 3, '2020-12-08 06:28:27', NULL, NULL, 0),
(2235, 215, 31, 3, '2020-12-08 06:28:27', NULL, NULL, 0),
(2236, 215, 30, 3, '2020-12-08 06:28:27', NULL, NULL, 0),
(2237, 216, 17, 3, '2020-12-08 07:52:43', NULL, NULL, 0),
(2238, 216, 24, 3, '2020-12-08 07:52:43', NULL, NULL, 0),
(2239, 216, 19, 3, '2020-12-08 07:52:43', NULL, NULL, 0),
(2240, 216, 22, 3, '2020-12-08 07:52:44', NULL, NULL, 0),
(2241, 216, 23, 3, '2020-12-08 07:52:44', NULL, NULL, 0),
(2242, 216, 27, 3, '2020-12-08 07:52:44', NULL, NULL, 0),
(2243, 216, 29, 3, '2020-12-08 07:52:44', NULL, NULL, 0),
(2244, 216, 28, 3, '2020-12-08 07:52:44', NULL, NULL, 0),
(2245, 216, 12, 3, '2020-12-08 07:52:44', NULL, NULL, 0),
(2246, 216, 36, 3, '2020-12-08 07:52:44', NULL, NULL, 0),
(2247, 216, 31, 3, '2020-12-08 07:52:44', NULL, NULL, 0),
(2248, 216, 30, 3, '2020-12-08 07:52:44', NULL, NULL, 0),
(2249, 216, 38, 3, '2020-12-08 07:52:45', NULL, NULL, 0),
(2250, 216, 40, 3, '2020-12-08 07:52:45', NULL, NULL, 0),
(2251, 216, 41, 3, '2020-12-08 07:52:45', NULL, NULL, 0),
(2252, 217, 19, 3, '2020-12-08 07:59:55', NULL, NULL, 0),
(2253, 217, 24, 3, '2020-12-08 07:59:55', NULL, NULL, 0),
(2254, 217, 18, 3, '2020-12-08 07:59:55', NULL, NULL, 0),
(2255, 217, 20, 3, '2020-12-08 07:59:55', NULL, NULL, 0),
(2256, 217, 17, 3, '2020-12-08 07:59:55', NULL, NULL, 0),
(2257, 217, 35, 3, '2020-12-08 07:59:55', NULL, NULL, 0),
(2258, 217, 27, 3, '2020-12-08 07:59:55', NULL, NULL, 0),
(2259, 217, 29, 3, '2020-12-08 07:59:56', NULL, NULL, 0),
(2260, 217, 26, 3, '2020-12-08 07:59:56', NULL, NULL, 0),
(2261, 217, 12, 3, '2020-12-08 07:59:56', NULL, NULL, 0),
(2262, 217, 38, 3, '2020-12-08 07:59:56', NULL, NULL, 0),
(2263, 217, 37, 3, '2020-12-08 07:59:56', NULL, NULL, 0),
(2264, 217, 32, 3, '2020-12-08 07:59:56', NULL, NULL, 0),
(2265, 217, 31, 3, '2020-12-08 07:59:56', NULL, NULL, 0),
(2266, 217, 41, 3, '2020-12-08 07:59:56', NULL, NULL, 0),
(2267, 218, 17, 3, '2020-12-08 08:02:03', NULL, NULL, 0),
(2268, 218, 21, 3, '2020-12-08 08:02:04', NULL, NULL, 0),
(2269, 218, 19, 3, '2020-12-08 08:02:04', NULL, NULL, 0),
(2270, 218, 13, 3, '2020-12-08 08:02:04', NULL, NULL, 0),
(2271, 218, 23, 3, '2020-12-08 08:02:04', NULL, NULL, 0),
(2272, 218, 26, 3, '2020-12-08 08:02:04', NULL, NULL, 0),
(2273, 218, 12, 3, '2020-12-08 08:02:04', NULL, NULL, 0),
(2274, 218, 29, 3, '2020-12-08 08:02:04', NULL, NULL, 0),
(2275, 218, 35, 3, '2020-12-08 08:02:04', NULL, NULL, 0),
(2276, 218, 34, 3, '2020-12-08 08:02:04', NULL, NULL, 0),
(2277, 218, 31, 3, '2020-12-08 08:02:05', NULL, NULL, 0),
(2278, 218, 30, 3, '2020-12-08 08:02:05', NULL, NULL, 0),
(2279, 218, 14, 3, '2020-12-08 08:02:05', NULL, NULL, 0),
(2280, 218, 33, 3, '2020-12-08 08:02:05', NULL, NULL, 0),
(2281, 218, 39, 3, '2020-12-08 08:02:05', NULL, NULL, 0),
(2282, 219, 19, 3, '2020-12-08 08:04:32', NULL, NULL, 0),
(2283, 219, 22, 3, '2020-12-08 08:04:32', NULL, NULL, 0),
(2284, 219, 18, 3, '2020-12-08 08:04:32', NULL, NULL, 0),
(2285, 219, 24, 3, '2020-12-08 08:04:33', NULL, NULL, 0),
(2286, 219, 20, 3, '2020-12-08 08:04:33', NULL, NULL, 0),
(2287, 219, 35, 3, '2020-12-08 08:04:33', NULL, NULL, 0),
(2288, 219, 27, 3, '2020-12-08 08:04:33', NULL, NULL, 0),
(2289, 219, 34, 3, '2020-12-08 08:04:33', NULL, NULL, 0),
(2290, 219, 36, 3, '2020-12-08 08:04:33', NULL, NULL, 0),
(2291, 219, 28, 3, '2020-12-08 08:04:33', NULL, NULL, 0),
(2292, 219, 33, 3, '2020-12-08 08:04:33', NULL, NULL, 0),
(2293, 219, 40, 3, '2020-12-08 08:04:33', NULL, NULL, 0),
(2294, 219, 39, 3, '2020-12-08 08:04:33', NULL, NULL, 0),
(2295, 219, 41, 3, '2020-12-08 08:04:34', NULL, NULL, 0),
(2296, 219, 32, 3, '2020-12-08 08:04:34', NULL, NULL, 0),
(2297, 220, 21, 3, '2020-12-08 08:07:38', NULL, NULL, 0),
(2298, 220, 17, 3, '2020-12-08 08:07:38', NULL, NULL, 0),
(2299, 220, 20, 3, '2020-12-08 08:07:38', NULL, NULL, 0),
(2300, 220, 13, 3, '2020-12-08 08:07:38', NULL, NULL, 0),
(2301, 220, 24, 3, '2020-12-08 08:07:38', NULL, NULL, 0),
(2302, 220, 34, 3, '2020-12-08 08:07:38', NULL, NULL, 0),
(2303, 220, 28, 3, '2020-12-08 08:07:39', NULL, NULL, 0),
(2304, 220, 36, 3, '2020-12-08 08:07:39', NULL, NULL, 0),
(2305, 220, 26, 3, '2020-12-08 08:07:39', NULL, NULL, 0),
(2306, 220, 35, 3, '2020-12-08 08:07:39', NULL, NULL, 0),
(2307, 220, 32, 3, '2020-12-08 08:07:39', NULL, NULL, 0),
(2308, 220, 39, 3, '2020-12-08 08:07:39', NULL, NULL, 0),
(2309, 220, 41, 3, '2020-12-08 08:07:39', NULL, NULL, 0),
(2310, 220, 33, 3, '2020-12-08 08:07:39', NULL, NULL, 0),
(2311, 220, 38, 3, '2020-12-08 08:07:39', NULL, NULL, 0),
(2312, 221, 22, 3, '2020-12-08 08:07:51', NULL, NULL, 0),
(2313, 221, 21, 3, '2020-12-08 08:07:51', NULL, NULL, 0),
(2314, 221, 17, 3, '2020-12-08 08:07:51', NULL, NULL, 0),
(2315, 221, 23, 3, '2020-12-08 08:07:51', NULL, NULL, 0),
(2316, 221, 19, 3, '2020-12-08 08:07:51', NULL, NULL, 0),
(2317, 221, 12, 3, '2020-12-08 08:07:52', NULL, NULL, 0),
(2318, 221, 28, 3, '2020-12-08 08:07:52', NULL, NULL, 0),
(2319, 221, 34, 3, '2020-12-08 08:07:52', NULL, NULL, 0),
(2320, 221, 26, 3, '2020-12-08 08:07:52', NULL, NULL, 0),
(2321, 221, 36, 3, '2020-12-08 08:07:52', NULL, NULL, 0),
(2322, 221, 32, 3, '2020-12-08 08:07:52', NULL, NULL, 0),
(2323, 221, 14, 3, '2020-12-08 08:07:52', NULL, NULL, 0),
(2324, 221, 38, 3, '2020-12-08 08:07:52', NULL, NULL, 0),
(2325, 221, 37, 3, '2020-12-08 08:07:52', NULL, NULL, 0),
(2326, 221, 31, 3, '2020-12-08 08:07:53', NULL, NULL, 0),
(2327, 222, 22, 3, '2020-12-10 09:11:32', NULL, NULL, 0),
(2328, 222, 24, 3, '2020-12-10 09:11:32', NULL, NULL, 0),
(2329, 222, 17, 3, '2020-12-10 09:11:32', NULL, NULL, 0),
(2330, 222, 20, 3, '2020-12-10 09:11:33', NULL, NULL, 0),
(2331, 222, 19, 3, '2020-12-10 09:11:33', NULL, NULL, 0),
(2332, 222, 12, 3, '2020-12-10 09:11:33', NULL, NULL, 0),
(2333, 222, 28, 3, '2020-12-10 09:11:33', NULL, NULL, 0),
(2334, 222, 29, 3, '2020-12-10 09:11:33', NULL, NULL, 0),
(2335, 222, 35, 3, '2020-12-10 09:11:33', NULL, NULL, 0),
(2336, 222, 34, 3, '2020-12-10 09:11:33', NULL, NULL, 0),
(2337, 222, 41, 3, '2020-12-10 09:11:33', NULL, NULL, 0),
(2338, 222, 33, 3, '2020-12-10 09:11:33', NULL, NULL, 0),
(2339, 222, 40, 3, '2020-12-10 09:11:33', NULL, NULL, 0),
(2340, 222, 31, 3, '2020-12-10 09:11:34', NULL, NULL, 0),
(2341, 222, 32, 3, '2020-12-10 09:11:34', NULL, NULL, 0),
(2342, 223, 17, 3, '2020-12-10 11:44:33', NULL, NULL, 0),
(2343, 223, 18, 3, '2020-12-10 11:44:33', NULL, NULL, 0),
(2344, 223, 13, 3, '2020-12-10 11:44:33', NULL, NULL, 0),
(2345, 223, 23, 3, '2020-12-10 11:44:34', NULL, NULL, 0),
(2346, 223, 22, 3, '2020-12-10 11:44:34', NULL, NULL, 0),
(2347, 223, 34, 3, '2020-12-10 11:44:34', NULL, NULL, 0),
(2348, 223, 28, 3, '2020-12-10 11:44:34', NULL, NULL, 0),
(2349, 223, 29, 3, '2020-12-10 11:44:34', NULL, NULL, 0),
(2350, 223, 27, 3, '2020-12-10 11:44:34', NULL, NULL, 0),
(2351, 223, 12, 3, '2020-12-10 11:44:34', NULL, NULL, 0),
(2352, 223, 30, 3, '2020-12-10 11:44:34', NULL, NULL, 0),
(2353, 223, 41, 3, '2020-12-10 11:44:34', NULL, NULL, 0),
(2354, 223, 39, 3, '2020-12-10 11:44:34', NULL, NULL, 0),
(2355, 223, 38, 3, '2020-12-10 11:44:35', NULL, NULL, 0),
(2356, 223, 31, 3, '2020-12-10 11:44:35', NULL, NULL, 0),
(2357, 224, 18, 3, '2020-12-10 11:45:01', NULL, NULL, 0),
(2358, 224, 13, 3, '2020-12-10 11:45:01', NULL, NULL, 0),
(2359, 224, 22, 3, '2020-12-10 11:45:01', NULL, NULL, 0),
(2360, 224, 20, 3, '2020-12-10 11:45:01', NULL, NULL, 0),
(2361, 224, 17, 3, '2020-12-10 11:45:01', NULL, NULL, 0),
(2362, 224, 36, 3, '2020-12-10 11:45:01', NULL, NULL, 0),
(2363, 224, 34, 3, '2020-12-10 11:45:01', NULL, NULL, 0),
(2364, 224, 27, 3, '2020-12-10 11:45:01', NULL, NULL, 0),
(2365, 224, 28, 3, '2020-12-10 11:45:01', NULL, NULL, 0),
(2366, 224, 26, 3, '2020-12-10 11:45:02', NULL, NULL, 0),
(2367, 224, 38, 3, '2020-12-10 11:45:02', NULL, NULL, 0),
(2368, 224, 37, 3, '2020-12-10 11:45:02', NULL, NULL, 0),
(2369, 224, 39, 3, '2020-12-10 11:45:02', NULL, NULL, 0),
(2370, 224, 33, 3, '2020-12-10 11:45:02', NULL, NULL, 0),
(2371, 224, 41, 3, '2020-12-10 11:45:02', NULL, NULL, 0),
(2372, 225, 13, 3, '2020-12-16 08:38:43', NULL, NULL, 0),
(2373, 225, 18, 3, '2020-12-16 08:38:43', NULL, NULL, 0),
(2374, 225, 24, 3, '2020-12-16 08:38:43', NULL, NULL, 0),
(2375, 225, 21, 3, '2020-12-16 08:38:43', NULL, NULL, 0),
(2376, 225, 17, 3, '2020-12-16 08:38:43', NULL, NULL, 0),
(2377, 225, 27, 3, '2020-12-16 08:38:44', NULL, NULL, 0),
(2378, 225, 28, 3, '2020-12-16 08:38:44', NULL, NULL, 0),
(2379, 225, 35, 3, '2020-12-16 08:38:44', NULL, NULL, 0),
(2380, 225, 26, 3, '2020-12-16 08:38:44', NULL, NULL, 0),
(2381, 225, 29, 3, '2020-12-16 08:38:44', NULL, NULL, 0);
INSERT INTO `quizcontent` (`ID`, `Quiz`, `QuestionID`, `CreatedBy`, `CreatedAt`, `UpdatedBy`, `UpdatedAt`, `IsDeleted`) VALUES
(2382, 225, 38, 3, '2020-12-16 08:38:44', NULL, NULL, 0),
(2383, 225, 30, 3, '2020-12-16 08:38:44', NULL, NULL, 0),
(2384, 225, 33, 3, '2020-12-16 08:38:44', NULL, NULL, 0),
(2385, 225, 39, 3, '2020-12-16 08:38:44', NULL, NULL, 0),
(2386, 225, 31, 3, '2020-12-16 08:38:45', NULL, NULL, 0),
(2387, 226, 20, 3, '2020-12-16 08:44:58', NULL, NULL, 0),
(2388, 226, 17, 3, '2020-12-16 08:44:58', NULL, NULL, 0),
(2389, 226, 22, 3, '2020-12-16 08:44:58', NULL, NULL, 0),
(2390, 226, 24, 3, '2020-12-16 08:44:58', NULL, NULL, 0),
(2391, 226, 23, 3, '2020-12-16 08:44:58', NULL, NULL, 0),
(2392, 226, 36, 3, '2020-12-16 08:44:58', NULL, NULL, 0),
(2393, 226, 12, 3, '2020-12-16 08:44:58', NULL, NULL, 0),
(2394, 226, 26, 3, '2020-12-16 08:44:58', NULL, NULL, 0),
(2395, 226, 29, 3, '2020-12-16 08:44:59', NULL, NULL, 0),
(2396, 226, 27, 3, '2020-12-16 08:44:59', NULL, NULL, 0),
(2397, 226, 40, 3, '2020-12-16 08:44:59', NULL, NULL, 0),
(2398, 226, 30, 3, '2020-12-16 08:44:59', NULL, NULL, 0),
(2399, 226, 39, 3, '2020-12-16 08:44:59', NULL, NULL, 0),
(2400, 226, 31, 3, '2020-12-16 08:44:59', NULL, NULL, 0),
(2401, 226, 41, 3, '2020-12-16 08:44:59', NULL, NULL, 0),
(2402, 227, 20, 3, '2020-12-16 08:55:40', NULL, NULL, 0),
(2403, 227, 21, 3, '2020-12-16 08:55:40', NULL, NULL, 0),
(2404, 227, 24, 3, '2020-12-16 08:55:40', NULL, NULL, 0),
(2405, 227, 18, 3, '2020-12-16 08:55:40', NULL, NULL, 0),
(2406, 227, 17, 3, '2020-12-16 08:55:40', NULL, NULL, 0),
(2407, 227, 36, 3, '2020-12-16 08:55:40', NULL, NULL, 0),
(2408, 227, 26, 3, '2020-12-16 08:55:40', NULL, NULL, 0),
(2409, 227, 35, 3, '2020-12-16 08:55:40', NULL, NULL, 0),
(2410, 227, 27, 3, '2020-12-16 08:55:40', NULL, NULL, 0),
(2411, 227, 28, 3, '2020-12-16 08:55:40', NULL, NULL, 0),
(2412, 227, 14, 3, '2020-12-16 08:55:41', NULL, NULL, 0),
(2413, 227, 30, 3, '2020-12-16 08:55:41', NULL, NULL, 0),
(2414, 227, 41, 3, '2020-12-16 08:55:41', NULL, NULL, 0),
(2415, 227, 40, 3, '2020-12-16 08:55:41', NULL, NULL, 0),
(2416, 227, 32, 3, '2020-12-16 08:55:41', NULL, NULL, 0),
(2417, 228, 21, 3, '2020-12-16 09:23:29', NULL, NULL, 0),
(2418, 228, 20, 3, '2020-12-16 09:23:29', NULL, NULL, 0),
(2419, 228, 24, 3, '2020-12-16 09:23:29', NULL, NULL, 0),
(2420, 228, 17, 3, '2020-12-16 09:23:29', NULL, NULL, 0),
(2421, 228, 18, 3, '2020-12-16 09:23:29', NULL, NULL, 0),
(2422, 228, 26, 3, '2020-12-16 09:23:29', NULL, NULL, 0),
(2423, 228, 28, 3, '2020-12-16 09:23:29', NULL, NULL, 0),
(2424, 228, 34, 3, '2020-12-16 09:23:29', NULL, NULL, 0),
(2425, 228, 36, 3, '2020-12-16 09:23:29', NULL, NULL, 0),
(2426, 228, 12, 3, '2020-12-16 09:23:30', NULL, NULL, 0),
(2427, 228, 30, 3, '2020-12-16 09:23:30', NULL, NULL, 0),
(2428, 228, 31, 3, '2020-12-16 09:23:30', NULL, NULL, 0),
(2429, 228, 41, 3, '2020-12-16 09:23:30', NULL, NULL, 0),
(2430, 228, 37, 3, '2020-12-16 09:23:30', NULL, NULL, 0),
(2431, 228, 32, 3, '2020-12-16 09:23:30', NULL, NULL, 0),
(2432, 229, 24, 3, '2020-12-16 09:44:51', NULL, NULL, 0),
(2433, 229, 22, 3, '2020-12-16 09:44:51', NULL, NULL, 0),
(2434, 229, 21, 3, '2020-12-16 09:44:51', NULL, NULL, 0),
(2435, 229, 18, 3, '2020-12-16 09:44:51', NULL, NULL, 0),
(2436, 229, 19, 3, '2020-12-16 09:44:51', NULL, NULL, 0),
(2437, 229, 12, 3, '2020-12-16 09:44:52', NULL, NULL, 0),
(2438, 229, 28, 3, '2020-12-16 09:44:52', NULL, NULL, 0),
(2439, 229, 34, 3, '2020-12-16 09:44:52', NULL, NULL, 0),
(2440, 229, 35, 3, '2020-12-16 09:44:52', NULL, NULL, 0),
(2441, 229, 26, 3, '2020-12-16 09:44:52', NULL, NULL, 0),
(2442, 229, 14, 3, '2020-12-16 09:44:52', NULL, NULL, 0),
(2443, 229, 40, 3, '2020-12-16 09:44:52', NULL, NULL, 0),
(2444, 229, 31, 3, '2020-12-16 09:44:52', NULL, NULL, 0),
(2445, 229, 37, 3, '2020-12-16 09:44:52', NULL, NULL, 0),
(2446, 229, 39, 3, '2020-12-16 09:44:53', NULL, NULL, 0),
(2447, 230, 21, 3, '2020-12-16 09:47:33', NULL, NULL, 0),
(2448, 230, 17, 3, '2020-12-16 09:47:33', NULL, NULL, 0),
(2449, 230, 19, 3, '2020-12-16 09:47:33', NULL, NULL, 0),
(2450, 230, 24, 3, '2020-12-16 09:47:33', NULL, NULL, 0),
(2451, 230, 22, 3, '2020-12-16 09:47:34', NULL, NULL, 0),
(2452, 230, 35, 3, '2020-12-16 09:47:34', NULL, NULL, 0),
(2453, 230, 28, 3, '2020-12-16 09:47:34', NULL, NULL, 0),
(2454, 230, 29, 3, '2020-12-16 09:47:34', NULL, NULL, 0),
(2455, 230, 34, 3, '2020-12-16 09:47:34', NULL, NULL, 0),
(2456, 230, 36, 3, '2020-12-16 09:47:34', NULL, NULL, 0),
(2457, 230, 14, 3, '2020-12-16 09:47:34', NULL, NULL, 0),
(2458, 230, 31, 3, '2020-12-16 09:47:34', NULL, NULL, 0),
(2459, 230, 40, 3, '2020-12-16 09:47:34', NULL, NULL, 0),
(2460, 230, 38, 3, '2020-12-16 09:47:34', NULL, NULL, 0),
(2461, 230, 33, 3, '2020-12-16 09:47:35', NULL, NULL, 0),
(2462, 231, 19, 3, '2020-12-17 10:15:58', NULL, NULL, 0),
(2463, 231, 23, 3, '2020-12-17 10:15:58', NULL, NULL, 0),
(2464, 231, 20, 3, '2020-12-17 10:15:58', NULL, NULL, 0),
(2465, 231, 21, 3, '2020-12-17 10:15:59', NULL, NULL, 0),
(2466, 231, 22, 3, '2020-12-17 10:15:59', NULL, NULL, 0),
(2467, 231, 28, 3, '2020-12-17 10:15:59', NULL, NULL, 0),
(2468, 231, 27, 3, '2020-12-17 10:15:59', NULL, NULL, 0),
(2469, 231, 26, 3, '2020-12-17 10:15:59', NULL, NULL, 0),
(2470, 231, 34, 3, '2020-12-17 10:15:59', NULL, NULL, 0),
(2471, 231, 36, 3, '2020-12-17 10:15:59', NULL, NULL, 0),
(2472, 231, 41, 3, '2020-12-17 10:15:59', NULL, NULL, 0),
(2473, 231, 39, 3, '2020-12-17 10:15:59', NULL, NULL, 0),
(2474, 231, 31, 3, '2020-12-17 10:15:59', NULL, NULL, 0),
(2475, 231, 33, 3, '2020-12-17 10:16:00', NULL, NULL, 0),
(2476, 231, 30, 3, '2020-12-17 10:16:00', NULL, NULL, 0),
(2477, 232, 24, 2, '2020-12-17 15:58:57', NULL, NULL, 0),
(2478, 232, 19, 2, '2020-12-17 15:58:57', NULL, NULL, 0),
(2479, 232, 23, 2, '2020-12-17 15:58:57', NULL, NULL, 0),
(2480, 232, 22, 2, '2020-12-17 15:58:57', NULL, NULL, 0),
(2481, 232, 18, 2, '2020-12-17 15:58:57', NULL, NULL, 0),
(2482, 232, 27, 2, '2020-12-17 15:58:57', NULL, NULL, 0),
(2483, 232, 28, 2, '2020-12-17 15:58:57', NULL, NULL, 0),
(2484, 232, 29, 2, '2020-12-17 15:58:57', NULL, NULL, 0),
(2485, 232, 35, 2, '2020-12-17 15:58:57', NULL, NULL, 0),
(2486, 232, 36, 2, '2020-12-17 15:58:58', NULL, NULL, 0),
(2487, 232, 30, 2, '2020-12-17 15:58:58', NULL, NULL, 0),
(2488, 232, 38, 2, '2020-12-17 15:58:58', NULL, NULL, 0),
(2489, 232, 37, 2, '2020-12-17 15:58:58', NULL, NULL, 0),
(2490, 232, 32, 2, '2020-12-17 15:58:58', NULL, NULL, 0),
(2491, 232, 40, 2, '2020-12-17 15:58:58', NULL, NULL, 0),
(2492, 233, 20, 3, '2020-12-17 16:03:55', NULL, NULL, 0),
(2493, 233, 19, 3, '2020-12-17 16:03:55', NULL, NULL, 0),
(2494, 233, 18, 3, '2020-12-17 16:03:55', NULL, NULL, 0),
(2495, 233, 17, 3, '2020-12-17 16:03:55', NULL, NULL, 0),
(2496, 233, 24, 3, '2020-12-17 16:03:55', NULL, NULL, 0),
(2497, 233, 27, 3, '2020-12-17 16:03:55', NULL, NULL, 0),
(2498, 233, 34, 3, '2020-12-17 16:03:56', NULL, NULL, 0),
(2499, 233, 35, 3, '2020-12-17 16:03:56', NULL, NULL, 0),
(2500, 233, 26, 3, '2020-12-17 16:03:56', NULL, NULL, 0),
(2501, 233, 36, 3, '2020-12-17 16:03:56', NULL, NULL, 0),
(2502, 233, 38, 3, '2020-12-17 16:03:56', NULL, NULL, 0),
(2503, 233, 33, 3, '2020-12-17 16:03:56', NULL, NULL, 0),
(2504, 233, 37, 3, '2020-12-17 16:03:56', NULL, NULL, 0),
(2505, 233, 39, 3, '2020-12-17 16:03:56', NULL, NULL, 0),
(2506, 233, 14, 3, '2020-12-17 16:03:56', NULL, NULL, 0),
(2507, 234, 22, 3, '2020-12-17 16:10:45', NULL, NULL, 0),
(2508, 234, 20, 3, '2020-12-17 16:10:45', NULL, NULL, 0),
(2509, 234, 24, 3, '2020-12-17 16:10:46', NULL, NULL, 0),
(2510, 234, 19, 3, '2020-12-17 16:10:46', NULL, NULL, 0),
(2511, 234, 17, 3, '2020-12-17 16:10:46', NULL, NULL, 0),
(2512, 234, 34, 3, '2020-12-17 16:10:46', NULL, NULL, 0),
(2513, 234, 36, 3, '2020-12-17 16:10:46', NULL, NULL, 0),
(2514, 234, 12, 3, '2020-12-17 16:10:46', NULL, NULL, 0),
(2515, 234, 27, 3, '2020-12-17 16:10:46', NULL, NULL, 0),
(2516, 234, 28, 3, '2020-12-17 16:10:46', NULL, NULL, 0),
(2517, 234, 37, 3, '2020-12-17 16:10:46', NULL, NULL, 0),
(2518, 234, 14, 3, '2020-12-17 16:10:47', NULL, NULL, 0),
(2519, 234, 39, 3, '2020-12-17 16:10:47', NULL, NULL, 0),
(2520, 234, 38, 3, '2020-12-17 16:10:47', NULL, NULL, 0),
(2521, 234, 33, 3, '2020-12-17 16:10:47', NULL, NULL, 0),
(2522, 235, 21, 2, '2020-12-17 16:14:28', NULL, NULL, 0),
(2523, 235, 19, 2, '2020-12-17 16:14:28', NULL, NULL, 0),
(2524, 235, 22, 2, '2020-12-17 16:14:28', NULL, NULL, 0),
(2525, 235, 24, 2, '2020-12-17 16:14:28', NULL, NULL, 0),
(2526, 235, 17, 2, '2020-12-17 16:14:29', NULL, NULL, 0),
(2527, 235, 35, 2, '2020-12-17 16:14:29', NULL, NULL, 0),
(2528, 235, 28, 2, '2020-12-17 16:14:29', NULL, NULL, 0),
(2529, 235, 29, 2, '2020-12-17 16:14:29', NULL, NULL, 0),
(2530, 235, 34, 2, '2020-12-17 16:14:29', NULL, NULL, 0),
(2531, 235, 36, 2, '2020-12-17 16:14:29', NULL, NULL, 0),
(2532, 235, 14, 2, '2020-12-17 16:14:29', NULL, NULL, 0),
(2533, 235, 41, 2, '2020-12-17 16:14:29', NULL, NULL, 0),
(2534, 235, 32, 2, '2020-12-17 16:14:29', NULL, NULL, 0),
(2535, 235, 40, 2, '2020-12-17 16:14:30', NULL, NULL, 0),
(2536, 235, 33, 2, '2020-12-17 16:14:30', NULL, NULL, 0),
(2537, 236, 17, 2, '2020-12-17 16:15:08', NULL, NULL, 0),
(2538, 236, 13, 2, '2020-12-17 16:15:08', NULL, NULL, 0),
(2539, 236, 18, 2, '2020-12-17 16:15:08', NULL, NULL, 0),
(2540, 236, 24, 2, '2020-12-17 16:15:08', NULL, NULL, 0),
(2541, 236, 21, 2, '2020-12-17 16:15:08', NULL, NULL, 0),
(2542, 236, 27, 2, '2020-12-17 16:15:09', NULL, NULL, 0),
(2543, 236, 35, 2, '2020-12-17 16:15:09', NULL, NULL, 0),
(2544, 236, 36, 2, '2020-12-17 16:15:09', NULL, NULL, 0),
(2545, 236, 29, 2, '2020-12-17 16:15:09', NULL, NULL, 0),
(2546, 236, 26, 2, '2020-12-17 16:15:09', NULL, NULL, 0),
(2547, 236, 41, 2, '2020-12-17 16:15:09', NULL, NULL, 0),
(2548, 236, 38, 2, '2020-12-17 16:15:09', NULL, NULL, 0),
(2549, 236, 32, 2, '2020-12-17 16:15:09', NULL, NULL, 0),
(2550, 236, 40, 2, '2020-12-17 16:15:09', NULL, NULL, 0),
(2551, 236, 39, 2, '2020-12-17 16:15:10', NULL, NULL, 0),
(2552, 237, 23, 3, '2020-12-17 16:16:04', NULL, NULL, 0),
(2553, 237, 19, 3, '2020-12-17 16:16:04', NULL, NULL, 0),
(2554, 237, 22, 3, '2020-12-17 16:16:04', NULL, NULL, 0),
(2555, 237, 13, 3, '2020-12-17 16:16:04', NULL, NULL, 0),
(2556, 237, 24, 3, '2020-12-17 16:16:04', NULL, NULL, 0),
(2557, 237, 27, 3, '2020-12-17 16:16:04', NULL, NULL, 0),
(2558, 237, 28, 3, '2020-12-17 16:16:05', NULL, NULL, 0),
(2559, 237, 36, 3, '2020-12-17 16:16:05', NULL, NULL, 0),
(2560, 237, 12, 3, '2020-12-17 16:16:05', NULL, NULL, 0),
(2561, 237, 35, 3, '2020-12-17 16:16:05', NULL, NULL, 0),
(2562, 237, 30, 3, '2020-12-17 16:16:05', NULL, NULL, 0),
(2563, 237, 31, 3, '2020-12-17 16:16:05', NULL, NULL, 0),
(2564, 237, 32, 3, '2020-12-17 16:16:05', NULL, NULL, 0),
(2565, 237, 37, 3, '2020-12-17 16:16:05', NULL, NULL, 0),
(2566, 237, 14, 3, '2020-12-17 16:16:05', NULL, NULL, 0),
(2567, 238, 20, 3, '2020-12-17 16:16:17', NULL, NULL, 0),
(2568, 238, 23, 3, '2020-12-17 16:16:17', NULL, NULL, 0),
(2569, 238, 13, 3, '2020-12-17 16:16:17', NULL, NULL, 0),
(2570, 238, 18, 3, '2020-12-17 16:16:17', NULL, NULL, 0),
(2571, 238, 21, 3, '2020-12-17 16:16:17', NULL, NULL, 0),
(2572, 238, 26, 3, '2020-12-17 16:16:17', NULL, NULL, 0),
(2573, 238, 12, 3, '2020-12-17 16:16:18', NULL, NULL, 0),
(2574, 238, 29, 3, '2020-12-17 16:16:18', NULL, NULL, 0),
(2575, 238, 34, 3, '2020-12-17 16:16:18', NULL, NULL, 0),
(2576, 238, 36, 3, '2020-12-17 16:16:18', NULL, NULL, 0),
(2577, 238, 32, 3, '2020-12-17 16:16:18', NULL, NULL, 0),
(2578, 238, 33, 3, '2020-12-17 16:16:18', NULL, NULL, 0),
(2579, 238, 37, 3, '2020-12-17 16:16:18', NULL, NULL, 0),
(2580, 238, 14, 3, '2020-12-17 16:16:18', NULL, NULL, 0),
(2581, 239, 19, 2, '2020-12-17 16:16:18', NULL, NULL, 0),
(2582, 238, 39, 3, '2020-12-17 16:16:18', NULL, NULL, 0),
(2583, 239, 24, 2, '2020-12-17 16:16:18', NULL, NULL, 0),
(2584, 239, 21, 2, '2020-12-17 16:16:19', NULL, NULL, 0),
(2585, 239, 22, 2, '2020-12-17 16:16:19', NULL, NULL, 0),
(2586, 239, 20, 2, '2020-12-17 16:16:19', NULL, NULL, 0),
(2587, 239, 12, 2, '2020-12-17 16:16:19', NULL, NULL, 0),
(2588, 239, 26, 2, '2020-12-17 16:16:19', NULL, NULL, 0),
(2589, 239, 27, 2, '2020-12-17 16:16:19', NULL, NULL, 0),
(2590, 239, 36, 2, '2020-12-17 16:16:19', NULL, NULL, 0),
(2591, 239, 35, 2, '2020-12-17 16:16:19', NULL, NULL, 0),
(2592, 239, 30, 2, '2020-12-17 16:16:19', NULL, NULL, 0),
(2593, 239, 31, 2, '2020-12-17 16:16:20', NULL, NULL, 0),
(2594, 239, 41, 2, '2020-12-17 16:16:20', NULL, NULL, 0),
(2595, 239, 40, 2, '2020-12-17 16:16:20', NULL, NULL, 0),
(2596, 239, 37, 2, '2020-12-17 16:16:20', NULL, NULL, 0),
(2597, 240, 23, 2, '2020-12-17 16:20:18', NULL, NULL, 0),
(2598, 240, 13, 2, '2020-12-17 16:20:18', NULL, NULL, 0),
(2599, 240, 22, 2, '2020-12-17 16:20:18', NULL, NULL, 0),
(2600, 240, 17, 2, '2020-12-17 16:20:18', NULL, NULL, 0),
(2601, 240, 20, 2, '2020-12-17 16:20:18', NULL, NULL, 0),
(2602, 240, 36, 2, '2020-12-17 16:20:19', NULL, NULL, 0),
(2603, 240, 28, 2, '2020-12-17 16:20:19', NULL, NULL, 0),
(2604, 240, 35, 2, '2020-12-17 16:20:19', NULL, NULL, 0),
(2605, 240, 29, 2, '2020-12-17 16:20:19', NULL, NULL, 0),
(2606, 240, 26, 2, '2020-12-17 16:20:19', NULL, NULL, 0),
(2607, 240, 37, 2, '2020-12-17 16:20:19', NULL, NULL, 0),
(2608, 240, 14, 2, '2020-12-17 16:20:19', NULL, NULL, 0),
(2609, 240, 33, 2, '2020-12-17 16:20:19', NULL, NULL, 0),
(2610, 240, 30, 2, '2020-12-17 16:20:19', NULL, NULL, 0),
(2611, 240, 31, 2, '2020-12-17 16:20:20', NULL, NULL, 0),
(2612, 241, 23, 2, '2020-12-17 16:20:41', NULL, NULL, 0),
(2613, 241, 17, 2, '2020-12-17 16:20:42', NULL, NULL, 0),
(2614, 241, 19, 2, '2020-12-17 16:20:42', NULL, NULL, 0),
(2615, 241, 20, 2, '2020-12-17 16:20:42', NULL, NULL, 0),
(2616, 241, 21, 2, '2020-12-17 16:20:42', NULL, NULL, 0),
(2617, 241, 35, 2, '2020-12-17 16:20:42', NULL, NULL, 0),
(2618, 241, 27, 2, '2020-12-17 16:20:42', NULL, NULL, 0),
(2619, 241, 26, 2, '2020-12-17 16:20:42', NULL, NULL, 0),
(2620, 241, 29, 2, '2020-12-17 16:20:42', NULL, NULL, 0),
(2621, 241, 12, 2, '2020-12-17 16:20:42', NULL, NULL, 0),
(2622, 241, 37, 2, '2020-12-17 16:20:43', NULL, NULL, 0),
(2623, 241, 40, 2, '2020-12-17 16:20:43', NULL, NULL, 0),
(2624, 241, 33, 2, '2020-12-17 16:20:43', NULL, NULL, 0),
(2625, 241, 14, 2, '2020-12-17 16:20:43', NULL, NULL, 0),
(2626, 241, 32, 2, '2020-12-17 16:20:43', NULL, NULL, 0),
(2627, 242, 17, 2, '2020-12-17 16:23:45', NULL, NULL, 0),
(2628, 242, 13, 2, '2020-12-17 16:23:46', NULL, NULL, 0),
(2629, 242, 24, 2, '2020-12-17 16:23:46', NULL, NULL, 0),
(2630, 242, 20, 2, '2020-12-17 16:23:46', NULL, NULL, 0),
(2631, 242, 18, 2, '2020-12-17 16:23:46', NULL, NULL, 0),
(2632, 242, 27, 2, '2020-12-17 16:23:46', NULL, NULL, 0),
(2633, 242, 28, 2, '2020-12-17 16:23:46', NULL, NULL, 0),
(2634, 242, 35, 2, '2020-12-17 16:23:46', NULL, NULL, 0),
(2635, 242, 29, 2, '2020-12-17 16:23:46', NULL, NULL, 0),
(2636, 242, 26, 2, '2020-12-17 16:23:46', NULL, NULL, 0),
(2637, 242, 32, 2, '2020-12-17 16:23:47', NULL, NULL, 0),
(2638, 242, 38, 2, '2020-12-17 16:23:47', NULL, NULL, 0),
(2639, 242, 33, 2, '2020-12-17 16:23:47', NULL, NULL, 0),
(2640, 242, 41, 2, '2020-12-17 16:23:47', NULL, NULL, 0),
(2641, 242, 40, 2, '2020-12-17 16:23:47', NULL, NULL, 0),
(2642, 243, 17, 3, '2020-12-18 02:02:20', NULL, NULL, 0),
(2643, 243, 13, 3, '2020-12-18 02:02:20', NULL, NULL, 0),
(2644, 243, 20, 3, '2020-12-18 02:02:20', NULL, NULL, 0),
(2645, 243, 23, 3, '2020-12-18 02:02:20', NULL, NULL, 0),
(2646, 243, 19, 3, '2020-12-18 02:02:20', NULL, NULL, 0),
(2647, 243, 12, 3, '2020-12-18 02:02:21', NULL, NULL, 0),
(2648, 243, 35, 3, '2020-12-18 02:02:21', NULL, NULL, 0),
(2649, 243, 28, 3, '2020-12-18 02:02:21', NULL, NULL, 0),
(2650, 243, 36, 3, '2020-12-18 02:02:21', NULL, NULL, 0),
(2651, 243, 26, 3, '2020-12-18 02:02:21', NULL, NULL, 0),
(2652, 243, 30, 3, '2020-12-18 02:02:22', NULL, NULL, 0),
(2653, 243, 40, 3, '2020-12-18 02:02:22', NULL, NULL, 0),
(2654, 243, 39, 3, '2020-12-18 02:02:22', NULL, NULL, 0),
(2655, 243, 31, 3, '2020-12-18 02:02:22', NULL, NULL, 0),
(2656, 243, 41, 3, '2020-12-18 02:02:22', NULL, NULL, 0),
(2657, 244, 13, 3, '2020-12-18 02:45:56', NULL, NULL, 0),
(2658, 244, 24, 3, '2020-12-18 02:45:56', NULL, NULL, 0),
(2659, 244, 19, 3, '2020-12-18 02:45:57', NULL, NULL, 0),
(2660, 244, 18, 3, '2020-12-18 02:45:57', NULL, NULL, 0),
(2661, 244, 20, 3, '2020-12-18 02:45:57', NULL, NULL, 0),
(2662, 244, 34, 3, '2020-12-18 02:45:57', NULL, NULL, 0),
(2663, 244, 35, 3, '2020-12-18 02:45:58', NULL, NULL, 0),
(2664, 244, 27, 3, '2020-12-18 02:45:58', NULL, NULL, 0),
(2665, 244, 26, 3, '2020-12-18 02:45:58', NULL, NULL, 0),
(2666, 244, 28, 3, '2020-12-18 02:45:58', NULL, NULL, 0),
(2667, 244, 32, 3, '2020-12-18 02:45:59', NULL, NULL, 0),
(2668, 244, 41, 3, '2020-12-18 02:45:59', NULL, NULL, 0),
(2669, 244, 39, 3, '2020-12-18 02:45:59', NULL, NULL, 0),
(2670, 244, 37, 3, '2020-12-18 02:45:59', NULL, NULL, 0),
(2671, 244, 30, 3, '2020-12-18 02:45:59', NULL, NULL, 0),
(2672, 245, 24, 3, '2020-12-18 02:48:12', NULL, NULL, 0),
(2673, 245, 13, 3, '2020-12-18 02:48:12', NULL, NULL, 0),
(2674, 245, 21, 3, '2020-12-18 02:48:12', NULL, NULL, 0),
(2675, 245, 18, 3, '2020-12-18 02:48:13', NULL, NULL, 0),
(2676, 245, 45, 3, '2020-12-18 02:48:13', NULL, NULL, 0),
(2677, 245, 28, 3, '2020-12-18 02:48:13', NULL, NULL, 0),
(2678, 245, 36, 3, '2020-12-18 02:48:13', NULL, NULL, 0),
(2679, 245, 27, 3, '2020-12-18 02:48:13', NULL, NULL, 0),
(2680, 245, 34, 3, '2020-12-18 02:48:13', NULL, NULL, 0),
(2681, 245, 29, 3, '2020-12-18 02:48:14', NULL, NULL, 0),
(2682, 245, 30, 3, '2020-12-18 02:48:14', NULL, NULL, 0),
(2683, 245, 33, 3, '2020-12-18 02:48:14', NULL, NULL, 0),
(2684, 245, 14, 3, '2020-12-18 02:48:14', NULL, NULL, 0),
(2685, 245, 37, 3, '2020-12-18 02:48:14', NULL, NULL, 0),
(2686, 245, 40, 3, '2020-12-18 02:48:14', NULL, NULL, 0),
(2687, 246, 45, 3, '2020-12-18 02:49:06', NULL, NULL, 0),
(2688, 246, 21, 3, '2020-12-18 02:49:06', NULL, NULL, 0),
(2689, 246, 22, 3, '2020-12-18 02:49:07', NULL, NULL, 0),
(2690, 246, 17, 3, '2020-12-18 02:49:07', NULL, NULL, 0),
(2691, 246, 24, 3, '2020-12-18 02:49:07', NULL, NULL, 0),
(2692, 246, 28, 3, '2020-12-18 02:49:07', NULL, NULL, 0),
(2693, 246, 34, 3, '2020-12-18 02:49:07', NULL, NULL, 0),
(2694, 246, 36, 3, '2020-12-18 02:49:07', NULL, NULL, 0),
(2695, 246, 12, 3, '2020-12-18 02:49:08', NULL, NULL, 0),
(2696, 246, 27, 3, '2020-12-18 02:49:08', NULL, NULL, 0),
(2697, 246, 14, 3, '2020-12-18 02:49:08', NULL, NULL, 0),
(2698, 246, 41, 3, '2020-12-18 02:49:08', NULL, NULL, 0),
(2699, 246, 32, 3, '2020-12-18 02:49:08', NULL, NULL, 0),
(2700, 246, 40, 3, '2020-12-18 02:49:09', NULL, NULL, 0),
(2701, 246, 37, 3, '2020-12-18 02:49:09', NULL, NULL, 0),
(2702, 247, 18, 3, '2020-12-18 02:50:38', NULL, NULL, 0),
(2703, 247, 23, 3, '2020-12-18 02:50:38', NULL, NULL, 0),
(2704, 247, 45, 3, '2020-12-18 02:50:38', NULL, NULL, 0),
(2705, 247, 21, 3, '2020-12-18 02:50:38', NULL, NULL, 0),
(2706, 247, 22, 3, '2020-12-18 02:50:39', NULL, NULL, 0),
(2707, 247, 35, 3, '2020-12-18 02:50:39', NULL, NULL, 0),
(2708, 247, 26, 3, '2020-12-18 02:50:39', NULL, NULL, 0),
(2709, 247, 36, 3, '2020-12-18 02:50:39', NULL, NULL, 0),
(2710, 247, 27, 3, '2020-12-18 02:50:39', NULL, NULL, 0),
(2711, 247, 34, 3, '2020-12-18 02:50:39', NULL, NULL, 0),
(2712, 247, 32, 3, '2020-12-18 02:50:39', NULL, NULL, 0),
(2713, 247, 33, 3, '2020-12-18 02:50:39', NULL, NULL, 0),
(2714, 247, 37, 3, '2020-12-18 02:50:40', NULL, NULL, 0),
(2715, 247, 40, 3, '2020-12-18 02:50:40', NULL, NULL, 0),
(2716, 247, 39, 3, '2020-12-18 02:50:40', NULL, NULL, 0),
(2717, 248, 20, 3, '2020-12-18 03:05:08', NULL, NULL, 0),
(2718, 248, 17, 3, '2020-12-18 03:05:08', NULL, NULL, 0),
(2719, 248, 45, 3, '2020-12-18 03:05:09', NULL, NULL, 0),
(2720, 248, 21, 3, '2020-12-18 03:05:09', NULL, NULL, 0),
(2721, 248, 22, 3, '2020-12-18 03:05:09', NULL, NULL, 0),
(2722, 248, 29, 3, '2020-12-18 03:05:09', NULL, NULL, 0),
(2723, 248, 27, 3, '2020-12-18 03:05:09', NULL, NULL, 0),
(2724, 248, 34, 3, '2020-12-18 03:05:09', NULL, NULL, 0),
(2725, 248, 28, 3, '2020-12-18 03:05:09', NULL, NULL, 0),
(2726, 248, 26, 3, '2020-12-18 03:05:09', NULL, NULL, 0),
(2727, 248, 30, 3, '2020-12-18 03:05:09', NULL, NULL, 0),
(2728, 248, 14, 3, '2020-12-18 03:05:10', NULL, NULL, 0),
(2729, 248, 40, 3, '2020-12-18 03:05:10', NULL, NULL, 0),
(2730, 248, 37, 3, '2020-12-18 03:05:10', NULL, NULL, 0),
(2731, 248, 41, 3, '2020-12-18 03:05:10', NULL, NULL, 0),
(2732, 249, 45, 3, '2020-12-22 09:20:36', NULL, NULL, 0),
(2733, 249, 24, 3, '2020-12-22 09:20:36', NULL, NULL, 0),
(2734, 249, 23, 3, '2020-12-22 09:20:36', NULL, NULL, 0),
(2735, 249, 22, 3, '2020-12-22 09:20:36', NULL, NULL, 0),
(2736, 249, 20, 3, '2020-12-22 09:20:36', NULL, NULL, 0),
(2737, 249, 36, 3, '2020-12-22 09:20:37', NULL, NULL, 0),
(2738, 249, 26, 3, '2020-12-22 09:20:37', NULL, NULL, 0),
(2739, 249, 35, 3, '2020-12-22 09:20:37', NULL, NULL, 0),
(2740, 249, 34, 3, '2020-12-22 09:20:37', NULL, NULL, 0),
(2741, 249, 28, 3, '2020-12-22 09:20:37', NULL, NULL, 0),
(2742, 249, 31, 3, '2020-12-22 09:20:37', NULL, NULL, 0),
(2743, 249, 39, 3, '2020-12-22 09:20:37', NULL, NULL, 0),
(2744, 249, 38, 3, '2020-12-22 09:20:37', NULL, NULL, 0),
(2745, 249, 40, 3, '2020-12-22 09:20:37', NULL, NULL, 0),
(2746, 249, 32, 3, '2020-12-22 09:20:38', NULL, NULL, 0),
(2747, 250, 19, 3, '2020-12-22 09:23:23', NULL, NULL, 0),
(2748, 250, 23, 3, '2020-12-22 09:23:23', NULL, NULL, 0),
(2749, 250, 45, 3, '2020-12-22 09:23:23', NULL, NULL, 0),
(2750, 250, 20, 3, '2020-12-22 09:23:23', NULL, NULL, 0),
(2751, 250, 18, 3, '2020-12-22 09:23:24', NULL, NULL, 0),
(2752, 250, 26, 3, '2020-12-22 09:23:24', NULL, NULL, 0),
(2753, 250, 29, 3, '2020-12-22 09:23:24', NULL, NULL, 0),
(2754, 250, 35, 3, '2020-12-22 09:23:24', NULL, NULL, 0),
(2755, 250, 12, 3, '2020-12-22 09:23:24', NULL, NULL, 0),
(2756, 250, 36, 3, '2020-12-22 09:23:24', NULL, NULL, 0),
(2757, 250, 40, 3, '2020-12-22 09:23:24', NULL, NULL, 0),
(2758, 250, 14, 3, '2020-12-22 09:23:24', NULL, NULL, 0),
(2759, 250, 37, 3, '2020-12-22 09:23:24', NULL, NULL, 0),
(2760, 250, 31, 3, '2020-12-22 09:23:24', NULL, NULL, 0),
(2761, 250, 30, 3, '2020-12-22 09:23:25', NULL, NULL, 0),
(2762, 251, 13, 3, '2020-12-22 09:42:18', NULL, NULL, 0),
(2763, 251, 23, 3, '2020-12-22 09:42:18', NULL, NULL, 0),
(2764, 251, 21, 3, '2020-12-22 09:42:18', NULL, NULL, 0),
(2765, 251, 19, 3, '2020-12-22 09:42:18', NULL, NULL, 0),
(2766, 251, 22, 3, '2020-12-22 09:42:18', NULL, NULL, 0),
(2767, 251, 36, 3, '2020-12-22 09:42:18', NULL, NULL, 0),
(2768, 251, 29, 3, '2020-12-22 09:42:18', NULL, NULL, 0),
(2769, 251, 35, 3, '2020-12-22 09:42:19', NULL, NULL, 0),
(2770, 251, 34, 3, '2020-12-22 09:42:19', NULL, NULL, 0),
(2771, 251, 12, 3, '2020-12-22 09:42:19', NULL, NULL, 0),
(2772, 251, 40, 3, '2020-12-22 09:42:19', NULL, NULL, 0),
(2773, 251, 30, 3, '2020-12-22 09:42:19', NULL, NULL, 0),
(2774, 251, 41, 3, '2020-12-22 09:42:19', NULL, NULL, 0),
(2775, 251, 14, 3, '2020-12-22 09:42:19', NULL, NULL, 0),
(2776, 251, 33, 3, '2020-12-22 09:42:19', NULL, NULL, 0),
(2777, 252, 13, 3, '2020-12-22 09:44:43', NULL, NULL, 0),
(2778, 252, 17, 3, '2020-12-22 09:44:43', NULL, NULL, 0),
(2779, 252, 20, 3, '2020-12-22 09:44:43', NULL, NULL, 0),
(2780, 252, 18, 3, '2020-12-22 09:44:43', NULL, NULL, 0),
(2781, 252, 45, 3, '2020-12-22 09:44:44', NULL, NULL, 0),
(2782, 252, 34, 3, '2020-12-22 09:44:44', NULL, NULL, 0),
(2783, 252, 29, 3, '2020-12-22 09:44:44', NULL, NULL, 0),
(2784, 252, 12, 3, '2020-12-22 09:44:44', NULL, NULL, 0),
(2785, 252, 26, 3, '2020-12-22 09:44:44', NULL, NULL, 0),
(2786, 252, 27, 3, '2020-12-22 09:44:44', NULL, NULL, 0),
(2787, 252, 32, 3, '2020-12-22 09:44:44', NULL, NULL, 0),
(2788, 252, 38, 3, '2020-12-22 09:44:44', NULL, NULL, 0),
(2789, 252, 37, 3, '2020-12-22 09:44:44', NULL, NULL, 0),
(2790, 252, 39, 3, '2020-12-22 09:44:45', NULL, NULL, 0),
(2791, 252, 14, 3, '2020-12-22 09:44:45', NULL, NULL, 0),
(2792, 253, 23, 3, '2020-12-22 09:57:11', NULL, NULL, 0),
(2793, 253, 19, 3, '2020-12-22 09:57:11', NULL, NULL, 0),
(2794, 253, 45, 3, '2020-12-22 09:57:11', NULL, NULL, 0),
(2795, 253, 18, 3, '2020-12-22 09:57:12', NULL, NULL, 0),
(2796, 253, 20, 3, '2020-12-22 09:57:12', NULL, NULL, 0),
(2797, 253, 36, 3, '2020-12-22 09:57:12', NULL, NULL, 0),
(2798, 253, 28, 3, '2020-12-22 09:57:12', NULL, NULL, 0),
(2799, 253, 35, 3, '2020-12-22 09:57:12', NULL, NULL, 0),
(2800, 253, 29, 3, '2020-12-22 09:57:12', NULL, NULL, 0),
(2801, 253, 12, 3, '2020-12-22 09:57:12', NULL, NULL, 0),
(2802, 253, 37, 3, '2020-12-22 09:57:12', NULL, NULL, 0),
(2803, 253, 39, 3, '2020-12-22 09:57:12', NULL, NULL, 0),
(2804, 253, 30, 3, '2020-12-22 09:57:13', NULL, NULL, 0),
(2805, 253, 40, 3, '2020-12-22 09:57:13', NULL, NULL, 0),
(2806, 253, 14, 3, '2020-12-22 09:57:13', NULL, NULL, 0),
(2807, 254, 19, 3, '2020-12-22 10:17:56', NULL, NULL, 0),
(2808, 254, 23, 3, '2020-12-22 10:17:56', NULL, NULL, 0),
(2809, 254, 20, 3, '2020-12-22 10:17:56', NULL, NULL, 0),
(2810, 254, 45, 3, '2020-12-22 10:17:56', NULL, NULL, 0),
(2811, 254, 17, 3, '2020-12-22 10:17:56', NULL, NULL, 0),
(2812, 254, 27, 3, '2020-12-22 10:17:56', NULL, NULL, 0),
(2813, 254, 34, 3, '2020-12-22 10:17:57', NULL, NULL, 0),
(2814, 254, 26, 3, '2020-12-22 10:17:57', NULL, NULL, 0),
(2815, 254, 36, 3, '2020-12-22 10:17:57', NULL, NULL, 0),
(2816, 254, 35, 3, '2020-12-22 10:17:57', NULL, NULL, 0),
(2817, 254, 37, 3, '2020-12-22 10:17:57', NULL, NULL, 0),
(2818, 254, 41, 3, '2020-12-22 10:17:57', NULL, NULL, 0),
(2819, 254, 38, 3, '2020-12-22 10:17:57', NULL, NULL, 0),
(2820, 254, 39, 3, '2020-12-22 10:17:57', NULL, NULL, 0),
(2821, 254, 32, 3, '2020-12-22 10:17:57', NULL, NULL, 0),
(2822, 255, 24, 3, '2020-12-23 09:17:36', NULL, NULL, 0),
(2823, 255, 23, 3, '2020-12-23 09:17:36', NULL, NULL, 0),
(2824, 255, 22, 3, '2020-12-23 09:17:36', NULL, NULL, 0),
(2825, 255, 19, 3, '2020-12-23 09:17:36', NULL, NULL, 0),
(2826, 255, 18, 3, '2020-12-23 09:17:36', NULL, NULL, 0),
(2827, 255, 36, 3, '2020-12-23 09:17:36', NULL, NULL, 0),
(2828, 255, 29, 3, '2020-12-23 09:17:36', NULL, NULL, 0),
(2829, 255, 26, 3, '2020-12-23 09:17:37', NULL, NULL, 0),
(2830, 255, 35, 3, '2020-12-23 09:17:37', NULL, NULL, 0),
(2831, 255, 27, 3, '2020-12-23 09:17:37', NULL, NULL, 0),
(2832, 255, 41, 3, '2020-12-23 09:17:37', NULL, NULL, 0),
(2833, 255, 30, 3, '2020-12-23 09:17:37', NULL, NULL, 0),
(2834, 255, 40, 3, '2020-12-23 09:17:37', NULL, NULL, 0),
(2835, 255, 32, 3, '2020-12-23 09:17:37', NULL, NULL, 0),
(2836, 255, 14, 3, '2020-12-23 09:17:37', NULL, NULL, 0),
(2837, 256, 13, 3, '2020-12-23 09:37:03', NULL, NULL, 0),
(2838, 256, 17, 3, '2020-12-23 09:37:03', NULL, NULL, 0),
(2839, 256, 24, 3, '2020-12-23 09:37:03', NULL, NULL, 0),
(2840, 256, 20, 3, '2020-12-23 09:37:03', NULL, NULL, 0),
(2841, 256, 22, 3, '2020-12-23 09:37:03', NULL, NULL, 0),
(2842, 256, 34, 3, '2020-12-23 09:37:04', NULL, NULL, 0),
(2843, 256, 36, 3, '2020-12-23 09:37:04', NULL, NULL, 0),
(2844, 256, 27, 3, '2020-12-23 09:37:04', NULL, NULL, 0),
(2845, 256, 26, 3, '2020-12-23 09:37:04', NULL, NULL, 0),
(2846, 256, 35, 3, '2020-12-23 09:37:04', NULL, NULL, 0),
(2847, 256, 39, 3, '2020-12-23 09:37:04', NULL, NULL, 0),
(2848, 256, 37, 3, '2020-12-23 09:37:04', NULL, NULL, 0),
(2849, 256, 33, 3, '2020-12-23 09:37:04', NULL, NULL, 0),
(2850, 256, 32, 3, '2020-12-23 09:37:05', NULL, NULL, 0),
(2851, 256, 38, 3, '2020-12-23 09:37:05', NULL, NULL, 0),
(2852, 257, 18, 3, '2020-12-23 09:44:48', NULL, NULL, 0),
(2853, 257, 21, 3, '2020-12-23 09:44:48', NULL, NULL, 0),
(2854, 257, 23, 3, '2020-12-23 09:44:48', NULL, NULL, 0),
(2855, 257, 22, 3, '2020-12-23 09:44:48', NULL, NULL, 0),
(2856, 257, 13, 3, '2020-12-23 09:44:48', NULL, NULL, 0),
(2857, 257, 34, 3, '2020-12-23 09:44:48', NULL, NULL, 0),
(2858, 257, 35, 3, '2020-12-23 09:44:48', NULL, NULL, 0),
(2859, 257, 26, 3, '2020-12-23 09:44:49', NULL, NULL, 0),
(2860, 257, 28, 3, '2020-12-23 09:44:49', NULL, NULL, 0),
(2861, 257, 36, 3, '2020-12-23 09:44:49', NULL, NULL, 0),
(2862, 257, 41, 3, '2020-12-23 09:44:49', NULL, NULL, 0),
(2863, 257, 39, 3, '2020-12-23 09:44:49', NULL, NULL, 0),
(2864, 257, 38, 3, '2020-12-23 09:44:49', NULL, NULL, 0),
(2865, 257, 31, 3, '2020-12-23 09:44:49', NULL, NULL, 0),
(2866, 257, 30, 3, '2020-12-23 09:44:49', NULL, NULL, 0),
(2867, 258, 23, 3, '2020-12-24 02:42:46', NULL, NULL, 0),
(2868, 258, 24, 3, '2020-12-24 02:42:46', NULL, NULL, 0),
(2869, 258, 20, 3, '2020-12-24 02:42:47', NULL, NULL, 0),
(2870, 258, 13, 3, '2020-12-24 02:42:47', NULL, NULL, 0),
(2871, 258, 21, 3, '2020-12-24 02:42:47', NULL, NULL, 0),
(2872, 258, 27, 3, '2020-12-24 02:42:47', NULL, NULL, 0),
(2873, 258, 12, 3, '2020-12-24 02:42:47', NULL, NULL, 0),
(2874, 258, 34, 3, '2020-12-24 02:42:47', NULL, NULL, 0),
(2875, 258, 28, 3, '2020-12-24 02:42:47', NULL, NULL, 0),
(2876, 258, 36, 3, '2020-12-24 02:42:47', NULL, NULL, 0),
(2877, 258, 32, 3, '2020-12-24 02:42:47', NULL, NULL, 0),
(2878, 258, 33, 3, '2020-12-24 02:42:47', NULL, NULL, 0),
(2879, 258, 39, 3, '2020-12-24 02:42:48', NULL, NULL, 0),
(2880, 258, 38, 3, '2020-12-24 02:42:48', NULL, NULL, 0),
(2881, 258, 30, 3, '2020-12-24 02:42:48', NULL, NULL, 0),
(2882, 259, 19, 3, '2020-12-24 02:43:16', NULL, NULL, 0),
(2883, 259, 18, 3, '2020-12-24 02:43:16', NULL, NULL, 0),
(2884, 259, 13, 3, '2020-12-24 02:43:16', NULL, NULL, 0),
(2885, 259, 21, 3, '2020-12-24 02:43:16', NULL, NULL, 0),
(2886, 259, 45, 3, '2020-12-24 02:43:16', NULL, NULL, 0),
(2887, 259, 36, 3, '2020-12-24 02:43:16', NULL, NULL, 0),
(2888, 259, 12, 3, '2020-12-24 02:43:16', NULL, NULL, 0),
(2889, 259, 28, 3, '2020-12-24 02:43:17', NULL, NULL, 0),
(2890, 259, 34, 3, '2020-12-24 02:43:17', NULL, NULL, 0),
(2891, 259, 26, 3, '2020-12-24 02:43:17', NULL, NULL, 0),
(2892, 259, 31, 3, '2020-12-24 02:43:17', NULL, NULL, 0),
(2893, 259, 39, 3, '2020-12-24 02:43:17', NULL, NULL, 0),
(2894, 259, 32, 3, '2020-12-24 02:43:17', NULL, NULL, 0),
(2895, 259, 30, 3, '2020-12-24 02:43:17', NULL, NULL, 0),
(2896, 259, 41, 3, '2020-12-24 02:43:17', NULL, NULL, 0),
(2897, 260, 45, 2, '2020-12-24 11:37:19', NULL, NULL, 0),
(2898, 260, 23, 2, '2020-12-24 11:37:19', NULL, NULL, 0),
(2899, 260, 13, 2, '2020-12-24 11:37:19', NULL, NULL, 0),
(2900, 260, 21, 2, '2020-12-24 11:37:19', NULL, NULL, 0),
(2901, 260, 19, 2, '2020-12-24 11:37:19', NULL, NULL, 0),
(2902, 260, 27, 2, '2020-12-24 11:37:19', NULL, NULL, 0),
(2903, 260, 29, 2, '2020-12-24 11:37:20', NULL, NULL, 0),
(2904, 260, 28, 2, '2020-12-24 11:37:20', NULL, NULL, 0),
(2905, 260, 12, 2, '2020-12-24 11:37:20', NULL, NULL, 0),
(2906, 260, 34, 2, '2020-12-24 11:37:20', NULL, NULL, 0),
(2907, 260, 40, 2, '2020-12-24 11:37:20', NULL, NULL, 0),
(2908, 260, 32, 2, '2020-12-24 11:37:20', NULL, NULL, 0),
(2909, 260, 39, 2, '2020-12-24 11:37:20', NULL, NULL, 0),
(2910, 260, 33, 2, '2020-12-24 11:37:20', NULL, NULL, 0),
(2911, 260, 31, 2, '2020-12-24 11:37:20', NULL, NULL, 0),
(2912, 261, 17, 2, '2020-12-24 11:38:40', NULL, NULL, 0),
(2913, 261, 45, 2, '2020-12-24 11:38:40', NULL, NULL, 0),
(2914, 261, 21, 2, '2020-12-24 11:38:40', NULL, NULL, 0),
(2915, 261, 23, 2, '2020-12-24 11:38:40', NULL, NULL, 0),
(2916, 261, 13, 2, '2020-12-24 11:38:40', NULL, NULL, 0),
(2917, 261, 28, 2, '2020-12-24 11:38:40', NULL, NULL, 0),
(2918, 261, 34, 2, '2020-12-24 11:38:40', NULL, NULL, 0),
(2919, 261, 35, 2, '2020-12-24 11:38:40', NULL, NULL, 0),
(2920, 261, 26, 2, '2020-12-24 11:38:41', NULL, NULL, 0),
(2921, 261, 29, 2, '2020-12-24 11:38:41', NULL, NULL, 0),
(2922, 261, 30, 2, '2020-12-24 11:38:41', NULL, NULL, 0),
(2923, 261, 32, 2, '2020-12-24 11:38:41', NULL, NULL, 0),
(2924, 261, 41, 2, '2020-12-24 11:38:41', NULL, NULL, 0),
(2925, 261, 31, 2, '2020-12-24 11:38:41', NULL, NULL, 0),
(2926, 261, 33, 2, '2020-12-24 11:38:41', NULL, NULL, 0),
(2927, 262, 21, 3, '2020-12-25 02:17:04', NULL, NULL, 0),
(2928, 262, 19, 3, '2020-12-25 02:17:04', NULL, NULL, 0),
(2929, 262, 20, 3, '2020-12-25 02:17:04', NULL, NULL, 0),
(2930, 262, 18, 3, '2020-12-25 02:17:04', NULL, NULL, 0),
(2931, 262, 23, 3, '2020-12-25 02:17:04', NULL, NULL, 0),
(2932, 262, 27, 3, '2020-12-25 02:17:05', NULL, NULL, 0),
(2933, 262, 36, 3, '2020-12-25 02:17:05', NULL, NULL, 0),
(2934, 262, 12, 3, '2020-12-25 02:17:05', NULL, NULL, 0),
(2935, 262, 28, 3, '2020-12-25 02:17:05', NULL, NULL, 0),
(2936, 262, 26, 3, '2020-12-25 02:17:05', NULL, NULL, 0),
(2937, 262, 38, 3, '2020-12-25 02:17:06', NULL, NULL, 0),
(2938, 262, 37, 3, '2020-12-25 02:17:06', NULL, NULL, 0),
(2939, 262, 33, 3, '2020-12-25 02:17:06', NULL, NULL, 0),
(2940, 262, 39, 3, '2020-12-25 02:17:06', NULL, NULL, 0),
(2941, 262, 14, 3, '2020-12-25 02:17:06', NULL, NULL, 0),
(2942, 263, 20, 3, '2020-12-25 02:22:49', NULL, NULL, 0),
(2943, 263, 24, 3, '2020-12-25 02:22:50', NULL, NULL, 0),
(2944, 263, 22, 3, '2020-12-25 02:22:50', NULL, NULL, 0),
(2945, 263, 13, 3, '2020-12-25 02:22:50', NULL, NULL, 0),
(2946, 263, 23, 3, '2020-12-25 02:22:50', NULL, NULL, 0),
(2947, 263, 28, 3, '2020-12-25 02:22:51', NULL, NULL, 0),
(2948, 263, 26, 3, '2020-12-25 02:22:51', NULL, NULL, 0),
(2949, 263, 29, 3, '2020-12-25 02:22:51', NULL, NULL, 0),
(2950, 263, 34, 3, '2020-12-25 02:22:51', NULL, NULL, 0),
(2951, 263, 36, 3, '2020-12-25 02:22:51', NULL, NULL, 0),
(2952, 263, 38, 3, '2020-12-25 02:22:52', NULL, NULL, 0),
(2953, 263, 33, 3, '2020-12-25 02:22:52', NULL, NULL, 0),
(2954, 263, 31, 3, '2020-12-25 02:22:52', NULL, NULL, 0),
(2955, 263, 30, 3, '2020-12-25 02:22:52', NULL, NULL, 0),
(2956, 263, 41, 3, '2020-12-25 02:22:52', NULL, NULL, 0),
(2957, 264, 21, 3, '2020-12-25 02:27:14', NULL, NULL, 0),
(2958, 264, 19, 3, '2020-12-25 02:27:14', NULL, NULL, 0),
(2959, 264, 13, 3, '2020-12-25 02:27:14', NULL, NULL, 0),
(2960, 264, 45, 3, '2020-12-25 02:27:14', NULL, NULL, 0),
(2961, 264, 23, 3, '2020-12-25 02:27:14', NULL, NULL, 0),
(2962, 264, 36, 3, '2020-12-25 02:27:14', NULL, NULL, 0),
(2963, 264, 28, 3, '2020-12-25 02:27:14', NULL, NULL, 0),
(2964, 264, 27, 3, '2020-12-25 02:27:15', NULL, NULL, 0),
(2965, 264, 35, 3, '2020-12-25 02:27:15', NULL, NULL, 0),
(2966, 264, 29, 3, '2020-12-25 02:27:15', NULL, NULL, 0),
(2967, 264, 38, 3, '2020-12-25 02:27:15', NULL, NULL, 0),
(2968, 264, 30, 3, '2020-12-25 02:27:15', NULL, NULL, 0),
(2969, 264, 32, 3, '2020-12-25 02:27:15', NULL, NULL, 0),
(2970, 264, 31, 3, '2020-12-25 02:27:15', NULL, NULL, 0),
(2971, 264, 37, 3, '2020-12-25 02:27:15', NULL, NULL, 0),
(2972, 265, 23, 3, '2020-12-25 02:29:11', NULL, NULL, 0),
(2973, 265, 21, 3, '2020-12-25 02:29:11', NULL, NULL, 0),
(2974, 265, 19, 3, '2020-12-25 02:29:11', NULL, NULL, 0),
(2975, 265, 20, 3, '2020-12-25 02:29:11', NULL, NULL, 0),
(2976, 265, 45, 3, '2020-12-25 02:29:12', NULL, NULL, 0),
(2977, 265, 27, 3, '2020-12-25 02:29:12', NULL, NULL, 0),
(2978, 265, 29, 3, '2020-12-25 02:29:12', NULL, NULL, 0),
(2979, 265, 35, 3, '2020-12-25 02:29:12', NULL, NULL, 0),
(2980, 265, 34, 3, '2020-12-25 02:29:12', NULL, NULL, 0),
(2981, 265, 26, 3, '2020-12-25 02:29:12', NULL, NULL, 0),
(2982, 265, 31, 3, '2020-12-25 02:29:12', NULL, NULL, 0),
(2983, 265, 37, 3, '2020-12-25 02:29:12', NULL, NULL, 0),
(2984, 265, 14, 3, '2020-12-25 02:29:13', NULL, NULL, 0),
(2985, 265, 39, 3, '2020-12-25 02:29:13', NULL, NULL, 0),
(2986, 265, 41, 3, '2020-12-25 02:29:13', NULL, NULL, 0),
(2987, 266, 20, 3, '2020-12-25 02:31:41', NULL, NULL, 0),
(2988, 266, 13, 3, '2020-12-25 02:31:41', NULL, NULL, 0),
(2989, 266, 21, 3, '2020-12-25 02:31:41', NULL, NULL, 0),
(2990, 266, 22, 3, '2020-12-25 02:31:41', NULL, NULL, 0),
(2991, 266, 45, 3, '2020-12-25 02:31:41', NULL, NULL, 0),
(2992, 266, 29, 3, '2020-12-25 02:31:42', NULL, NULL, 0),
(2993, 266, 12, 3, '2020-12-25 02:31:42', NULL, NULL, 0),
(2994, 266, 26, 3, '2020-12-25 02:31:42', NULL, NULL, 0),
(2995, 266, 34, 3, '2020-12-25 02:31:42', NULL, NULL, 0),
(2996, 266, 36, 3, '2020-12-25 02:31:42', NULL, NULL, 0),
(2997, 266, 40, 3, '2020-12-25 02:31:43', NULL, NULL, 0),
(2998, 266, 41, 3, '2020-12-25 02:31:43', NULL, NULL, 0),
(2999, 266, 31, 3, '2020-12-25 02:31:43', NULL, NULL, 0),
(3000, 266, 38, 3, '2020-12-25 02:31:43', NULL, NULL, 0),
(3001, 266, 30, 3, '2020-12-25 02:31:43', NULL, NULL, 0),
(3002, 267, 24, 3, '2020-12-25 02:32:48', NULL, NULL, 0),
(3003, 267, 45, 3, '2020-12-25 02:32:48', NULL, NULL, 0),
(3004, 267, 13, 3, '2020-12-25 02:32:49', NULL, NULL, 0),
(3005, 267, 17, 3, '2020-12-25 02:32:49', NULL, NULL, 0),
(3006, 267, 19, 3, '2020-12-25 02:32:49', NULL, NULL, 0),
(3007, 267, 29, 3, '2020-12-25 02:32:49', NULL, NULL, 0),
(3008, 267, 12, 3, '2020-12-25 02:32:50', NULL, NULL, 0),
(3009, 267, 28, 3, '2020-12-25 02:32:50', NULL, NULL, 0),
(3010, 267, 35, 3, '2020-12-25 02:32:50', NULL, NULL, 0),
(3011, 267, 26, 3, '2020-12-25 02:32:50', NULL, NULL, 0),
(3012, 267, 40, 3, '2020-12-25 02:32:51', NULL, NULL, 0),
(3013, 267, 41, 3, '2020-12-25 02:32:51', NULL, NULL, 0),
(3014, 267, 39, 3, '2020-12-25 02:32:51', NULL, NULL, 0),
(3015, 267, 37, 3, '2020-12-25 02:32:51', NULL, NULL, 0),
(3016, 267, 38, 3, '2020-12-25 02:32:51', NULL, NULL, 0),
(3017, 268, 18, 3, '2020-12-25 02:39:30', NULL, NULL, 0),
(3018, 268, 13, 3, '2020-12-25 02:39:30', NULL, NULL, 0),
(3019, 268, 20, 3, '2020-12-25 02:39:30', NULL, NULL, 0),
(3020, 268, 21, 3, '2020-12-25 02:39:30', NULL, NULL, 0),
(3021, 268, 45, 3, '2020-12-25 02:39:30', NULL, NULL, 0),
(3022, 268, 36, 3, '2020-12-25 02:39:31', NULL, NULL, 0),
(3023, 268, 28, 3, '2020-12-25 02:39:31', NULL, NULL, 0),
(3024, 268, 27, 3, '2020-12-25 02:39:31', NULL, NULL, 0),
(3025, 268, 12, 3, '2020-12-25 02:39:31', NULL, NULL, 0),
(3026, 268, 26, 3, '2020-12-25 02:39:31', NULL, NULL, 0),
(3027, 268, 31, 3, '2020-12-25 02:39:31', NULL, NULL, 0),
(3028, 268, 32, 3, '2020-12-25 02:39:31', NULL, NULL, 0),
(3029, 268, 41, 3, '2020-12-25 02:39:32', NULL, NULL, 0),
(3030, 268, 38, 3, '2020-12-25 02:39:32', NULL, NULL, 0),
(3031, 268, 14, 3, '2020-12-25 02:39:32', NULL, NULL, 0),
(3032, 269, 22, 3, '2020-12-25 02:45:48', NULL, NULL, 0),
(3033, 269, 21, 3, '2020-12-25 02:45:48', NULL, NULL, 0),
(3034, 269, 20, 3, '2020-12-25 02:45:48', NULL, NULL, 0),
(3035, 269, 13, 3, '2020-12-25 02:45:49', NULL, NULL, 0),
(3036, 269, 19, 3, '2020-12-25 02:45:49', NULL, NULL, 0),
(3037, 269, 36, 3, '2020-12-25 02:45:49', NULL, NULL, 0),
(3038, 269, 29, 3, '2020-12-25 02:45:49', NULL, NULL, 0),
(3039, 269, 28, 3, '2020-12-25 02:45:50', NULL, NULL, 0),
(3040, 269, 26, 3, '2020-12-25 02:45:50', NULL, NULL, 0),
(3041, 269, 35, 3, '2020-12-25 02:45:50', NULL, NULL, 0),
(3042, 269, 30, 3, '2020-12-25 02:45:50', NULL, NULL, 0),
(3043, 269, 41, 3, '2020-12-25 02:45:50', NULL, NULL, 0),
(3044, 269, 31, 3, '2020-12-25 02:45:51', NULL, NULL, 0),
(3045, 269, 38, 3, '2020-12-25 02:45:51', NULL, NULL, 0),
(3046, 269, 39, 3, '2020-12-25 02:45:51', NULL, NULL, 0),
(3047, 270, 45, 3, '2020-12-25 02:52:09', NULL, NULL, 0),
(3048, 270, 21, 3, '2020-12-25 02:52:09', NULL, NULL, 0),
(3049, 270, 24, 3, '2020-12-25 02:52:09', NULL, NULL, 0),
(3050, 270, 19, 3, '2020-12-25 02:52:09', NULL, NULL, 0),
(3051, 270, 18, 3, '2020-12-25 02:52:09', NULL, NULL, 0),
(3052, 270, 34, 3, '2020-12-25 02:52:09', NULL, NULL, 0),
(3053, 270, 26, 3, '2020-12-25 02:52:10', NULL, NULL, 0),
(3054, 270, 28, 3, '2020-12-25 02:52:10', NULL, NULL, 0),
(3055, 270, 36, 3, '2020-12-25 02:52:10', NULL, NULL, 0),
(3056, 270, 35, 3, '2020-12-25 02:52:10', NULL, NULL, 0),
(3057, 270, 38, 3, '2020-12-25 02:52:10', NULL, NULL, 0),
(3058, 270, 32, 3, '2020-12-25 02:52:12', NULL, NULL, 0),
(3059, 270, 31, 3, '2020-12-25 02:52:12', NULL, NULL, 0),
(3060, 270, 14, 3, '2020-12-25 02:52:12', NULL, NULL, 0),
(3061, 270, 33, 3, '2020-12-25 02:52:12', NULL, NULL, 0),
(3062, 271, 21, 3, '2020-12-25 03:07:11', NULL, NULL, 0),
(3063, 271, 22, 3, '2020-12-25 03:07:11', NULL, NULL, 0),
(3064, 271, 19, 3, '2020-12-25 03:07:11', NULL, NULL, 0),
(3065, 271, 45, 3, '2020-12-25 03:07:11', NULL, NULL, 0),
(3066, 271, 13, 3, '2020-12-25 03:07:11', NULL, NULL, 0),
(3067, 271, 12, 3, '2020-12-25 03:07:11', NULL, NULL, 0),
(3068, 271, 28, 3, '2020-12-25 03:07:11', NULL, NULL, 0),
(3069, 271, 27, 3, '2020-12-25 03:07:11', NULL, NULL, 0),
(3070, 271, 35, 3, '2020-12-25 03:07:12', NULL, NULL, 0),
(3071, 271, 34, 3, '2020-12-25 03:07:12', NULL, NULL, 0),
(3072, 271, 38, 3, '2020-12-25 03:07:12', NULL, NULL, 0),
(3073, 271, 41, 3, '2020-12-25 03:07:12', NULL, NULL, 0),
(3074, 271, 32, 3, '2020-12-25 03:07:12', NULL, NULL, 0),
(3075, 271, 31, 3, '2020-12-25 03:07:12', NULL, NULL, 0),
(3076, 271, 33, 3, '2020-12-25 03:07:13', NULL, NULL, 0),
(3077, 272, 13, 3, '2020-12-25 03:34:26', NULL, NULL, 0),
(3078, 272, 24, 3, '2020-12-25 03:34:26', NULL, NULL, 0),
(3079, 272, 45, 3, '2020-12-25 03:34:26', NULL, NULL, 0),
(3080, 272, 18, 3, '2020-12-25 03:34:27', NULL, NULL, 0),
(3081, 272, 23, 3, '2020-12-25 03:34:27', NULL, NULL, 0),
(3082, 272, 36, 3, '2020-12-25 03:34:27', NULL, NULL, 0),
(3083, 272, 29, 3, '2020-12-25 03:34:27', NULL, NULL, 0),
(3084, 272, 35, 3, '2020-12-25 03:34:27', NULL, NULL, 0),
(3085, 272, 27, 3, '2020-12-25 03:34:27', NULL, NULL, 0),
(3086, 272, 28, 3, '2020-12-25 03:34:27', NULL, NULL, 0),
(3087, 272, 40, 3, '2020-12-25 03:34:27', NULL, NULL, 0),
(3088, 272, 38, 3, '2020-12-25 03:34:28', NULL, NULL, 0),
(3089, 272, 32, 3, '2020-12-25 03:34:28', NULL, NULL, 0),
(3090, 272, 33, 3, '2020-12-25 03:34:28', NULL, NULL, 0),
(3091, 272, 31, 3, '2020-12-25 03:34:28', NULL, NULL, 0),
(3092, 273, 19, 3, '2020-12-25 03:55:40', NULL, NULL, 0),
(3093, 273, 24, 3, '2020-12-25 03:55:40', NULL, NULL, 0),
(3094, 273, 22, 3, '2020-12-25 03:55:40', NULL, NULL, 0),
(3095, 273, 21, 3, '2020-12-25 03:55:40', NULL, NULL, 0),
(3096, 273, 13, 3, '2020-12-25 03:55:41', NULL, NULL, 0),
(3097, 273, 28, 3, '2020-12-25 03:55:42', NULL, NULL, 0),
(3098, 273, 29, 3, '2020-12-25 03:55:42', NULL, NULL, 0),
(3099, 273, 12, 3, '2020-12-25 03:55:42', NULL, NULL, 0),
(3100, 273, 34, 3, '2020-12-25 03:55:42', NULL, NULL, 0),
(3101, 273, 26, 3, '2020-12-25 03:55:42', NULL, NULL, 0),
(3102, 273, 37, 3, '2020-12-25 03:55:42', NULL, NULL, 0),
(3103, 273, 39, 3, '2020-12-25 03:55:42', NULL, NULL, 0),
(3104, 273, 14, 3, '2020-12-25 03:55:42', NULL, NULL, 0),
(3105, 273, 41, 3, '2020-12-25 03:55:42', NULL, NULL, 0),
(3106, 273, 30, 3, '2020-12-25 03:55:43', NULL, NULL, 0),
(3107, 274, 20, 3, '2020-12-31 02:17:07', NULL, NULL, 0),
(3108, 274, 21, 3, '2020-12-31 02:17:07', NULL, NULL, 0),
(3109, 274, 22, 3, '2020-12-31 02:17:08', NULL, NULL, 0),
(3110, 274, 24, 3, '2020-12-31 02:17:08', NULL, NULL, 0),
(3111, 274, 19, 3, '2020-12-31 02:17:08', NULL, NULL, 0),
(3112, 274, 34, 3, '2020-12-31 02:17:08', NULL, NULL, 0),
(3113, 274, 27, 3, '2020-12-31 02:17:08', NULL, NULL, 0),
(3114, 274, 36, 3, '2020-12-31 02:17:08', NULL, NULL, 0),
(3115, 274, 12, 3, '2020-12-31 02:17:08', NULL, NULL, 0),
(3116, 274, 28, 3, '2020-12-31 02:17:08', NULL, NULL, 0),
(3117, 274, 14, 3, '2020-12-31 02:17:08', NULL, NULL, 0),
(3118, 274, 41, 3, '2020-12-31 02:17:09', NULL, NULL, 0),
(3119, 274, 32, 3, '2020-12-31 02:17:09', NULL, NULL, 0),
(3120, 274, 30, 3, '2020-12-31 02:17:09', NULL, NULL, 0),
(3121, 274, 31, 3, '2020-12-31 02:17:09', NULL, NULL, 0),
(3122, 275, 45, 3, '2020-12-31 02:18:53', NULL, NULL, 0),
(3123, 275, 13, 3, '2020-12-31 02:18:53', NULL, NULL, 0),
(3124, 275, 22, 3, '2020-12-31 02:18:53', NULL, NULL, 0),
(3125, 275, 19, 3, '2020-12-31 02:18:53', NULL, NULL, 0),
(3126, 275, 20, 3, '2020-12-31 02:18:53', NULL, NULL, 0),
(3127, 275, 35, 3, '2020-12-31 02:18:53', NULL, NULL, 0),
(3128, 275, 26, 3, '2020-12-31 02:18:53', NULL, NULL, 0),
(3129, 275, 34, 3, '2020-12-31 02:18:53', NULL, NULL, 0),
(3130, 275, 28, 3, '2020-12-31 02:18:54', NULL, NULL, 0),
(3131, 275, 27, 3, '2020-12-31 02:18:54', NULL, NULL, 0),
(3132, 275, 41, 3, '2020-12-31 02:18:54', NULL, NULL, 0),
(3133, 275, 39, 3, '2020-12-31 02:18:54', NULL, NULL, 0),
(3134, 275, 37, 3, '2020-12-31 02:18:54', NULL, NULL, 0),
(3135, 275, 33, 3, '2020-12-31 02:18:54', NULL, NULL, 0),
(3136, 275, 14, 3, '2020-12-31 02:18:54', NULL, NULL, 0),
(3137, 276, 18, 3, '2020-12-31 02:29:05', NULL, NULL, 0),
(3138, 276, 24, 3, '2020-12-31 02:29:05', NULL, NULL, 0),
(3139, 276, 21, 3, '2020-12-31 02:29:05', NULL, NULL, 0),
(3140, 276, 19, 3, '2020-12-31 02:29:05', NULL, NULL, 0),
(3141, 276, 17, 3, '2020-12-31 02:29:05', NULL, NULL, 0),
(3142, 276, 27, 3, '2020-12-31 02:29:06', NULL, NULL, 0),
(3143, 276, 34, 3, '2020-12-31 02:29:06', NULL, NULL, 0),
(3144, 276, 26, 3, '2020-12-31 02:29:06', NULL, NULL, 0),
(3145, 276, 36, 3, '2020-12-31 02:29:06', NULL, NULL, 0),
(3146, 276, 12, 3, '2020-12-31 02:29:06', NULL, NULL, 0),
(3147, 276, 30, 3, '2020-12-31 02:29:06', NULL, NULL, 0),
(3148, 276, 38, 3, '2020-12-31 02:29:06', NULL, NULL, 0),
(3149, 276, 32, 3, '2020-12-31 02:29:06', NULL, NULL, 0),
(3150, 276, 40, 3, '2020-12-31 02:29:07', NULL, NULL, 0),
(3151, 276, 37, 3, '2020-12-31 02:29:07', NULL, NULL, 0),
(3152, 277, 45, 3, '2020-12-31 02:30:12', NULL, NULL, 0),
(3153, 277, 24, 3, '2020-12-31 02:30:12', NULL, NULL, 0),
(3154, 277, 20, 3, '2020-12-31 02:30:13', NULL, NULL, 0),
(3155, 277, 22, 3, '2020-12-31 02:30:13', NULL, NULL, 0),
(3156, 277, 19, 3, '2020-12-31 02:30:13', NULL, NULL, 0),
(3157, 277, 29, 3, '2020-12-31 02:30:13', NULL, NULL, 0),
(3158, 277, 34, 3, '2020-12-31 02:30:14', NULL, NULL, 0),
(3159, 277, 28, 3, '2020-12-31 02:30:14', NULL, NULL, 0),
(3160, 277, 35, 3, '2020-12-31 02:30:14', NULL, NULL, 0),
(3161, 277, 36, 3, '2020-12-31 02:30:14', NULL, NULL, 0),
(3162, 277, 40, 3, '2020-12-31 02:30:15', NULL, NULL, 0),
(3163, 277, 30, 3, '2020-12-31 02:30:15', NULL, NULL, 0),
(3164, 277, 38, 3, '2020-12-31 02:30:15', NULL, NULL, 0),
(3165, 277, 37, 3, '2020-12-31 02:30:15', NULL, NULL, 0),
(3166, 277, 33, 3, '2020-12-31 02:30:15', NULL, NULL, 0),
(3167, 278, 18, 3, '2020-12-31 02:52:29', NULL, NULL, 0),
(3168, 278, 17, 3, '2020-12-31 02:52:29', NULL, NULL, 0),
(3169, 278, 22, 3, '2020-12-31 02:52:29', NULL, NULL, 0),
(3170, 278, 23, 3, '2020-12-31 02:52:29', NULL, NULL, 0),
(3171, 278, 45, 3, '2020-12-31 02:52:29', NULL, NULL, 0),
(3172, 278, 26, 3, '2020-12-31 02:52:29', NULL, NULL, 0),
(3173, 278, 35, 3, '2020-12-31 02:52:29', NULL, NULL, 0),
(3174, 278, 29, 3, '2020-12-31 02:52:29', NULL, NULL, 0),
(3175, 278, 36, 3, '2020-12-31 02:52:30', NULL, NULL, 0),
(3176, 278, 12, 3, '2020-12-31 02:52:30', NULL, NULL, 0),
(3177, 278, 32, 3, '2020-12-31 02:52:30', NULL, NULL, 0),
(3178, 278, 40, 3, '2020-12-31 02:52:30', NULL, NULL, 0),
(3179, 278, 38, 3, '2020-12-31 02:52:30', NULL, NULL, 0),
(3180, 278, 14, 3, '2020-12-31 02:52:30', NULL, NULL, 0),
(3181, 278, 37, 3, '2020-12-31 02:52:30', NULL, NULL, 0),
(3182, 279, 21, 3, '2020-12-31 02:53:37', NULL, NULL, 0),
(3183, 279, 13, 3, '2020-12-31 02:53:37', NULL, NULL, 0),
(3184, 279, 24, 3, '2020-12-31 02:53:37', NULL, NULL, 0),
(3185, 279, 45, 3, '2020-12-31 02:53:37', NULL, NULL, 0),
(3186, 279, 23, 3, '2020-12-31 02:53:37', NULL, NULL, 0),
(3187, 279, 36, 3, '2020-12-31 02:53:37', NULL, NULL, 0),
(3188, 279, 29, 3, '2020-12-31 02:53:37', NULL, NULL, 0),
(3189, 279, 28, 3, '2020-12-31 02:53:37', NULL, NULL, 0),
(3190, 279, 26, 3, '2020-12-31 02:53:37', NULL, NULL, 0),
(3191, 279, 27, 3, '2020-12-31 02:53:38', NULL, NULL, 0),
(3192, 279, 31, 3, '2020-12-31 02:53:38', NULL, NULL, 0),
(3193, 279, 38, 3, '2020-12-31 02:53:38', NULL, NULL, 0),
(3194, 279, 14, 3, '2020-12-31 02:53:38', NULL, NULL, 0),
(3195, 279, 37, 3, '2020-12-31 02:53:38', NULL, NULL, 0),
(3196, 279, 32, 3, '2020-12-31 02:53:38', NULL, NULL, 0),
(3197, 280, 24, 3, '2021-01-03 14:11:27', NULL, NULL, 0),
(3198, 280, 22, 3, '2021-01-03 14:11:27', NULL, NULL, 0),
(3199, 280, 13, 3, '2021-01-03 14:11:28', NULL, NULL, 0),
(3200, 280, 18, 3, '2021-01-03 14:11:28', NULL, NULL, 0),
(3201, 280, 21, 3, '2021-01-03 14:11:28', NULL, NULL, 0),
(3202, 280, 27, 3, '2021-01-03 14:11:28', NULL, NULL, 0),
(3203, 280, 26, 3, '2021-01-03 14:11:28', NULL, NULL, 0),
(3204, 280, 35, 3, '2021-01-03 14:11:28', NULL, NULL, 0),
(3205, 280, 28, 3, '2021-01-03 14:11:29', NULL, NULL, 0),
(3206, 280, 12, 3, '2021-01-03 14:11:29', NULL, NULL, 0),
(3207, 280, 14, 3, '2021-01-03 14:11:29', NULL, NULL, 0),
(3208, 280, 33, 3, '2021-01-03 14:11:29', NULL, NULL, 0),
(3209, 280, 39, 3, '2021-01-03 14:11:29', NULL, NULL, 0),
(3210, 280, 38, 3, '2021-01-03 14:11:29', NULL, NULL, 0),
(3211, 280, 40, 3, '2021-01-03 14:11:30', NULL, NULL, 0),
(3212, 281, 21, 3, '2021-01-03 14:21:28', NULL, NULL, 0),
(3213, 281, 19, 3, '2021-01-03 14:21:28', NULL, NULL, 0),
(3214, 281, 45, 3, '2021-01-03 14:21:28', NULL, NULL, 0),
(3215, 281, 17, 3, '2021-01-03 14:21:28', NULL, NULL, 0),
(3216, 281, 23, 3, '2021-01-03 14:21:28', NULL, NULL, 0),
(3217, 281, 26, 3, '2021-01-03 14:21:28', NULL, NULL, 0),
(3218, 281, 28, 3, '2021-01-03 14:21:28', NULL, NULL, 0),
(3219, 281, 27, 3, '2021-01-03 14:21:29', NULL, NULL, 0),
(3220, 281, 12, 3, '2021-01-03 14:21:29', NULL, NULL, 0),
(3221, 281, 34, 3, '2021-01-03 14:21:29', NULL, NULL, 0),
(3222, 281, 30, 3, '2021-01-03 14:21:29', NULL, NULL, 0),
(3223, 281, 40, 3, '2021-01-03 14:21:30', NULL, NULL, 0),
(3224, 281, 39, 3, '2021-01-03 14:21:30', NULL, NULL, 0),
(3225, 281, 14, 3, '2021-01-03 14:21:30', NULL, NULL, 0),
(3226, 281, 41, 3, '2021-01-03 14:21:31', NULL, NULL, 0),
(3227, 282, 19, 3, '2021-01-03 14:40:36', NULL, NULL, 0),
(3228, 282, 17, 3, '2021-01-03 14:40:36', NULL, NULL, 0),
(3229, 282, 20, 3, '2021-01-03 14:40:36', NULL, NULL, 0),
(3230, 282, 22, 3, '2021-01-03 14:40:36', NULL, NULL, 0),
(3231, 282, 23, 3, '2021-01-03 14:40:36', NULL, NULL, 0),
(3232, 282, 26, 3, '2021-01-03 14:40:36', NULL, NULL, 0),
(3233, 282, 35, 3, '2021-01-03 14:40:37', NULL, NULL, 0),
(3234, 282, 34, 3, '2021-01-03 14:40:37', NULL, NULL, 0),
(3235, 282, 36, 3, '2021-01-03 14:40:37', NULL, NULL, 0),
(3236, 282, 27, 3, '2021-01-03 14:40:37', NULL, NULL, 0),
(3237, 282, 37, 3, '2021-01-03 14:40:37', NULL, NULL, 0),
(3238, 282, 41, 3, '2021-01-03 14:40:38', NULL, NULL, 0),
(3239, 282, 14, 3, '2021-01-03 14:40:38', NULL, NULL, 0),
(3240, 282, 32, 3, '2021-01-03 14:40:38', NULL, NULL, 0),
(3241, 282, 40, 3, '2021-01-03 14:40:38', NULL, NULL, 0),
(3242, 283, 17, 3, '2021-01-03 14:50:52', NULL, NULL, 0),
(3243, 283, 19, 3, '2021-01-03 14:50:53', NULL, NULL, 0),
(3244, 283, 23, 3, '2021-01-03 14:50:53', NULL, NULL, 0),
(3245, 283, 20, 3, '2021-01-03 14:50:53', NULL, NULL, 0),
(3246, 283, 21, 3, '2021-01-03 14:50:53', NULL, NULL, 0),
(3247, 283, 28, 3, '2021-01-03 14:50:53', NULL, NULL, 0),
(3248, 283, 12, 3, '2021-01-03 14:50:53', NULL, NULL, 0),
(3249, 283, 35, 3, '2021-01-03 14:50:53', NULL, NULL, 0),
(3250, 283, 34, 3, '2021-01-03 14:50:54', NULL, NULL, 0),
(3251, 283, 36, 3, '2021-01-03 14:50:54', NULL, NULL, 0),
(3252, 283, 39, 3, '2021-01-03 14:50:54', NULL, NULL, 0),
(3253, 283, 32, 3, '2021-01-03 14:50:54', NULL, NULL, 0),
(3254, 283, 41, 3, '2021-01-03 14:50:54', NULL, NULL, 0),
(3255, 283, 33, 3, '2021-01-03 14:50:54', NULL, NULL, 0),
(3256, 283, 31, 3, '2021-01-03 14:50:54', NULL, NULL, 0),
(3257, 284, 22, 3, '2021-01-03 14:52:08', NULL, NULL, 0),
(3258, 284, 19, 3, '2021-01-03 14:52:08', NULL, NULL, 0),
(3259, 284, 24, 3, '2021-01-03 14:52:08', NULL, NULL, 0),
(3260, 284, 18, 3, '2021-01-03 14:52:09', NULL, NULL, 0),
(3261, 284, 21, 3, '2021-01-03 14:52:09', NULL, NULL, 0),
(3262, 284, 28, 3, '2021-01-03 14:52:09', NULL, NULL, 0),
(3263, 284, 27, 3, '2021-01-03 14:52:09', NULL, NULL, 0),
(3264, 284, 29, 3, '2021-01-03 14:52:09', NULL, NULL, 0),
(3265, 284, 35, 3, '2021-01-03 14:52:10', NULL, NULL, 0),
(3266, 284, 36, 3, '2021-01-03 14:52:10', NULL, NULL, 0),
(3267, 284, 37, 3, '2021-01-03 14:52:10', NULL, NULL, 0),
(3268, 284, 14, 3, '2021-01-03 14:52:10', NULL, NULL, 0),
(3269, 284, 31, 3, '2021-01-03 14:52:10', NULL, NULL, 0),
(3270, 284, 32, 3, '2021-01-03 14:52:10', NULL, NULL, 0),
(3271, 284, 38, 3, '2021-01-03 14:52:10', NULL, NULL, 0);
INSERT INTO `quizcontent` (`ID`, `Quiz`, `QuestionID`, `CreatedBy`, `CreatedAt`, `UpdatedBy`, `UpdatedAt`, `IsDeleted`) VALUES
(3272, 285, 22, 3, '2021-01-03 14:53:20', NULL, NULL, 0),
(3273, 285, 17, 3, '2021-01-03 14:53:20', NULL, NULL, 0),
(3274, 285, 24, 3, '2021-01-03 14:53:20', NULL, NULL, 0),
(3275, 285, 45, 3, '2021-01-03 14:53:20', NULL, NULL, 0),
(3276, 285, 18, 3, '2021-01-03 14:53:21', NULL, NULL, 0),
(3277, 285, 35, 3, '2021-01-03 14:53:21', NULL, NULL, 0),
(3278, 285, 26, 3, '2021-01-03 14:53:21', NULL, NULL, 0),
(3279, 285, 28, 3, '2021-01-03 14:53:21', NULL, NULL, 0),
(3280, 285, 12, 3, '2021-01-03 14:53:21', NULL, NULL, 0),
(3281, 285, 29, 3, '2021-01-03 14:53:21', NULL, NULL, 0),
(3282, 285, 37, 3, '2021-01-03 14:53:22', NULL, NULL, 0),
(3283, 285, 40, 3, '2021-01-03 14:53:22', NULL, NULL, 0),
(3284, 285, 41, 3, '2021-01-03 14:53:22', NULL, NULL, 0),
(3285, 285, 38, 3, '2021-01-03 14:53:22', NULL, NULL, 0),
(3286, 285, 31, 3, '2021-01-03 14:53:22', NULL, NULL, 0),
(3287, 286, 17, 3, '2021-01-03 15:00:06', NULL, NULL, 0),
(3288, 286, 23, 3, '2021-01-03 15:00:06', NULL, NULL, 0),
(3289, 286, 24, 3, '2021-01-03 15:00:06', NULL, NULL, 0),
(3290, 286, 19, 3, '2021-01-03 15:00:06', NULL, NULL, 0),
(3291, 286, 21, 3, '2021-01-03 15:00:06', NULL, NULL, 0),
(3292, 286, 12, 3, '2021-01-03 15:00:06', NULL, NULL, 0),
(3293, 286, 35, 3, '2021-01-03 15:00:06', NULL, NULL, 0),
(3294, 286, 28, 3, '2021-01-03 15:00:06', NULL, NULL, 0),
(3295, 286, 34, 3, '2021-01-03 15:00:07', NULL, NULL, 0),
(3296, 286, 27, 3, '2021-01-03 15:00:07', NULL, NULL, 0),
(3297, 286, 39, 3, '2021-01-03 15:00:07', NULL, NULL, 0),
(3298, 286, 33, 3, '2021-01-03 15:00:07', NULL, NULL, 0),
(3299, 286, 30, 3, '2021-01-03 15:00:07', NULL, NULL, 0),
(3300, 286, 40, 3, '2021-01-03 15:00:07', NULL, NULL, 0),
(3301, 286, 14, 3, '2021-01-03 15:00:07', NULL, NULL, 0),
(3302, 287, 17, 3, '2021-01-03 15:02:57', NULL, NULL, 0),
(3303, 287, 21, 3, '2021-01-03 15:02:57', NULL, NULL, 0),
(3304, 287, 18, 3, '2021-01-03 15:02:57', NULL, NULL, 0),
(3305, 287, 22, 3, '2021-01-03 15:02:57', NULL, NULL, 0),
(3306, 287, 20, 3, '2021-01-03 15:02:57', NULL, NULL, 0),
(3307, 287, 35, 3, '2021-01-03 15:02:58', NULL, NULL, 0),
(3308, 287, 29, 3, '2021-01-03 15:02:58', NULL, NULL, 0),
(3309, 287, 27, 3, '2021-01-03 15:02:58', NULL, NULL, 0),
(3310, 287, 12, 3, '2021-01-03 15:02:58', NULL, NULL, 0),
(3311, 287, 26, 3, '2021-01-03 15:02:58', NULL, NULL, 0),
(3312, 287, 37, 3, '2021-01-03 15:02:59', NULL, NULL, 0),
(3313, 287, 14, 3, '2021-01-03 15:02:59', NULL, NULL, 0),
(3314, 287, 39, 3, '2021-01-03 15:02:59', NULL, NULL, 0),
(3315, 287, 41, 3, '2021-01-03 15:02:59', NULL, NULL, 0),
(3316, 287, 32, 3, '2021-01-03 15:02:59', NULL, NULL, 0),
(3317, 288, 23, 3, '2021-01-03 15:03:35', NULL, NULL, 0),
(3318, 288, 19, 3, '2021-01-03 15:03:35', NULL, NULL, 0),
(3319, 288, 24, 3, '2021-01-03 15:03:35', NULL, NULL, 0),
(3320, 288, 20, 3, '2021-01-03 15:03:36', NULL, NULL, 0),
(3321, 288, 18, 3, '2021-01-03 15:03:36', NULL, NULL, 0),
(3322, 288, 26, 3, '2021-01-03 15:03:36', NULL, NULL, 0),
(3323, 288, 28, 3, '2021-01-03 15:03:36', NULL, NULL, 0),
(3324, 288, 27, 3, '2021-01-03 15:03:36', NULL, NULL, 0),
(3325, 288, 34, 3, '2021-01-03 15:03:36', NULL, NULL, 0),
(3326, 288, 35, 3, '2021-01-03 15:03:37', NULL, NULL, 0),
(3327, 288, 38, 3, '2021-01-03 15:03:37', NULL, NULL, 0),
(3328, 288, 14, 3, '2021-01-03 15:03:37', NULL, NULL, 0),
(3329, 288, 31, 3, '2021-01-03 15:03:37', NULL, NULL, 0),
(3330, 288, 37, 3, '2021-01-03 15:03:37', NULL, NULL, 0),
(3331, 288, 32, 3, '2021-01-03 15:03:38', NULL, NULL, 0),
(3332, 289, 21, 3, '2021-01-03 15:04:24', NULL, NULL, 0),
(3333, 289, 13, 3, '2021-01-03 15:04:24', NULL, NULL, 0),
(3334, 289, 45, 3, '2021-01-03 15:04:24', NULL, NULL, 0),
(3335, 289, 22, 3, '2021-01-03 15:04:24', NULL, NULL, 0),
(3336, 289, 17, 3, '2021-01-03 15:04:25', NULL, NULL, 0),
(3337, 289, 12, 3, '2021-01-03 15:04:25', NULL, NULL, 0),
(3338, 289, 35, 3, '2021-01-03 15:04:25', NULL, NULL, 0),
(3339, 289, 36, 3, '2021-01-03 15:04:25', NULL, NULL, 0),
(3340, 289, 29, 3, '2021-01-03 15:04:25', NULL, NULL, 0),
(3341, 289, 34, 3, '2021-01-03 15:04:25', NULL, NULL, 0),
(3342, 289, 37, 3, '2021-01-03 15:04:25', NULL, NULL, 0),
(3343, 289, 32, 3, '2021-01-03 15:04:25', NULL, NULL, 0),
(3344, 289, 30, 3, '2021-01-03 15:04:26', NULL, NULL, 0),
(3345, 289, 33, 3, '2021-01-03 15:04:26', NULL, NULL, 0),
(3346, 289, 38, 3, '2021-01-03 15:04:26', NULL, NULL, 0),
(3347, 290, 22, 3, '2021-01-03 15:06:06', NULL, NULL, 0),
(3348, 290, 21, 3, '2021-01-03 15:06:06', NULL, NULL, 0),
(3349, 290, 23, 3, '2021-01-03 15:06:06', NULL, NULL, 0),
(3350, 290, 45, 3, '2021-01-03 15:06:06', NULL, NULL, 0),
(3351, 290, 24, 3, '2021-01-03 15:06:06', NULL, NULL, 0),
(3352, 290, 28, 3, '2021-01-03 15:06:06', NULL, NULL, 0),
(3353, 290, 35, 3, '2021-01-03 15:06:07', NULL, NULL, 0),
(3354, 290, 26, 3, '2021-01-03 15:06:07', NULL, NULL, 0),
(3355, 290, 12, 3, '2021-01-03 15:06:07', NULL, NULL, 0),
(3356, 290, 36, 3, '2021-01-03 15:06:07', NULL, NULL, 0),
(3357, 290, 41, 3, '2021-01-03 15:06:07', NULL, NULL, 0),
(3358, 290, 40, 3, '2021-01-03 15:06:07', NULL, NULL, 0),
(3359, 290, 39, 3, '2021-01-03 15:06:07', NULL, NULL, 0),
(3360, 290, 32, 3, '2021-01-03 15:06:08', NULL, NULL, 0),
(3361, 290, 30, 3, '2021-01-03 15:06:08', NULL, NULL, 0),
(3362, 291, 45, 3, '2021-01-03 15:09:42', NULL, NULL, 0),
(3363, 291, 13, 3, '2021-01-03 15:09:42', NULL, NULL, 0),
(3364, 291, 18, 3, '2021-01-03 15:09:42', NULL, NULL, 0),
(3365, 291, 23, 3, '2021-01-03 15:09:43', NULL, NULL, 0),
(3366, 291, 17, 3, '2021-01-03 15:09:43', NULL, NULL, 0),
(3367, 291, 35, 3, '2021-01-03 15:09:43', NULL, NULL, 0),
(3368, 291, 26, 3, '2021-01-03 15:09:43', NULL, NULL, 0),
(3369, 291, 28, 3, '2021-01-03 15:09:43', NULL, NULL, 0),
(3370, 291, 36, 3, '2021-01-03 15:09:43', NULL, NULL, 0),
(3371, 291, 12, 3, '2021-01-03 15:09:43', NULL, NULL, 0),
(3372, 291, 30, 3, '2021-01-03 15:09:43', NULL, NULL, 0),
(3373, 291, 38, 3, '2021-01-03 15:09:43', NULL, NULL, 0),
(3374, 291, 37, 3, '2021-01-03 15:09:44', NULL, NULL, 0),
(3375, 291, 31, 3, '2021-01-03 15:09:44', NULL, NULL, 0),
(3376, 291, 39, 3, '2021-01-03 15:09:44', NULL, NULL, 0),
(3377, 292, 24, 3, '2021-01-03 15:10:42', NULL, NULL, 0),
(3378, 292, 22, 3, '2021-01-03 15:10:42', NULL, NULL, 0),
(3379, 292, 19, 3, '2021-01-03 15:10:42', NULL, NULL, 0),
(3380, 292, 20, 3, '2021-01-03 15:10:42', NULL, NULL, 0),
(3381, 292, 45, 3, '2021-01-03 15:10:42', NULL, NULL, 0),
(3382, 292, 34, 3, '2021-01-03 15:10:42', NULL, NULL, 0),
(3383, 292, 12, 3, '2021-01-03 15:10:42', NULL, NULL, 0),
(3384, 292, 28, 3, '2021-01-03 15:10:42', NULL, NULL, 0),
(3385, 292, 27, 3, '2021-01-03 15:10:43', NULL, NULL, 0),
(3386, 292, 29, 3, '2021-01-03 15:10:43', NULL, NULL, 0),
(3387, 292, 14, 3, '2021-01-03 15:10:43', NULL, NULL, 0),
(3388, 292, 31, 3, '2021-01-03 15:10:43', NULL, NULL, 0),
(3389, 292, 32, 3, '2021-01-03 15:10:43', NULL, NULL, 0),
(3390, 292, 37, 3, '2021-01-03 15:10:43', NULL, NULL, 0),
(3391, 292, 41, 3, '2021-01-03 15:10:43', NULL, NULL, 0),
(3392, 293, 22, 3, '2021-01-03 15:12:36', NULL, NULL, 0),
(3393, 293, 20, 3, '2021-01-03 15:12:36', NULL, NULL, 0),
(3394, 293, 24, 3, '2021-01-03 15:12:36', NULL, NULL, 0),
(3395, 293, 18, 3, '2021-01-03 15:12:37', NULL, NULL, 0),
(3396, 293, 13, 3, '2021-01-03 15:12:37', NULL, NULL, 0),
(3397, 293, 29, 3, '2021-01-03 15:12:37', NULL, NULL, 0),
(3398, 293, 26, 3, '2021-01-03 15:12:37', NULL, NULL, 0),
(3399, 293, 35, 3, '2021-01-03 15:12:37', NULL, NULL, 0),
(3400, 293, 36, 3, '2021-01-03 15:12:37', NULL, NULL, 0),
(3401, 293, 28, 3, '2021-01-03 15:12:37', NULL, NULL, 0),
(3402, 293, 33, 3, '2021-01-03 15:12:37', NULL, NULL, 0),
(3403, 293, 14, 3, '2021-01-03 15:12:38', NULL, NULL, 0),
(3404, 293, 39, 3, '2021-01-03 15:12:38', NULL, NULL, 0),
(3405, 293, 30, 3, '2021-01-03 15:12:38', NULL, NULL, 0),
(3406, 293, 38, 3, '2021-01-03 15:12:38', NULL, NULL, 0),
(3407, 294, 18, 3, '2021-01-03 15:19:03', NULL, NULL, 0),
(3408, 294, 22, 3, '2021-01-03 15:19:03', NULL, NULL, 0),
(3409, 294, 17, 3, '2021-01-03 15:19:03', NULL, NULL, 0),
(3410, 294, 23, 3, '2021-01-03 15:19:03', NULL, NULL, 0),
(3411, 294, 45, 3, '2021-01-03 15:19:03', NULL, NULL, 0),
(3412, 294, 28, 3, '2021-01-03 15:19:03', NULL, NULL, 0),
(3413, 294, 12, 3, '2021-01-03 15:19:03', NULL, NULL, 0),
(3414, 294, 35, 3, '2021-01-03 15:19:03', NULL, NULL, 0),
(3415, 294, 29, 3, '2021-01-03 15:19:03', NULL, NULL, 0),
(3416, 294, 27, 3, '2021-01-03 15:19:04', NULL, NULL, 0),
(3417, 294, 33, 3, '2021-01-03 15:19:04', NULL, NULL, 0),
(3418, 294, 32, 3, '2021-01-03 15:19:04', NULL, NULL, 0),
(3419, 294, 37, 3, '2021-01-03 15:19:04', NULL, NULL, 0),
(3420, 294, 30, 3, '2021-01-03 15:19:04', NULL, NULL, 0),
(3421, 294, 39, 3, '2021-01-03 15:19:04', NULL, NULL, 0),
(3422, 295, 24, 3, '2021-01-03 15:21:21', NULL, NULL, 0),
(3423, 295, 23, 3, '2021-01-03 15:21:21', NULL, NULL, 0),
(3424, 295, 19, 3, '2021-01-03 15:21:21', NULL, NULL, 0),
(3425, 295, 21, 3, '2021-01-03 15:21:21', NULL, NULL, 0),
(3426, 295, 45, 3, '2021-01-03 15:21:21', NULL, NULL, 0),
(3427, 295, 27, 3, '2021-01-03 15:21:21', NULL, NULL, 0),
(3428, 295, 36, 3, '2021-01-03 15:21:21', NULL, NULL, 0),
(3429, 295, 34, 3, '2021-01-03 15:21:22', NULL, NULL, 0),
(3430, 295, 26, 3, '2021-01-03 15:21:22', NULL, NULL, 0),
(3431, 295, 12, 3, '2021-01-03 15:21:22', NULL, NULL, 0),
(3432, 295, 37, 3, '2021-01-03 15:21:22', NULL, NULL, 0),
(3433, 295, 33, 3, '2021-01-03 15:21:22', NULL, NULL, 0),
(3434, 295, 30, 3, '2021-01-03 15:21:22', NULL, NULL, 0),
(3435, 295, 31, 3, '2021-01-03 15:21:22', NULL, NULL, 0),
(3436, 295, 41, 3, '2021-01-03 15:21:22', NULL, NULL, 0),
(3437, 296, 24, 3, '2021-01-03 15:22:30', NULL, NULL, 0),
(3438, 296, 19, 3, '2021-01-03 15:22:30', NULL, NULL, 0),
(3439, 296, 21, 3, '2021-01-03 15:22:30', NULL, NULL, 0),
(3440, 296, 17, 3, '2021-01-03 15:22:30', NULL, NULL, 0),
(3441, 296, 22, 3, '2021-01-03 15:22:30', NULL, NULL, 0),
(3442, 296, 35, 3, '2021-01-03 15:22:30', NULL, NULL, 0),
(3443, 296, 29, 3, '2021-01-03 15:22:30', NULL, NULL, 0),
(3444, 296, 27, 3, '2021-01-03 15:22:31', NULL, NULL, 0),
(3445, 296, 26, 3, '2021-01-03 15:22:31', NULL, NULL, 0),
(3446, 296, 28, 3, '2021-01-03 15:22:31', NULL, NULL, 0),
(3447, 296, 31, 3, '2021-01-03 15:22:31', NULL, NULL, 0),
(3448, 296, 37, 3, '2021-01-03 15:22:31', NULL, NULL, 0),
(3449, 296, 41, 3, '2021-01-03 15:22:31', NULL, NULL, 0),
(3450, 296, 33, 3, '2021-01-03 15:22:31', NULL, NULL, 0),
(3451, 296, 30, 3, '2021-01-03 15:22:31', NULL, NULL, 0),
(3452, 297, 24, 3, '2021-01-03 15:23:07', NULL, NULL, 0),
(3453, 297, 21, 3, '2021-01-03 15:23:07', NULL, NULL, 0),
(3454, 297, 13, 3, '2021-01-03 15:23:07', NULL, NULL, 0),
(3455, 297, 17, 3, '2021-01-03 15:23:07', NULL, NULL, 0),
(3456, 297, 22, 3, '2021-01-03 15:23:07', NULL, NULL, 0),
(3457, 297, 34, 3, '2021-01-03 15:23:07', NULL, NULL, 0),
(3458, 297, 28, 3, '2021-01-03 15:23:07', NULL, NULL, 0),
(3459, 297, 26, 3, '2021-01-03 15:23:07', NULL, NULL, 0),
(3460, 297, 36, 3, '2021-01-03 15:23:08', NULL, NULL, 0),
(3461, 297, 29, 3, '2021-01-03 15:23:08', NULL, NULL, 0),
(3462, 297, 33, 3, '2021-01-03 15:23:08', NULL, NULL, 0),
(3463, 297, 37, 3, '2021-01-03 15:23:08', NULL, NULL, 0),
(3464, 297, 30, 3, '2021-01-03 15:23:08', NULL, NULL, 0),
(3465, 297, 32, 3, '2021-01-03 15:23:08', NULL, NULL, 0),
(3466, 297, 40, 3, '2021-01-03 15:23:08', NULL, NULL, 0),
(3467, 298, 22, 3, '2021-01-03 15:26:08', NULL, NULL, 0),
(3468, 298, 18, 3, '2021-01-03 15:26:09', NULL, NULL, 0),
(3469, 298, 20, 3, '2021-01-03 15:26:09', NULL, NULL, 0),
(3470, 298, 13, 3, '2021-01-03 15:26:09', NULL, NULL, 0),
(3471, 298, 21, 3, '2021-01-03 15:26:09', NULL, NULL, 0),
(3472, 298, 28, 3, '2021-01-03 15:26:09', NULL, NULL, 0),
(3473, 298, 29, 3, '2021-01-03 15:26:09', NULL, NULL, 0),
(3474, 298, 12, 3, '2021-01-03 15:26:09', NULL, NULL, 0),
(3475, 298, 26, 3, '2021-01-03 15:26:09', NULL, NULL, 0),
(3476, 298, 36, 3, '2021-01-03 15:26:09', NULL, NULL, 0),
(3477, 298, 40, 3, '2021-01-03 15:26:09', NULL, NULL, 0),
(3478, 298, 31, 3, '2021-01-03 15:26:10', NULL, NULL, 0),
(3479, 298, 37, 3, '2021-01-03 15:26:10', NULL, NULL, 0),
(3480, 298, 39, 3, '2021-01-03 15:26:10', NULL, NULL, 0),
(3481, 298, 41, 3, '2021-01-03 15:26:10', NULL, NULL, 0),
(3482, 299, 22, 3, '2021-01-03 15:28:33', NULL, NULL, 0),
(3483, 299, 21, 3, '2021-01-03 15:28:33', NULL, NULL, 0),
(3484, 299, 17, 3, '2021-01-03 15:28:33', NULL, NULL, 0),
(3485, 299, 20, 3, '2021-01-03 15:28:33', NULL, NULL, 0),
(3486, 299, 45, 3, '2021-01-03 15:28:33', NULL, NULL, 0),
(3487, 299, 35, 3, '2021-01-03 15:28:33', NULL, NULL, 0),
(3488, 299, 34, 3, '2021-01-03 15:28:33', NULL, NULL, 0),
(3489, 299, 27, 3, '2021-01-03 15:28:34', NULL, NULL, 0),
(3490, 299, 12, 3, '2021-01-03 15:28:34', NULL, NULL, 0),
(3491, 299, 28, 3, '2021-01-03 15:28:34', NULL, NULL, 0),
(3492, 299, 40, 3, '2021-01-03 15:28:34', NULL, NULL, 0),
(3493, 299, 38, 3, '2021-01-03 15:28:34', NULL, NULL, 0),
(3494, 299, 31, 3, '2021-01-03 15:28:34', NULL, NULL, 0),
(3495, 299, 14, 3, '2021-01-03 15:28:34', NULL, NULL, 0),
(3496, 299, 33, 3, '2021-01-03 15:28:34', NULL, NULL, 0),
(3497, 300, 19, 3, '2021-01-03 15:31:20', NULL, NULL, 0),
(3498, 300, 21, 3, '2021-01-03 15:31:20', NULL, NULL, 0),
(3499, 300, 22, 3, '2021-01-03 15:31:20', NULL, NULL, 0),
(3500, 300, 18, 3, '2021-01-03 15:31:20', NULL, NULL, 0),
(3501, 300, 17, 3, '2021-01-03 15:31:20', NULL, NULL, 0),
(3502, 300, 36, 3, '2021-01-03 15:31:20', NULL, NULL, 0),
(3503, 300, 35, 3, '2021-01-03 15:31:20', NULL, NULL, 0),
(3504, 300, 34, 3, '2021-01-03 15:31:20', NULL, NULL, 0),
(3505, 300, 26, 3, '2021-01-03 15:31:21', NULL, NULL, 0),
(3506, 300, 12, 3, '2021-01-03 15:31:21', NULL, NULL, 0),
(3507, 300, 37, 3, '2021-01-03 15:31:21', NULL, NULL, 0),
(3508, 300, 31, 3, '2021-01-03 15:31:21', NULL, NULL, 0),
(3509, 300, 39, 3, '2021-01-03 15:31:21', NULL, NULL, 0),
(3510, 300, 14, 3, '2021-01-03 15:31:21', NULL, NULL, 0),
(3511, 300, 33, 3, '2021-01-03 15:31:21', NULL, NULL, 0),
(3512, 301, 22, 3, '2021-01-03 15:36:46', NULL, NULL, 0),
(3513, 301, 20, 3, '2021-01-03 15:36:46', NULL, NULL, 0),
(3514, 301, 18, 3, '2021-01-03 15:36:46', NULL, NULL, 0),
(3515, 301, 19, 3, '2021-01-03 15:36:46', NULL, NULL, 0),
(3516, 301, 45, 3, '2021-01-03 15:36:46', NULL, NULL, 0),
(3517, 301, 34, 3, '2021-01-03 15:36:46', NULL, NULL, 0),
(3518, 301, 35, 3, '2021-01-03 15:36:46', NULL, NULL, 0),
(3519, 301, 26, 3, '2021-01-03 15:36:46', NULL, NULL, 0),
(3520, 301, 36, 3, '2021-01-03 15:36:47', NULL, NULL, 0),
(3521, 301, 27, 3, '2021-01-03 15:36:47', NULL, NULL, 0),
(3522, 301, 41, 3, '2021-01-03 15:36:47', NULL, NULL, 0),
(3523, 301, 38, 3, '2021-01-03 15:36:47', NULL, NULL, 0),
(3524, 301, 40, 3, '2021-01-03 15:36:47', NULL, NULL, 0),
(3525, 301, 14, 3, '2021-01-03 15:36:47', NULL, NULL, 0),
(3526, 301, 39, 3, '2021-01-03 15:36:47', NULL, NULL, 0),
(3527, 302, 22, 3, '2021-01-03 15:45:26', NULL, NULL, 0),
(3528, 302, 13, 3, '2021-01-03 15:45:26', NULL, NULL, 0),
(3529, 302, 18, 3, '2021-01-03 15:45:26', NULL, NULL, 0),
(3530, 302, 17, 3, '2021-01-03 15:45:26', NULL, NULL, 0),
(3531, 302, 20, 3, '2021-01-03 15:45:26', NULL, NULL, 0),
(3532, 302, 29, 3, '2021-01-03 15:45:26', NULL, NULL, 0),
(3533, 302, 26, 3, '2021-01-03 15:45:26', NULL, NULL, 0),
(3534, 302, 35, 3, '2021-01-03 15:45:26', NULL, NULL, 0),
(3535, 302, 34, 3, '2021-01-03 15:45:26', NULL, NULL, 0),
(3536, 302, 12, 3, '2021-01-03 15:45:27', NULL, NULL, 0),
(3537, 302, 37, 3, '2021-01-03 15:45:27', NULL, NULL, 0),
(3538, 302, 38, 3, '2021-01-03 15:45:27', NULL, NULL, 0),
(3539, 302, 31, 3, '2021-01-03 15:45:27', NULL, NULL, 0),
(3540, 302, 39, 3, '2021-01-03 15:45:27', NULL, NULL, 0),
(3541, 302, 33, 3, '2021-01-03 15:45:27', NULL, NULL, 0),
(3542, 303, 19, 3, '2021-01-03 15:45:48', NULL, NULL, 0),
(3543, 303, 18, 3, '2021-01-03 15:45:48', NULL, NULL, 0),
(3544, 303, 17, 3, '2021-01-03 15:45:48', NULL, NULL, 0),
(3545, 303, 22, 3, '2021-01-03 15:45:48', NULL, NULL, 0),
(3546, 303, 21, 3, '2021-01-03 15:45:48', NULL, NULL, 0),
(3547, 303, 35, 3, '2021-01-03 15:45:48', NULL, NULL, 0),
(3548, 303, 29, 3, '2021-01-03 15:45:48', NULL, NULL, 0),
(3549, 303, 27, 3, '2021-01-03 15:45:48', NULL, NULL, 0),
(3550, 303, 36, 3, '2021-01-03 15:45:48', NULL, NULL, 0),
(3551, 303, 12, 3, '2021-01-03 15:45:49', NULL, NULL, 0),
(3552, 303, 39, 3, '2021-01-03 15:45:49', NULL, NULL, 0),
(3553, 303, 38, 3, '2021-01-03 15:45:49', NULL, NULL, 0),
(3554, 303, 33, 3, '2021-01-03 15:45:50', NULL, NULL, 0),
(3555, 303, 31, 3, '2021-01-03 15:45:50', NULL, NULL, 0),
(3556, 303, 41, 3, '2021-01-03 15:45:50', NULL, NULL, 0),
(3557, 304, 13, 3, '2021-01-03 15:46:26', NULL, NULL, 0),
(3558, 304, 45, 3, '2021-01-03 15:46:26', NULL, NULL, 0),
(3559, 304, 21, 3, '2021-01-03 15:46:26', NULL, NULL, 0),
(3560, 304, 20, 3, '2021-01-03 15:46:26', NULL, NULL, 0),
(3561, 304, 23, 3, '2021-01-03 15:46:26', NULL, NULL, 0),
(3562, 304, 36, 3, '2021-01-03 15:46:26', NULL, NULL, 0),
(3563, 304, 34, 3, '2021-01-03 15:46:26', NULL, NULL, 0),
(3564, 304, 26, 3, '2021-01-03 15:46:26', NULL, NULL, 0),
(3565, 304, 27, 3, '2021-01-03 15:46:26', NULL, NULL, 0),
(3566, 304, 12, 3, '2021-01-03 15:46:27', NULL, NULL, 0),
(3567, 304, 30, 3, '2021-01-03 15:46:27', NULL, NULL, 0),
(3568, 304, 41, 3, '2021-01-03 15:46:27', NULL, NULL, 0),
(3569, 304, 33, 3, '2021-01-03 15:46:27', NULL, NULL, 0),
(3570, 304, 32, 3, '2021-01-03 15:46:27', NULL, NULL, 0),
(3571, 304, 40, 3, '2021-01-03 15:46:27', NULL, NULL, 0),
(3572, 305, 13, 3, '2021-01-03 15:47:54', NULL, NULL, 0),
(3573, 305, 19, 3, '2021-01-03 15:47:54', NULL, NULL, 0),
(3574, 305, 23, 3, '2021-01-03 15:47:55', NULL, NULL, 0),
(3575, 305, 21, 3, '2021-01-03 15:47:55', NULL, NULL, 0),
(3576, 305, 18, 3, '2021-01-03 15:47:55', NULL, NULL, 0),
(3577, 305, 36, 3, '2021-01-03 15:47:55', NULL, NULL, 0),
(3578, 305, 28, 3, '2021-01-03 15:47:55', NULL, NULL, 0),
(3579, 305, 34, 3, '2021-01-03 15:47:55', NULL, NULL, 0),
(3580, 305, 35, 3, '2021-01-03 15:47:55', NULL, NULL, 0),
(3581, 305, 26, 3, '2021-01-03 15:47:55', NULL, NULL, 0),
(3582, 305, 32, 3, '2021-01-03 15:47:55', NULL, NULL, 0),
(3583, 305, 33, 3, '2021-01-03 15:47:55', NULL, NULL, 0),
(3584, 305, 31, 3, '2021-01-03 15:47:56', NULL, NULL, 0),
(3585, 305, 30, 3, '2021-01-03 15:47:56', NULL, NULL, 0),
(3586, 305, 39, 3, '2021-01-03 15:47:56', NULL, NULL, 0),
(3587, 306, 13, 3, '2021-01-03 15:49:13', NULL, NULL, 0),
(3588, 306, 20, 3, '2021-01-03 15:49:13', NULL, NULL, 0),
(3589, 306, 19, 3, '2021-01-03 15:49:13', NULL, NULL, 0),
(3590, 306, 24, 3, '2021-01-03 15:49:13', NULL, NULL, 0),
(3591, 306, 17, 3, '2021-01-03 15:49:13', NULL, NULL, 0),
(3592, 306, 26, 3, '2021-01-03 15:49:13', NULL, NULL, 0),
(3593, 306, 34, 3, '2021-01-03 15:49:13', NULL, NULL, 0),
(3594, 306, 29, 3, '2021-01-03 15:49:13', NULL, NULL, 0),
(3595, 306, 12, 3, '2021-01-03 15:49:13', NULL, NULL, 0),
(3596, 306, 27, 3, '2021-01-03 15:49:13', NULL, NULL, 0),
(3597, 306, 41, 3, '2021-01-03 15:49:14', NULL, NULL, 0),
(3598, 306, 38, 3, '2021-01-03 15:49:14', NULL, NULL, 0),
(3599, 306, 39, 3, '2021-01-03 15:49:14', NULL, NULL, 0),
(3600, 306, 32, 3, '2021-01-03 15:49:14', NULL, NULL, 0),
(3601, 306, 40, 3, '2021-01-03 15:49:14', NULL, NULL, 0),
(3602, 307, 45, 3, '2021-01-03 15:50:03', NULL, NULL, 0),
(3603, 307, 20, 3, '2021-01-03 15:50:03', NULL, NULL, 0),
(3604, 307, 21, 3, '2021-01-03 15:50:03', NULL, NULL, 0),
(3605, 307, 18, 3, '2021-01-03 15:50:03', NULL, NULL, 0),
(3606, 307, 19, 3, '2021-01-03 15:50:03', NULL, NULL, 0),
(3607, 307, 27, 3, '2021-01-03 15:50:03', NULL, NULL, 0),
(3608, 307, 35, 3, '2021-01-03 15:50:03', NULL, NULL, 0),
(3609, 307, 28, 3, '2021-01-03 15:50:03', NULL, NULL, 0),
(3610, 307, 26, 3, '2021-01-03 15:50:03', NULL, NULL, 0),
(3611, 307, 36, 3, '2021-01-03 15:50:04', NULL, NULL, 0),
(3612, 307, 41, 3, '2021-01-03 15:50:04', NULL, NULL, 0),
(3613, 307, 32, 3, '2021-01-03 15:50:04', NULL, NULL, 0),
(3614, 307, 14, 3, '2021-01-03 15:50:04', NULL, NULL, 0),
(3615, 307, 37, 3, '2021-01-03 15:50:04', NULL, NULL, 0),
(3616, 307, 33, 3, '2021-01-03 15:50:04', NULL, NULL, 0),
(3617, 308, 21, 3, '2021-01-03 15:50:30', NULL, NULL, 0),
(3618, 308, 18, 3, '2021-01-03 15:50:30', NULL, NULL, 0),
(3619, 308, 20, 3, '2021-01-03 15:50:30', NULL, NULL, 0),
(3620, 308, 17, 3, '2021-01-03 15:50:30', NULL, NULL, 0),
(3621, 308, 22, 3, '2021-01-03 15:50:30', NULL, NULL, 0),
(3622, 308, 12, 3, '2021-01-03 15:50:30', NULL, NULL, 0),
(3623, 308, 35, 3, '2021-01-03 15:50:30', NULL, NULL, 0),
(3624, 308, 26, 3, '2021-01-03 15:50:30', NULL, NULL, 0),
(3625, 308, 27, 3, '2021-01-03 15:50:30', NULL, NULL, 0),
(3626, 308, 36, 3, '2021-01-03 15:50:31', NULL, NULL, 0),
(3627, 308, 41, 3, '2021-01-03 15:50:31', NULL, NULL, 0),
(3628, 308, 30, 3, '2021-01-03 15:50:31', NULL, NULL, 0),
(3629, 308, 32, 3, '2021-01-03 15:50:31', NULL, NULL, 0),
(3630, 308, 39, 3, '2021-01-03 15:50:31', NULL, NULL, 0),
(3631, 308, 31, 3, '2021-01-03 15:50:31', NULL, NULL, 0),
(3632, 309, 17, 3, '2021-01-03 15:51:00', NULL, NULL, 0),
(3633, 309, 23, 3, '2021-01-03 15:51:00', NULL, NULL, 0),
(3634, 309, 20, 3, '2021-01-03 15:51:01', NULL, NULL, 0),
(3635, 309, 21, 3, '2021-01-03 15:51:01', NULL, NULL, 0),
(3636, 309, 45, 3, '2021-01-03 15:51:01', NULL, NULL, 0),
(3637, 309, 36, 3, '2021-01-03 15:51:01', NULL, NULL, 0),
(3638, 309, 26, 3, '2021-01-03 15:51:01', NULL, NULL, 0),
(3639, 309, 35, 3, '2021-01-03 15:51:01', NULL, NULL, 0),
(3640, 309, 29, 3, '2021-01-03 15:51:01', NULL, NULL, 0),
(3641, 309, 34, 3, '2021-01-03 15:51:01', NULL, NULL, 0),
(3642, 309, 39, 3, '2021-01-03 15:51:01', NULL, NULL, 0),
(3643, 309, 31, 3, '2021-01-03 15:51:01', NULL, NULL, 0),
(3644, 309, 30, 3, '2021-01-03 15:51:02', NULL, NULL, 0),
(3645, 309, 38, 3, '2021-01-03 15:51:02', NULL, NULL, 0),
(3646, 309, 33, 3, '2021-01-03 15:51:02', NULL, NULL, 0),
(3647, 310, 23, 3, '2021-01-03 15:51:28', NULL, NULL, 0),
(3648, 310, 21, 3, '2021-01-03 15:51:28', NULL, NULL, 0),
(3649, 310, 45, 3, '2021-01-03 15:51:28', NULL, NULL, 0),
(3650, 310, 20, 3, '2021-01-03 15:51:28', NULL, NULL, 0),
(3651, 310, 22, 3, '2021-01-03 15:51:28', NULL, NULL, 0),
(3652, 310, 34, 3, '2021-01-03 15:51:28', NULL, NULL, 0),
(3653, 310, 28, 3, '2021-01-03 15:51:28', NULL, NULL, 0),
(3654, 310, 35, 3, '2021-01-03 15:51:28', NULL, NULL, 0),
(3655, 310, 12, 3, '2021-01-03 15:51:29', NULL, NULL, 0),
(3656, 310, 36, 3, '2021-01-03 15:51:29', NULL, NULL, 0),
(3657, 310, 38, 3, '2021-01-03 15:51:29', NULL, NULL, 0),
(3658, 310, 40, 3, '2021-01-03 15:51:29', NULL, NULL, 0),
(3659, 310, 41, 3, '2021-01-03 15:51:29', NULL, NULL, 0),
(3660, 310, 14, 3, '2021-01-03 15:51:29', NULL, NULL, 0),
(3661, 310, 39, 3, '2021-01-03 15:51:29', NULL, NULL, 0),
(3662, 311, 24, 3, '2021-01-03 15:52:20', NULL, NULL, 0),
(3663, 311, 22, 3, '2021-01-03 15:52:20', NULL, NULL, 0),
(3664, 311, 17, 3, '2021-01-03 15:52:20', NULL, NULL, 0),
(3665, 311, 21, 3, '2021-01-03 15:52:20', NULL, NULL, 0),
(3666, 311, 18, 3, '2021-01-03 15:52:20', NULL, NULL, 0),
(3667, 311, 27, 3, '2021-01-03 15:52:20', NULL, NULL, 0),
(3668, 311, 12, 3, '2021-01-03 15:52:20', NULL, NULL, 0),
(3669, 311, 34, 3, '2021-01-03 15:52:20', NULL, NULL, 0),
(3670, 311, 36, 3, '2021-01-03 15:52:20', NULL, NULL, 0),
(3671, 311, 29, 3, '2021-01-03 15:52:20', NULL, NULL, 0),
(3672, 311, 39, 3, '2021-01-03 15:52:21', NULL, NULL, 0),
(3673, 311, 38, 3, '2021-01-03 15:52:21', NULL, NULL, 0),
(3674, 311, 30, 3, '2021-01-03 15:52:21', NULL, NULL, 0),
(3675, 311, 14, 3, '2021-01-03 15:52:21', NULL, NULL, 0),
(3676, 311, 37, 3, '2021-01-03 15:52:21', NULL, NULL, 0),
(3677, 312, 21, 3, '2021-01-03 15:56:20', NULL, NULL, 0),
(3678, 312, 19, 3, '2021-01-03 15:56:21', NULL, NULL, 0),
(3679, 312, 22, 3, '2021-01-03 15:56:21', NULL, NULL, 0),
(3680, 312, 18, 3, '2021-01-03 15:56:21', NULL, NULL, 0),
(3681, 312, 45, 3, '2021-01-03 15:56:21', NULL, NULL, 0),
(3682, 312, 35, 3, '2021-01-03 15:56:21', NULL, NULL, 0),
(3683, 312, 36, 3, '2021-01-03 15:56:21', NULL, NULL, 0),
(3684, 312, 26, 3, '2021-01-03 15:56:21', NULL, NULL, 0),
(3685, 312, 29, 3, '2021-01-03 15:56:21', NULL, NULL, 0),
(3686, 312, 12, 3, '2021-01-03 15:56:21', NULL, NULL, 0),
(3687, 312, 37, 3, '2021-01-03 15:56:21', NULL, NULL, 0),
(3688, 312, 41, 3, '2021-01-03 15:56:22', NULL, NULL, 0),
(3689, 312, 39, 3, '2021-01-03 15:56:22', NULL, NULL, 0),
(3690, 312, 33, 3, '2021-01-03 15:56:22', NULL, NULL, 0),
(3691, 312, 30, 3, '2021-01-03 15:56:22', NULL, NULL, 0),
(3692, 313, 24, 3, '2021-01-03 16:04:43', NULL, NULL, 0),
(3693, 313, 21, 3, '2021-01-03 16:04:43', NULL, NULL, 0),
(3694, 313, 45, 3, '2021-01-03 16:04:43', NULL, NULL, 0),
(3695, 313, 23, 3, '2021-01-03 16:04:43', NULL, NULL, 0),
(3696, 313, 19, 3, '2021-01-03 16:04:43', NULL, NULL, 0),
(3697, 313, 28, 3, '2021-01-03 16:04:44', NULL, NULL, 0),
(3698, 313, 29, 3, '2021-01-03 16:04:44', NULL, NULL, 0),
(3699, 313, 36, 3, '2021-01-03 16:04:44', NULL, NULL, 0),
(3700, 313, 35, 3, '2021-01-03 16:04:44', NULL, NULL, 0),
(3701, 313, 27, 3, '2021-01-03 16:04:44', NULL, NULL, 0),
(3702, 313, 32, 3, '2021-01-03 16:04:44', NULL, NULL, 0),
(3703, 313, 41, 3, '2021-01-03 16:04:44', NULL, NULL, 0),
(3704, 313, 31, 3, '2021-01-03 16:04:44', NULL, NULL, 0),
(3705, 313, 38, 3, '2021-01-03 16:04:44', NULL, NULL, 0),
(3706, 313, 37, 3, '2021-01-03 16:04:45', NULL, NULL, 0),
(3707, 314, 23, 3, '2021-01-03 16:05:37', NULL, NULL, 0),
(3708, 314, 19, 3, '2021-01-03 16:05:37', NULL, NULL, 0),
(3709, 314, 20, 3, '2021-01-03 16:05:37', NULL, NULL, 0),
(3710, 314, 17, 3, '2021-01-03 16:05:37', NULL, NULL, 0),
(3711, 314, 13, 3, '2021-01-03 16:05:37', NULL, NULL, 0),
(3712, 314, 36, 3, '2021-01-03 16:05:37', NULL, NULL, 0),
(3713, 314, 12, 3, '2021-01-03 16:05:37', NULL, NULL, 0),
(3714, 314, 28, 3, '2021-01-03 16:05:37', NULL, NULL, 0),
(3715, 314, 26, 3, '2021-01-03 16:05:38', NULL, NULL, 0),
(3716, 314, 29, 3, '2021-01-03 16:05:38', NULL, NULL, 0),
(3717, 314, 38, 3, '2021-01-03 16:05:38', NULL, NULL, 0),
(3718, 314, 39, 3, '2021-01-03 16:05:38', NULL, NULL, 0),
(3719, 314, 32, 3, '2021-01-03 16:05:38', NULL, NULL, 0),
(3720, 314, 33, 3, '2021-01-03 16:05:38', NULL, NULL, 0),
(3721, 314, 31, 3, '2021-01-03 16:05:38', NULL, NULL, 0),
(3722, 315, 23, 3, '2021-01-03 16:06:26', NULL, NULL, 0),
(3723, 315, 20, 3, '2021-01-03 16:06:26', NULL, NULL, 0),
(3724, 315, 18, 3, '2021-01-03 16:06:26', NULL, NULL, 0),
(3725, 315, 17, 3, '2021-01-03 16:06:26', NULL, NULL, 0),
(3726, 315, 13, 3, '2021-01-03 16:06:27', NULL, NULL, 0),
(3727, 315, 34, 3, '2021-01-03 16:06:27', NULL, NULL, 0),
(3728, 315, 28, 3, '2021-01-03 16:06:27', NULL, NULL, 0),
(3729, 315, 36, 3, '2021-01-03 16:06:27', NULL, NULL, 0),
(3730, 315, 26, 3, '2021-01-03 16:06:27', NULL, NULL, 0),
(3731, 315, 27, 3, '2021-01-03 16:06:27', NULL, NULL, 0),
(3732, 315, 31, 3, '2021-01-03 16:06:27', NULL, NULL, 0),
(3733, 315, 38, 3, '2021-01-03 16:06:27', NULL, NULL, 0),
(3734, 315, 40, 3, '2021-01-03 16:06:27', NULL, NULL, 0),
(3735, 315, 30, 3, '2021-01-03 16:06:28', NULL, NULL, 0),
(3736, 315, 37, 3, '2021-01-03 16:06:28', NULL, NULL, 0),
(3737, 316, 13, 3, '2021-01-03 16:09:09', NULL, NULL, 0),
(3738, 316, 17, 3, '2021-01-03 16:09:10', NULL, NULL, 0),
(3739, 316, 18, 3, '2021-01-03 16:09:10', NULL, NULL, 0),
(3740, 316, 21, 3, '2021-01-03 16:09:10', NULL, NULL, 0),
(3741, 316, 45, 3, '2021-01-03 16:09:10', NULL, NULL, 0),
(3742, 316, 35, 3, '2021-01-03 16:09:10', NULL, NULL, 0),
(3743, 316, 27, 3, '2021-01-03 16:09:10', NULL, NULL, 0),
(3744, 316, 36, 3, '2021-01-03 16:09:10', NULL, NULL, 0),
(3745, 316, 29, 3, '2021-01-03 16:09:11', NULL, NULL, 0),
(3746, 316, 28, 3, '2021-01-03 16:09:11', NULL, NULL, 0),
(3747, 316, 37, 3, '2021-01-03 16:09:11', NULL, NULL, 0),
(3748, 316, 33, 3, '2021-01-03 16:09:11', NULL, NULL, 0),
(3749, 316, 38, 3, '2021-01-03 16:09:11', NULL, NULL, 0),
(3750, 316, 32, 3, '2021-01-03 16:09:11', NULL, NULL, 0),
(3751, 316, 40, 3, '2021-01-03 16:09:11', NULL, NULL, 0),
(3752, 317, 13, 3, '2021-01-03 16:09:39', NULL, NULL, 0),
(3753, 317, 23, 3, '2021-01-03 16:09:39', NULL, NULL, 0),
(3754, 317, 22, 3, '2021-01-03 16:09:39', NULL, NULL, 0),
(3755, 317, 45, 3, '2021-01-03 16:09:39', NULL, NULL, 0),
(3756, 317, 18, 3, '2021-01-03 16:09:39', NULL, NULL, 0),
(3757, 317, 34, 3, '2021-01-03 16:09:39', NULL, NULL, 0),
(3758, 317, 36, 3, '2021-01-03 16:09:39', NULL, NULL, 0),
(3759, 317, 29, 3, '2021-01-03 16:09:39', NULL, NULL, 0),
(3760, 317, 26, 3, '2021-01-03 16:09:39', NULL, NULL, 0),
(3761, 317, 28, 3, '2021-01-03 16:09:40', NULL, NULL, 0),
(3762, 317, 31, 3, '2021-01-03 16:09:40', NULL, NULL, 0),
(3763, 317, 37, 3, '2021-01-03 16:09:40', NULL, NULL, 0),
(3764, 317, 41, 3, '2021-01-03 16:09:40', NULL, NULL, 0),
(3765, 317, 33, 3, '2021-01-03 16:09:40', NULL, NULL, 0),
(3766, 317, 30, 3, '2021-01-03 16:09:40', NULL, NULL, 0),
(3767, 318, 24, 3, '2021-01-03 16:10:06', NULL, NULL, 0),
(3768, 318, 13, 3, '2021-01-03 16:10:07', NULL, NULL, 0),
(3769, 318, 22, 3, '2021-01-03 16:10:07', NULL, NULL, 0),
(3770, 318, 18, 3, '2021-01-03 16:10:07', NULL, NULL, 0),
(3771, 318, 20, 3, '2021-01-03 16:10:07', NULL, NULL, 0),
(3772, 318, 12, 3, '2021-01-03 16:10:07', NULL, NULL, 0),
(3773, 318, 26, 3, '2021-01-03 16:10:07', NULL, NULL, 0),
(3774, 318, 35, 3, '2021-01-03 16:10:07', NULL, NULL, 0),
(3775, 318, 27, 3, '2021-01-03 16:10:07', NULL, NULL, 0),
(3776, 318, 29, 3, '2021-01-03 16:10:08', NULL, NULL, 0),
(3777, 318, 14, 3, '2021-01-03 16:10:08', NULL, NULL, 0),
(3778, 318, 31, 3, '2021-01-03 16:10:08', NULL, NULL, 0),
(3779, 318, 33, 3, '2021-01-03 16:10:08', NULL, NULL, 0),
(3780, 318, 40, 3, '2021-01-03 16:10:08', NULL, NULL, 0),
(3781, 318, 30, 3, '2021-01-03 16:10:08', NULL, NULL, 0),
(3782, 319, 18, 3, '2021-01-03 16:12:54', NULL, NULL, 0),
(3783, 319, 17, 3, '2021-01-03 16:12:54', NULL, NULL, 0),
(3784, 319, 13, 3, '2021-01-03 16:12:54', NULL, NULL, 0),
(3785, 319, 19, 3, '2021-01-03 16:12:54', NULL, NULL, 0),
(3786, 319, 20, 3, '2021-01-03 16:12:54', NULL, NULL, 0),
(3787, 319, 35, 3, '2021-01-03 16:12:54', NULL, NULL, 0),
(3788, 319, 28, 3, '2021-01-03 16:12:55', NULL, NULL, 0),
(3789, 319, 34, 3, '2021-01-03 16:12:55', NULL, NULL, 0),
(3790, 319, 12, 3, '2021-01-03 16:12:55', NULL, NULL, 0),
(3791, 319, 27, 3, '2021-01-03 16:12:55', NULL, NULL, 0),
(3792, 319, 41, 3, '2021-01-03 16:12:55', NULL, NULL, 0),
(3793, 319, 30, 3, '2021-01-03 16:12:55', NULL, NULL, 0),
(3794, 319, 33, 3, '2021-01-03 16:12:55', NULL, NULL, 0),
(3795, 319, 38, 3, '2021-01-03 16:12:55', NULL, NULL, 0),
(3796, 319, 40, 3, '2021-01-03 16:12:56', NULL, NULL, 0),
(3797, 320, 19, 3, '2021-01-03 16:14:43', NULL, NULL, 0),
(3798, 320, 22, 3, '2021-01-03 16:14:43', NULL, NULL, 0),
(3799, 320, 17, 3, '2021-01-03 16:14:43', NULL, NULL, 0),
(3800, 320, 21, 3, '2021-01-03 16:14:43', NULL, NULL, 0),
(3801, 320, 23, 3, '2021-01-03 16:14:43', NULL, NULL, 0),
(3802, 320, 36, 3, '2021-01-03 16:14:43', NULL, NULL, 0),
(3803, 320, 26, 3, '2021-01-03 16:14:43', NULL, NULL, 0),
(3804, 320, 34, 3, '2021-01-03 16:14:44', NULL, NULL, 0),
(3805, 320, 35, 3, '2021-01-03 16:14:44', NULL, NULL, 0),
(3806, 320, 29, 3, '2021-01-03 16:14:44', NULL, NULL, 0),
(3807, 320, 14, 3, '2021-01-03 16:14:44', NULL, NULL, 0),
(3808, 320, 32, 3, '2021-01-03 16:14:44', NULL, NULL, 0),
(3809, 320, 39, 3, '2021-01-03 16:14:44', NULL, NULL, 0),
(3810, 320, 31, 3, '2021-01-03 16:14:44', NULL, NULL, 0),
(3811, 320, 38, 3, '2021-01-03 16:14:44', NULL, NULL, 0),
(3812, 321, 45, 3, '2021-01-03 16:14:59', NULL, NULL, 0),
(3813, 321, 18, 3, '2021-01-03 16:14:59', NULL, NULL, 0),
(3814, 321, 13, 3, '2021-01-03 16:15:00', NULL, NULL, 0),
(3815, 321, 20, 3, '2021-01-03 16:15:00', NULL, NULL, 0),
(3816, 321, 24, 3, '2021-01-03 16:15:00', NULL, NULL, 0),
(3817, 321, 36, 3, '2021-01-03 16:15:00', NULL, NULL, 0),
(3818, 321, 28, 3, '2021-01-03 16:15:00', NULL, NULL, 0),
(3819, 321, 26, 3, '2021-01-03 16:15:00', NULL, NULL, 0),
(3820, 321, 35, 3, '2021-01-03 16:15:00', NULL, NULL, 0),
(3821, 321, 27, 3, '2021-01-03 16:15:00', NULL, NULL, 0),
(3822, 321, 38, 3, '2021-01-03 16:15:01', NULL, NULL, 0),
(3823, 321, 14, 3, '2021-01-03 16:15:01', NULL, NULL, 0),
(3824, 321, 33, 3, '2021-01-03 16:15:01', NULL, NULL, 0),
(3825, 321, 37, 3, '2021-01-03 16:15:01', NULL, NULL, 0),
(3826, 321, 31, 3, '2021-01-03 16:15:01', NULL, NULL, 0),
(3827, 322, 20, 3, '2021-01-03 16:17:05', NULL, NULL, 0),
(3828, 322, 19, 3, '2021-01-03 16:17:05', NULL, NULL, 0),
(3829, 322, 21, 3, '2021-01-03 16:17:06', NULL, NULL, 0),
(3830, 322, 18, 3, '2021-01-03 16:17:06', NULL, NULL, 0),
(3831, 322, 23, 3, '2021-01-03 16:17:06', NULL, NULL, 0),
(3832, 322, 28, 3, '2021-01-03 16:17:06', NULL, NULL, 0),
(3833, 322, 36, 3, '2021-01-03 16:17:06', NULL, NULL, 0),
(3834, 322, 34, 3, '2021-01-03 16:17:06', NULL, NULL, 0),
(3835, 322, 35, 3, '2021-01-03 16:17:06', NULL, NULL, 0),
(3836, 322, 26, 3, '2021-01-03 16:17:06', NULL, NULL, 0),
(3837, 322, 41, 3, '2021-01-03 16:17:06', NULL, NULL, 0),
(3838, 322, 38, 3, '2021-01-03 16:17:07', NULL, NULL, 0),
(3839, 322, 32, 3, '2021-01-03 16:17:07', NULL, NULL, 0),
(3840, 322, 31, 3, '2021-01-03 16:17:07', NULL, NULL, 0),
(3841, 322, 39, 3, '2021-01-03 16:17:07', NULL, NULL, 0),
(3842, 323, 18, 3, '2021-01-03 16:17:43', NULL, NULL, 0),
(3843, 323, 20, 3, '2021-01-03 16:17:43', NULL, NULL, 0),
(3844, 323, 13, 3, '2021-01-03 16:17:43', NULL, NULL, 0),
(3845, 323, 45, 3, '2021-01-03 16:17:43', NULL, NULL, 0),
(3846, 323, 21, 3, '2021-01-03 16:17:43', NULL, NULL, 0),
(3847, 323, 12, 3, '2021-01-03 16:17:43', NULL, NULL, 0),
(3848, 323, 35, 3, '2021-01-03 16:17:43', NULL, NULL, 0),
(3849, 323, 28, 3, '2021-01-03 16:17:43', NULL, NULL, 0),
(3850, 323, 34, 3, '2021-01-03 16:17:43', NULL, NULL, 0),
(3851, 323, 26, 3, '2021-01-03 16:17:43', NULL, NULL, 0),
(3852, 323, 33, 3, '2021-01-03 16:17:44', NULL, NULL, 0),
(3853, 323, 37, 3, '2021-01-03 16:17:44', NULL, NULL, 0),
(3854, 323, 38, 3, '2021-01-03 16:17:44', NULL, NULL, 0),
(3855, 323, 39, 3, '2021-01-03 16:17:44', NULL, NULL, 0),
(3856, 323, 41, 3, '2021-01-03 16:17:44', NULL, NULL, 0),
(3857, 324, 22, 3, '2021-01-03 16:18:16', NULL, NULL, 0),
(3858, 324, 20, 3, '2021-01-03 16:18:16', NULL, NULL, 0),
(3859, 324, 13, 3, '2021-01-03 16:18:17', NULL, NULL, 0),
(3860, 324, 18, 3, '2021-01-03 16:18:17', NULL, NULL, 0),
(3861, 324, 21, 3, '2021-01-03 16:18:17', NULL, NULL, 0),
(3862, 324, 29, 3, '2021-01-03 16:18:17', NULL, NULL, 0),
(3863, 324, 34, 3, '2021-01-03 16:18:17', NULL, NULL, 0),
(3864, 324, 12, 3, '2021-01-03 16:18:17', NULL, NULL, 0),
(3865, 324, 28, 3, '2021-01-03 16:18:17', NULL, NULL, 0),
(3866, 324, 27, 3, '2021-01-03 16:18:17', NULL, NULL, 0),
(3867, 324, 38, 3, '2021-01-03 16:18:17', NULL, NULL, 0),
(3868, 324, 30, 3, '2021-01-03 16:18:18', NULL, NULL, 0),
(3869, 324, 31, 3, '2021-01-03 16:18:18', NULL, NULL, 0),
(3870, 324, 14, 3, '2021-01-03 16:18:18', NULL, NULL, 0),
(3871, 324, 39, 3, '2021-01-03 16:18:18', NULL, NULL, 0),
(3872, 325, 19, 3, '2021-01-04 01:48:01', NULL, NULL, 0),
(3873, 325, 24, 3, '2021-01-04 01:48:01', NULL, NULL, 0),
(3874, 325, 17, 3, '2021-01-04 01:48:01', NULL, NULL, 0),
(3875, 325, 45, 3, '2021-01-04 01:48:01', NULL, NULL, 0),
(3876, 325, 20, 3, '2021-01-04 01:48:01', NULL, NULL, 0),
(3877, 325, 29, 3, '2021-01-04 01:48:01', NULL, NULL, 0),
(3878, 325, 26, 3, '2021-01-04 01:48:01', NULL, NULL, 0),
(3879, 325, 34, 3, '2021-01-04 01:48:02', NULL, NULL, 0),
(3880, 325, 35, 3, '2021-01-04 01:48:02', NULL, NULL, 0),
(3881, 325, 12, 3, '2021-01-04 01:48:02', NULL, NULL, 0),
(3882, 325, 31, 3, '2021-01-04 01:48:02', NULL, NULL, 0),
(3883, 325, 33, 3, '2021-01-04 01:48:02', NULL, NULL, 0),
(3884, 325, 40, 3, '2021-01-04 01:48:02', NULL, NULL, 0),
(3885, 325, 32, 3, '2021-01-04 01:48:02', NULL, NULL, 0),
(3886, 325, 38, 3, '2021-01-04 01:48:02', NULL, NULL, 0),
(3887, 326, 20, 3, '2021-01-04 01:49:06', NULL, NULL, 0),
(3888, 326, 19, 3, '2021-01-04 01:49:06', NULL, NULL, 0),
(3889, 326, 22, 3, '2021-01-04 01:49:06', NULL, NULL, 0),
(3890, 326, 21, 3, '2021-01-04 01:49:06', NULL, NULL, 0),
(3891, 326, 17, 3, '2021-01-04 01:49:06', NULL, NULL, 0),
(3892, 326, 12, 3, '2021-01-04 01:49:06', NULL, NULL, 0),
(3893, 326, 29, 3, '2021-01-04 01:49:06', NULL, NULL, 0),
(3894, 326, 34, 3, '2021-01-04 01:49:07', NULL, NULL, 0),
(3895, 326, 36, 3, '2021-01-04 01:49:07', NULL, NULL, 0),
(3896, 326, 27, 3, '2021-01-04 01:49:07', NULL, NULL, 0),
(3897, 326, 38, 3, '2021-01-04 01:49:07', NULL, NULL, 0),
(3898, 326, 32, 3, '2021-01-04 01:49:07', NULL, NULL, 0),
(3899, 326, 37, 3, '2021-01-04 01:49:07', NULL, NULL, 0),
(3900, 326, 40, 3, '2021-01-04 01:49:07', NULL, NULL, 0),
(3901, 326, 33, 3, '2021-01-04 01:49:07', NULL, NULL, 0),
(3902, 327, 22, 3, '2021-01-04 01:52:30', NULL, NULL, 0),
(3903, 327, 21, 3, '2021-01-04 01:52:30', NULL, NULL, 0),
(3904, 327, 23, 3, '2021-01-04 01:52:30', NULL, NULL, 0),
(3905, 327, 45, 3, '2021-01-04 01:52:30', NULL, NULL, 0),
(3906, 327, 24, 3, '2021-01-04 01:52:31', NULL, NULL, 0),
(3907, 327, 35, 3, '2021-01-04 01:52:31', NULL, NULL, 0),
(3908, 327, 26, 3, '2021-01-04 01:52:31', NULL, NULL, 0),
(3909, 327, 36, 3, '2021-01-04 01:52:31', NULL, NULL, 0),
(3910, 327, 34, 3, '2021-01-04 01:52:31', NULL, NULL, 0),
(3911, 327, 28, 3, '2021-01-04 01:52:31', NULL, NULL, 0),
(3912, 327, 14, 3, '2021-01-04 01:52:32', NULL, NULL, 0),
(3913, 327, 30, 3, '2021-01-04 01:52:32', NULL, NULL, 0),
(3914, 327, 37, 3, '2021-01-04 01:52:32', NULL, NULL, 0),
(3915, 327, 31, 3, '2021-01-04 01:52:33', NULL, NULL, 0),
(3916, 327, 33, 3, '2021-01-04 01:52:33', NULL, NULL, 0),
(3917, 328, 23, 3, '2021-01-04 01:52:52', NULL, NULL, 0),
(3918, 328, 45, 3, '2021-01-04 01:52:52', NULL, NULL, 0),
(3919, 328, 22, 3, '2021-01-04 01:52:53', NULL, NULL, 0),
(3920, 328, 18, 3, '2021-01-04 01:52:53', NULL, NULL, 0),
(3921, 328, 13, 3, '2021-01-04 01:52:53', NULL, NULL, 0),
(3922, 328, 29, 3, '2021-01-04 01:52:54', NULL, NULL, 0),
(3923, 328, 26, 3, '2021-01-04 01:52:54', NULL, NULL, 0),
(3924, 328, 27, 3, '2021-01-04 01:52:54', NULL, NULL, 0),
(3925, 328, 12, 3, '2021-01-04 01:52:55', NULL, NULL, 0),
(3926, 328, 35, 3, '2021-01-04 01:52:55', NULL, NULL, 0),
(3927, 328, 37, 3, '2021-01-04 01:52:56', NULL, NULL, 0),
(3928, 328, 30, 3, '2021-01-04 01:52:56', NULL, NULL, 0),
(3929, 328, 41, 3, '2021-01-04 01:52:56', NULL, NULL, 0),
(3930, 328, 32, 3, '2021-01-04 01:52:56', NULL, NULL, 0),
(3931, 328, 14, 3, '2021-01-04 01:52:56', NULL, NULL, 0),
(3932, 329, 21, 3, '2021-01-04 01:53:17', NULL, NULL, 0),
(3933, 329, 18, 3, '2021-01-04 01:53:17', NULL, NULL, 0),
(3934, 329, 19, 3, '2021-01-04 01:53:18', NULL, NULL, 0),
(3935, 329, 17, 3, '2021-01-04 01:53:18', NULL, NULL, 0),
(3936, 329, 24, 3, '2021-01-04 01:53:18', NULL, NULL, 0),
(3937, 329, 34, 3, '2021-01-04 01:53:19', NULL, NULL, 0),
(3938, 329, 12, 3, '2021-01-04 01:53:19', NULL, NULL, 0),
(3939, 329, 27, 3, '2021-01-04 01:53:19', NULL, NULL, 0),
(3940, 329, 36, 3, '2021-01-04 01:53:20', NULL, NULL, 0),
(3941, 329, 35, 3, '2021-01-04 01:53:20', NULL, NULL, 0),
(3942, 329, 30, 3, '2021-01-04 01:53:20', NULL, NULL, 0),
(3943, 329, 32, 3, '2021-01-04 01:53:21', NULL, NULL, 0),
(3944, 329, 33, 3, '2021-01-04 01:53:21', NULL, NULL, 0),
(3945, 329, 39, 3, '2021-01-04 01:53:21', NULL, NULL, 0),
(3946, 329, 40, 3, '2021-01-04 01:53:22', NULL, NULL, 0),
(3947, 330, 21, 3, '2021-01-04 01:54:01', NULL, NULL, 0),
(3948, 330, 23, 3, '2021-01-04 01:54:01', NULL, NULL, 0),
(3949, 330, 20, 3, '2021-01-04 01:54:02', NULL, NULL, 0),
(3950, 330, 13, 3, '2021-01-04 01:54:02', NULL, NULL, 0),
(3951, 330, 45, 3, '2021-01-04 01:54:02', NULL, NULL, 0),
(3952, 330, 12, 3, '2021-01-04 01:54:02', NULL, NULL, 0),
(3953, 330, 34, 3, '2021-01-04 01:54:02', NULL, NULL, 0),
(3954, 330, 27, 3, '2021-01-04 01:54:02', NULL, NULL, 0),
(3955, 330, 28, 3, '2021-01-04 01:54:02', NULL, NULL, 0),
(3956, 330, 36, 3, '2021-01-04 01:54:02', NULL, NULL, 0),
(3957, 330, 37, 3, '2021-01-04 01:54:02', NULL, NULL, 0),
(3958, 330, 38, 3, '2021-01-04 01:54:02', NULL, NULL, 0),
(3959, 330, 39, 3, '2021-01-04 01:54:03', NULL, NULL, 0),
(3960, 330, 41, 3, '2021-01-04 01:54:03', NULL, NULL, 0),
(3961, 330, 31, 3, '2021-01-04 01:54:03', NULL, NULL, 0),
(3962, 331, 20, 3, '2021-01-04 02:04:37', NULL, NULL, 0),
(3963, 331, 24, 3, '2021-01-04 02:04:37', NULL, NULL, 0),
(3964, 331, 19, 3, '2021-01-04 02:04:37', NULL, NULL, 0),
(3965, 331, 17, 3, '2021-01-04 02:04:38', NULL, NULL, 0),
(3966, 331, 45, 3, '2021-01-04 02:04:38', NULL, NULL, 0),
(3967, 331, 29, 3, '2021-01-04 02:04:38', NULL, NULL, 0),
(3968, 331, 35, 3, '2021-01-04 02:04:39', NULL, NULL, 0),
(3969, 331, 27, 3, '2021-01-04 02:04:39', NULL, NULL, 0),
(3970, 331, 26, 3, '2021-01-04 02:04:39', NULL, NULL, 0),
(3971, 331, 12, 3, '2021-01-04 02:04:40', NULL, NULL, 0),
(3972, 331, 37, 3, '2021-01-04 02:04:40', NULL, NULL, 0),
(3973, 331, 31, 3, '2021-01-04 02:04:41', NULL, NULL, 0),
(3974, 331, 38, 3, '2021-01-04 02:04:41', NULL, NULL, 0),
(3975, 331, 39, 3, '2021-01-04 02:04:42', NULL, NULL, 0),
(3976, 331, 40, 3, '2021-01-04 02:04:42', NULL, NULL, 0),
(3977, 332, 17, 3, '2021-01-04 02:07:32', NULL, NULL, 0),
(3978, 332, 20, 3, '2021-01-04 02:07:32', NULL, NULL, 0),
(3979, 332, 19, 3, '2021-01-04 02:07:33', NULL, NULL, 0),
(3980, 332, 13, 3, '2021-01-04 02:07:33', NULL, NULL, 0),
(3981, 332, 23, 3, '2021-01-04 02:07:33', NULL, NULL, 0),
(3982, 332, 12, 3, '2021-01-04 02:07:34', NULL, NULL, 0),
(3983, 332, 26, 3, '2021-01-04 02:07:34', NULL, NULL, 0),
(3984, 332, 28, 3, '2021-01-04 02:07:34', NULL, NULL, 0),
(3985, 332, 34, 3, '2021-01-04 02:07:35', NULL, NULL, 0),
(3986, 332, 36, 3, '2021-01-04 02:07:35', NULL, NULL, 0),
(3987, 332, 33, 3, '2021-01-04 02:07:35', NULL, NULL, 0),
(3988, 332, 31, 3, '2021-01-04 02:07:36', NULL, NULL, 0),
(3989, 332, 30, 3, '2021-01-04 02:07:36', NULL, NULL, 0),
(3990, 332, 38, 3, '2021-01-04 02:07:36', NULL, NULL, 0),
(3991, 332, 39, 3, '2021-01-04 02:07:37', NULL, NULL, 0),
(3992, 333, 13, 3, '2021-01-04 02:20:04', NULL, NULL, 0),
(3993, 333, 19, 3, '2021-01-04 02:20:04', NULL, NULL, 0),
(3994, 333, 23, 3, '2021-01-04 02:20:05', NULL, NULL, 0),
(3995, 333, 21, 3, '2021-01-04 02:20:05', NULL, NULL, 0),
(3996, 333, 22, 3, '2021-01-04 02:20:05', NULL, NULL, 0),
(3997, 333, 27, 3, '2021-01-04 02:20:06', NULL, NULL, 0),
(3998, 333, 26, 3, '2021-01-04 02:20:06', NULL, NULL, 0),
(3999, 333, 28, 3, '2021-01-04 02:20:07', NULL, NULL, 0),
(4000, 333, 36, 3, '2021-01-04 02:20:07', NULL, NULL, 0),
(4001, 333, 29, 3, '2021-01-04 02:20:07', NULL, NULL, 0),
(4002, 333, 32, 3, '2021-01-04 02:20:08', NULL, NULL, 0),
(4003, 333, 33, 3, '2021-01-04 02:20:08', NULL, NULL, 0),
(4004, 333, 31, 3, '2021-01-04 02:20:08', NULL, NULL, 0),
(4005, 333, 30, 3, '2021-01-04 02:20:09', NULL, NULL, 0),
(4006, 333, 39, 3, '2021-01-04 02:20:09', NULL, NULL, 0),
(4007, 334, 24, 3, '2021-01-04 02:21:30', NULL, NULL, 0),
(4008, 334, 19, 3, '2021-01-04 02:21:30', NULL, NULL, 0),
(4009, 334, 20, 3, '2021-01-04 02:21:30', NULL, NULL, 0),
(4010, 334, 22, 3, '2021-01-04 02:21:31', NULL, NULL, 0),
(4011, 334, 23, 3, '2021-01-04 02:21:31', NULL, NULL, 0),
(4012, 334, 36, 3, '2021-01-04 02:21:31', NULL, NULL, 0),
(4013, 334, 27, 3, '2021-01-04 02:21:31', NULL, NULL, 0),
(4014, 334, 12, 3, '2021-01-04 02:21:31', NULL, NULL, 0),
(4015, 334, 35, 3, '2021-01-04 02:21:31', NULL, NULL, 0),
(4016, 334, 34, 3, '2021-01-04 02:21:31', NULL, NULL, 0),
(4017, 334, 38, 3, '2021-01-04 02:21:31', NULL, NULL, 0),
(4018, 334, 14, 3, '2021-01-04 02:21:31', NULL, NULL, 0),
(4019, 334, 31, 3, '2021-01-04 02:21:31', NULL, NULL, 0),
(4020, 334, 40, 3, '2021-01-04 02:21:32', NULL, NULL, 0),
(4021, 334, 33, 3, '2021-01-04 02:21:32', NULL, NULL, 0),
(4022, 335, 13, 3, '2021-01-04 02:23:00', NULL, NULL, 0),
(4023, 335, 45, 3, '2021-01-04 02:23:01', NULL, NULL, 0),
(4024, 335, 22, 3, '2021-01-04 02:23:01', NULL, NULL, 0),
(4025, 335, 20, 3, '2021-01-04 02:23:01', NULL, NULL, 0),
(4026, 335, 23, 3, '2021-01-04 02:23:01', NULL, NULL, 0),
(4027, 335, 29, 3, '2021-01-04 02:23:01', NULL, NULL, 0),
(4028, 335, 36, 3, '2021-01-04 02:23:01', NULL, NULL, 0),
(4029, 335, 34, 3, '2021-01-04 02:23:01', NULL, NULL, 0),
(4030, 335, 35, 3, '2021-01-04 02:23:01', NULL, NULL, 0),
(4031, 335, 26, 3, '2021-01-04 02:23:01', NULL, NULL, 0),
(4032, 335, 37, 3, '2021-01-04 02:23:02', NULL, NULL, 0),
(4033, 335, 30, 3, '2021-01-04 02:23:02', NULL, NULL, 0),
(4034, 335, 40, 3, '2021-01-04 02:23:02', NULL, NULL, 0),
(4035, 335, 41, 3, '2021-01-04 02:23:02', NULL, NULL, 0),
(4036, 335, 31, 3, '2021-01-04 02:23:02', NULL, NULL, 0),
(4037, 336, 23, 3, '2021-01-04 02:24:37', NULL, NULL, 0),
(4038, 336, 21, 3, '2021-01-04 02:24:37', NULL, NULL, 0),
(4039, 336, 45, 3, '2021-01-04 02:24:38', NULL, NULL, 0),
(4040, 336, 24, 3, '2021-01-04 02:24:38', NULL, NULL, 0),
(4041, 336, 13, 3, '2021-01-04 02:24:38', NULL, NULL, 0),
(4042, 336, 28, 3, '2021-01-04 02:24:39', NULL, NULL, 0),
(4043, 336, 34, 3, '2021-01-04 02:24:39', NULL, NULL, 0),
(4044, 336, 26, 3, '2021-01-04 02:24:39', NULL, NULL, 0),
(4045, 336, 27, 3, '2021-01-04 02:24:40', NULL, NULL, 0),
(4046, 336, 29, 3, '2021-01-04 02:24:40', NULL, NULL, 0),
(4047, 336, 32, 3, '2021-01-04 02:24:41', NULL, NULL, 0),
(4048, 336, 37, 3, '2021-01-04 02:24:41', NULL, NULL, 0),
(4049, 336, 30, 3, '2021-01-04 02:24:42', NULL, NULL, 0),
(4050, 336, 38, 3, '2021-01-04 02:24:42', NULL, NULL, 0),
(4051, 336, 14, 3, '2021-01-04 02:24:42', NULL, NULL, 0),
(4052, 337, 18, 3, '2021-01-04 02:24:56', NULL, NULL, 0),
(4053, 337, 19, 3, '2021-01-04 02:24:57', NULL, NULL, 0),
(4054, 337, 21, 3, '2021-01-04 02:24:57', NULL, NULL, 0),
(4055, 337, 23, 3, '2021-01-04 02:24:57', NULL, NULL, 0),
(4056, 337, 20, 3, '2021-01-04 02:24:58', NULL, NULL, 0),
(4057, 337, 12, 3, '2021-01-04 02:24:58', NULL, NULL, 0),
(4058, 337, 28, 3, '2021-01-04 02:24:59', NULL, NULL, 0),
(4059, 337, 26, 3, '2021-01-04 02:24:59', NULL, NULL, 0),
(4060, 337, 36, 3, '2021-01-04 02:25:00', NULL, NULL, 0),
(4061, 337, 34, 3, '2021-01-04 02:25:00', NULL, NULL, 0),
(4062, 337, 30, 3, '2021-01-04 02:25:00', NULL, NULL, 0),
(4063, 337, 38, 3, '2021-01-04 02:25:01', NULL, NULL, 0),
(4064, 337, 40, 3, '2021-01-04 02:25:01', NULL, NULL, 0),
(4065, 337, 33, 3, '2021-01-04 02:25:02', NULL, NULL, 0),
(4066, 337, 31, 3, '2021-01-04 02:25:02', NULL, NULL, 0),
(4067, 338, 18, 3, '2021-01-04 02:27:28', NULL, NULL, 0),
(4068, 338, 45, 3, '2021-01-04 02:27:28', NULL, NULL, 0),
(4069, 338, 19, 3, '2021-01-04 02:27:29', NULL, NULL, 0),
(4070, 338, 13, 3, '2021-01-04 02:27:29', NULL, NULL, 0),
(4071, 338, 22, 3, '2021-01-04 02:27:29', NULL, NULL, 0),
(4072, 338, 36, 3, '2021-01-04 02:27:30', NULL, NULL, 0),
(4073, 338, 28, 3, '2021-01-04 02:27:30', NULL, NULL, 0),
(4074, 338, 27, 3, '2021-01-04 02:27:30', NULL, NULL, 0),
(4075, 338, 12, 3, '2021-01-04 02:27:31', NULL, NULL, 0),
(4076, 338, 29, 3, '2021-01-04 02:27:31', NULL, NULL, 0),
(4077, 338, 14, 3, '2021-01-04 02:27:31', NULL, NULL, 0),
(4078, 338, 38, 3, '2021-01-04 02:27:32', NULL, NULL, 0),
(4079, 338, 31, 3, '2021-01-04 02:27:32', NULL, NULL, 0),
(4080, 338, 40, 3, '2021-01-04 02:27:33', NULL, NULL, 0),
(4081, 338, 33, 3, '2021-01-04 02:27:33', NULL, NULL, 0),
(4082, 339, 19, 3, '2021-01-04 02:30:03', NULL, NULL, 0),
(4083, 339, 13, 3, '2021-01-04 02:30:03', NULL, NULL, 0),
(4084, 339, 22, 3, '2021-01-04 02:30:04', NULL, NULL, 0),
(4085, 339, 17, 3, '2021-01-04 02:30:04', NULL, NULL, 0),
(4086, 339, 20, 3, '2021-01-04 02:30:04', NULL, NULL, 0),
(4087, 339, 12, 3, '2021-01-04 02:30:05', NULL, NULL, 0),
(4088, 339, 35, 3, '2021-01-04 02:30:05', NULL, NULL, 0),
(4089, 339, 26, 3, '2021-01-04 02:30:05', NULL, NULL, 0),
(4090, 339, 29, 3, '2021-01-04 02:30:06', NULL, NULL, 0),
(4091, 339, 34, 3, '2021-01-04 02:30:06', NULL, NULL, 0),
(4092, 339, 39, 3, '2021-01-04 02:30:07', NULL, NULL, 0),
(4093, 339, 14, 3, '2021-01-04 02:30:07', NULL, NULL, 0),
(4094, 339, 38, 3, '2021-01-04 02:30:07', NULL, NULL, 0),
(4095, 339, 30, 3, '2021-01-04 02:30:08', NULL, NULL, 0),
(4096, 339, 32, 3, '2021-01-04 02:30:08', NULL, NULL, 0),
(4097, 340, 23, 3, '2021-01-04 02:39:24', NULL, NULL, 0),
(4098, 340, 20, 3, '2021-01-04 02:39:24', NULL, NULL, 0),
(4099, 340, 21, 3, '2021-01-04 02:39:25', NULL, NULL, 0),
(4100, 340, 45, 3, '2021-01-04 02:39:25', NULL, NULL, 0),
(4101, 340, 13, 3, '2021-01-04 02:39:25', NULL, NULL, 0),
(4102, 340, 35, 3, '2021-01-04 02:39:26', NULL, NULL, 0),
(4103, 340, 36, 3, '2021-01-04 02:39:27', NULL, NULL, 0),
(4104, 340, 29, 3, '2021-01-04 02:39:27', NULL, NULL, 0),
(4105, 340, 34, 3, '2021-01-04 02:39:27', NULL, NULL, 0),
(4106, 340, 28, 3, '2021-01-04 02:39:28', NULL, NULL, 0),
(4107, 340, 30, 3, '2021-01-04 02:39:28', NULL, NULL, 0),
(4108, 340, 33, 3, '2021-01-04 02:39:28', NULL, NULL, 0),
(4109, 340, 32, 3, '2021-01-04 02:39:29', NULL, NULL, 0),
(4110, 340, 39, 3, '2021-01-04 02:39:29', NULL, NULL, 0),
(4111, 340, 37, 3, '2021-01-04 02:39:29', NULL, NULL, 0),
(4112, 341, 24, 3, '2021-01-04 02:45:35', NULL, NULL, 0),
(4113, 341, 13, 3, '2021-01-04 02:45:35', NULL, NULL, 0),
(4114, 341, 18, 3, '2021-01-04 02:45:36', NULL, NULL, 0),
(4115, 341, 23, 3, '2021-01-04 02:45:36', NULL, NULL, 0),
(4116, 341, 22, 3, '2021-01-04 02:45:36', NULL, NULL, 0),
(4117, 341, 28, 3, '2021-01-04 02:45:37', NULL, NULL, 0),
(4118, 341, 34, 3, '2021-01-04 02:45:37', NULL, NULL, 0),
(4119, 341, 27, 3, '2021-01-04 02:45:37', NULL, NULL, 0),
(4120, 341, 26, 3, '2021-01-04 02:45:38', NULL, NULL, 0),
(4121, 341, 35, 3, '2021-01-04 02:45:38', NULL, NULL, 0),
(4122, 341, 39, 3, '2021-01-04 02:45:38', NULL, NULL, 0),
(4123, 341, 33, 3, '2021-01-04 02:45:39', NULL, NULL, 0),
(4124, 341, 38, 3, '2021-01-04 02:45:39', NULL, NULL, 0),
(4125, 341, 31, 3, '2021-01-04 02:45:40', NULL, NULL, 0),
(4126, 341, 41, 3, '2021-01-04 02:45:40', NULL, NULL, 0),
(4127, 342, 22, 3, '2021-01-04 02:46:57', NULL, NULL, 0),
(4128, 342, 23, 3, '2021-01-04 02:46:58', NULL, NULL, 0),
(4129, 342, 24, 3, '2021-01-04 02:46:58', NULL, NULL, 0),
(4130, 342, 13, 3, '2021-01-04 02:46:58', NULL, NULL, 0),
(4131, 342, 21, 3, '2021-01-04 02:46:59', NULL, NULL, 0),
(4132, 342, 34, 3, '2021-01-04 02:46:59', NULL, NULL, 0),
(4133, 342, 28, 3, '2021-01-04 02:47:00', NULL, NULL, 0),
(4134, 342, 27, 3, '2021-01-04 02:47:00', NULL, NULL, 0),
(4135, 342, 12, 3, '2021-01-04 02:47:00', NULL, NULL, 0),
(4136, 342, 26, 3, '2021-01-04 02:47:01', NULL, NULL, 0),
(4137, 342, 30, 3, '2021-01-04 02:47:01', NULL, NULL, 0),
(4138, 342, 33, 3, '2021-01-04 02:47:01', NULL, NULL, 0),
(4139, 342, 39, 3, '2021-01-04 02:47:02', NULL, NULL, 0),
(4140, 342, 40, 3, '2021-01-04 02:47:02', NULL, NULL, 0),
(4141, 342, 14, 3, '2021-01-04 02:47:03', NULL, NULL, 0),
(4142, 343, 20, 3, '2021-01-04 02:52:34', NULL, NULL, 0),
(4143, 343, 19, 3, '2021-01-04 02:52:35', NULL, NULL, 0),
(4144, 343, 45, 3, '2021-01-04 02:52:35', NULL, NULL, 0),
(4145, 343, 18, 3, '2021-01-04 02:52:35', NULL, NULL, 0),
(4146, 343, 23, 3, '2021-01-04 02:52:35', NULL, NULL, 0),
(4147, 343, 28, 3, '2021-01-04 02:52:35', NULL, NULL, 0),
(4148, 343, 29, 3, '2021-01-04 02:52:35', NULL, NULL, 0),
(4149, 343, 36, 3, '2021-01-04 02:52:35', NULL, NULL, 0),
(4150, 343, 34, 3, '2021-01-04 02:52:35', NULL, NULL, 0),
(4151, 343, 26, 3, '2021-01-04 02:52:35', NULL, NULL, 0),
(4152, 343, 14, 3, '2021-01-04 02:52:36', NULL, NULL, 0),
(4153, 343, 37, 3, '2021-01-04 02:52:36', NULL, NULL, 0),
(4154, 343, 40, 3, '2021-01-04 02:52:36', NULL, NULL, 0),
(4155, 343, 38, 3, '2021-01-04 02:52:36', NULL, NULL, 0),
(4156, 343, 32, 3, '2021-01-04 02:52:36', NULL, NULL, 0),
(4157, 345, 20, 3, '2021-01-04 02:59:30', NULL, NULL, 0),
(4158, 345, 17, 3, '2021-01-04 02:59:30', NULL, NULL, 0),
(4159, 345, 23, 3, '2021-01-04 02:59:30', NULL, NULL, 0),
(4160, 345, 24, 3, '2021-01-04 02:59:30', NULL, NULL, 0),
(4161, 345, 21, 3, '2021-01-04 02:59:30', NULL, NULL, 0);
INSERT INTO `quizcontent` (`ID`, `Quiz`, `QuestionID`, `CreatedBy`, `CreatedAt`, `UpdatedBy`, `UpdatedAt`, `IsDeleted`) VALUES
(4162, 345, 29, 3, '2021-01-04 02:59:30', NULL, NULL, 0),
(4163, 345, 12, 3, '2021-01-04 02:59:31', NULL, NULL, 0),
(4164, 345, 27, 3, '2021-01-04 02:59:31', NULL, NULL, 0),
(4165, 345, 26, 3, '2021-01-04 02:59:31', NULL, NULL, 0),
(4166, 345, 28, 3, '2021-01-04 02:59:31', NULL, NULL, 0),
(4167, 345, 14, 3, '2021-01-04 02:59:31', NULL, NULL, 0),
(4168, 345, 39, 3, '2021-01-04 02:59:31', NULL, NULL, 0),
(4169, 345, 30, 3, '2021-01-04 02:59:31', NULL, NULL, 0),
(4170, 345, 37, 3, '2021-01-04 02:59:31', NULL, NULL, 0),
(4171, 345, 33, 3, '2021-01-04 02:59:31', NULL, NULL, 0),
(4172, 346, 45, 3, '2021-01-04 02:59:59', NULL, NULL, 0),
(4173, 346, 19, 3, '2021-01-04 02:59:59', NULL, NULL, 0),
(4174, 346, 23, 3, '2021-01-04 02:59:59', NULL, NULL, 0),
(4175, 346, 24, 3, '2021-01-04 03:00:00', NULL, NULL, 0),
(4176, 346, 20, 3, '2021-01-04 03:00:00', NULL, NULL, 0),
(4177, 346, 35, 3, '2021-01-04 03:00:01', NULL, NULL, 0),
(4178, 346, 27, 3, '2021-01-04 03:00:01', NULL, NULL, 0),
(4179, 346, 26, 3, '2021-01-04 03:00:02', NULL, NULL, 0),
(4180, 346, 12, 3, '2021-01-04 03:00:02', NULL, NULL, 0),
(4181, 346, 28, 3, '2021-01-04 03:00:02', NULL, NULL, 0),
(4182, 346, 14, 3, '2021-01-04 03:00:03', NULL, NULL, 0),
(4183, 346, 32, 3, '2021-01-04 03:00:03', NULL, NULL, 0),
(4184, 346, 39, 3, '2021-01-04 03:00:03', NULL, NULL, 0),
(4185, 346, 33, 3, '2021-01-04 03:00:04', NULL, NULL, 0),
(4186, 346, 38, 3, '2021-01-04 03:00:04', NULL, NULL, 0),
(4187, 347, 22, 3, '2021-01-04 03:01:17', NULL, NULL, 0),
(4188, 347, 21, 3, '2021-01-04 03:01:18', NULL, NULL, 0),
(4189, 347, 17, 3, '2021-01-04 03:01:18', NULL, NULL, 0),
(4190, 347, 24, 3, '2021-01-04 03:01:18', NULL, NULL, 0),
(4191, 347, 18, 3, '2021-01-04 03:01:18', NULL, NULL, 0),
(4192, 347, 36, 3, '2021-01-04 03:01:18', NULL, NULL, 0),
(4193, 347, 26, 3, '2021-01-04 03:01:18', NULL, NULL, 0),
(4194, 347, 27, 3, '2021-01-04 03:01:18', NULL, NULL, 0),
(4195, 347, 35, 3, '2021-01-04 03:01:18', NULL, NULL, 0),
(4196, 347, 28, 3, '2021-01-04 03:01:18', NULL, NULL, 0),
(4197, 347, 32, 3, '2021-01-04 03:01:19', NULL, NULL, 0),
(4198, 347, 39, 3, '2021-01-04 03:01:19', NULL, NULL, 0),
(4199, 347, 37, 3, '2021-01-04 03:01:19', NULL, NULL, 0),
(4200, 347, 14, 3, '2021-01-04 03:01:19', NULL, NULL, 0),
(4201, 347, 30, 3, '2021-01-04 03:01:19', NULL, NULL, 0),
(4202, 348, 20, 3, '2021-01-04 03:02:17', NULL, NULL, 0),
(4203, 348, 45, 3, '2021-01-04 03:02:17', NULL, NULL, 0),
(4204, 348, 22, 3, '2021-01-04 03:02:17', NULL, NULL, 0),
(4205, 348, 13, 3, '2021-01-04 03:02:18', NULL, NULL, 0),
(4206, 348, 23, 3, '2021-01-04 03:02:18', NULL, NULL, 0),
(4207, 348, 28, 3, '2021-01-04 03:02:19', NULL, NULL, 0),
(4208, 348, 35, 3, '2021-01-04 03:02:19', NULL, NULL, 0),
(4209, 348, 27, 3, '2021-01-04 03:02:19', NULL, NULL, 0),
(4210, 348, 26, 3, '2021-01-04 03:02:20', NULL, NULL, 0),
(4211, 348, 36, 3, '2021-01-04 03:02:20', NULL, NULL, 0),
(4212, 348, 37, 3, '2021-01-04 03:02:20', NULL, NULL, 0),
(4213, 348, 41, 3, '2021-01-04 03:02:20', NULL, NULL, 0),
(4214, 348, 30, 3, '2021-01-04 03:02:20', NULL, NULL, 0),
(4215, 348, 31, 3, '2021-01-04 03:02:20', NULL, NULL, 0),
(4216, 348, 40, 3, '2021-01-04 03:02:21', NULL, NULL, 0),
(4217, 349, 20, 3, '2021-01-04 03:02:51', NULL, NULL, 0),
(4218, 349, 24, 3, '2021-01-04 03:02:51', NULL, NULL, 0),
(4219, 349, 23, 3, '2021-01-04 03:02:51', NULL, NULL, 0),
(4220, 349, 45, 3, '2021-01-04 03:02:52', NULL, NULL, 0),
(4221, 349, 22, 3, '2021-01-04 03:02:52', NULL, NULL, 0),
(4222, 349, 12, 3, '2021-01-04 03:02:52', NULL, NULL, 0),
(4223, 349, 35, 3, '2021-01-04 03:02:53', NULL, NULL, 0),
(4224, 349, 27, 3, '2021-01-04 03:02:53', NULL, NULL, 0),
(4225, 349, 29, 3, '2021-01-04 03:02:53', NULL, NULL, 0),
(4226, 349, 36, 3, '2021-01-04 03:02:54', NULL, NULL, 0),
(4227, 349, 40, 3, '2021-01-04 03:02:54', NULL, NULL, 0),
(4228, 349, 32, 3, '2021-01-04 03:02:54', NULL, NULL, 0),
(4229, 349, 30, 3, '2021-01-04 03:02:55', NULL, NULL, 0),
(4230, 349, 38, 3, '2021-01-04 03:02:55', NULL, NULL, 0),
(4231, 349, 41, 3, '2021-01-04 03:02:55', NULL, NULL, 0),
(4232, 350, 23, 3, '2021-01-04 03:04:02', NULL, NULL, 0),
(4233, 350, 22, 3, '2021-01-04 03:04:02', NULL, NULL, 0),
(4234, 350, 17, 3, '2021-01-04 03:04:03', NULL, NULL, 0),
(4235, 350, 19, 3, '2021-01-04 03:04:03', NULL, NULL, 0),
(4236, 350, 45, 3, '2021-01-04 03:04:03', NULL, NULL, 0),
(4237, 350, 29, 3, '2021-01-04 03:04:03', NULL, NULL, 0),
(4238, 350, 27, 3, '2021-01-04 03:04:03', NULL, NULL, 0),
(4239, 350, 28, 3, '2021-01-04 03:04:03', NULL, NULL, 0),
(4240, 350, 36, 3, '2021-01-04 03:04:03', NULL, NULL, 0),
(4241, 350, 26, 3, '2021-01-04 03:04:03', NULL, NULL, 0),
(4242, 350, 32, 3, '2021-01-04 03:04:03', NULL, NULL, 0),
(4243, 350, 30, 3, '2021-01-04 03:04:04', NULL, NULL, 0),
(4244, 350, 14, 3, '2021-01-04 03:04:04', NULL, NULL, 0),
(4245, 350, 41, 3, '2021-01-04 03:04:04', NULL, NULL, 0),
(4246, 350, 31, 3, '2021-01-04 03:04:04', NULL, NULL, 0),
(4247, 351, 45, 3, '2021-01-04 03:04:40', NULL, NULL, 0),
(4248, 351, 24, 3, '2021-01-04 03:04:41', NULL, NULL, 0),
(4249, 351, 13, 3, '2021-01-04 03:04:41', NULL, NULL, 0),
(4250, 351, 17, 3, '2021-01-04 03:04:41', NULL, NULL, 0),
(4251, 351, 21, 3, '2021-01-04 03:04:41', NULL, NULL, 0),
(4252, 351, 27, 3, '2021-01-04 03:04:41', NULL, NULL, 0),
(4253, 351, 12, 3, '2021-01-04 03:04:41', NULL, NULL, 0),
(4254, 351, 29, 3, '2021-01-04 03:04:41', NULL, NULL, 0),
(4255, 351, 35, 3, '2021-01-04 03:04:41', NULL, NULL, 0),
(4256, 351, 36, 3, '2021-01-04 03:04:41', NULL, NULL, 0),
(4257, 351, 30, 3, '2021-01-04 03:04:41', NULL, NULL, 0),
(4258, 351, 40, 3, '2021-01-04 03:04:42', NULL, NULL, 0),
(4259, 351, 41, 3, '2021-01-04 03:04:42', NULL, NULL, 0),
(4260, 351, 31, 3, '2021-01-04 03:04:42', NULL, NULL, 0),
(4261, 351, 14, 3, '2021-01-04 03:04:42', NULL, NULL, 0),
(4262, 352, 17, 3, '2021-01-04 03:09:29', NULL, NULL, 0),
(4263, 352, 21, 3, '2021-01-04 03:09:29', NULL, NULL, 0),
(4264, 352, 20, 3, '2021-01-04 03:09:29', NULL, NULL, 0),
(4265, 352, 45, 3, '2021-01-04 03:09:29', NULL, NULL, 0),
(4266, 352, 22, 3, '2021-01-04 03:09:29', NULL, NULL, 0),
(4267, 352, 29, 3, '2021-01-04 03:09:30', NULL, NULL, 0),
(4268, 352, 27, 3, '2021-01-04 03:09:30', NULL, NULL, 0),
(4269, 352, 12, 3, '2021-01-04 03:09:30', NULL, NULL, 0),
(4270, 352, 35, 3, '2021-01-04 03:09:30', NULL, NULL, 0),
(4271, 352, 34, 3, '2021-01-04 03:09:30', NULL, NULL, 0),
(4272, 352, 30, 3, '2021-01-04 03:09:30', NULL, NULL, 0),
(4273, 352, 40, 3, '2021-01-04 03:09:30', NULL, NULL, 0),
(4274, 352, 33, 3, '2021-01-04 03:09:30', NULL, NULL, 0),
(4275, 352, 14, 3, '2021-01-04 03:09:30', NULL, NULL, 0),
(4276, 352, 32, 3, '2021-01-04 03:09:31', NULL, NULL, 0),
(4277, 353, 24, 3, '2021-01-04 03:12:52', NULL, NULL, 0),
(4278, 353, 21, 3, '2021-01-04 03:12:52', NULL, NULL, 0),
(4279, 353, 19, 3, '2021-01-04 03:12:52', NULL, NULL, 0),
(4280, 353, 22, 3, '2021-01-04 03:12:52', NULL, NULL, 0),
(4281, 353, 45, 3, '2021-01-04 03:12:52', NULL, NULL, 0),
(4282, 353, 28, 3, '2021-01-04 03:12:52', NULL, NULL, 0),
(4283, 353, 12, 3, '2021-01-04 03:12:52', NULL, NULL, 0),
(4284, 353, 34, 3, '2021-01-04 03:12:52', NULL, NULL, 0),
(4285, 353, 29, 3, '2021-01-04 03:12:53', NULL, NULL, 0),
(4286, 353, 26, 3, '2021-01-04 03:12:53', NULL, NULL, 0),
(4287, 353, 41, 3, '2021-01-04 03:12:53', NULL, NULL, 0),
(4288, 353, 32, 3, '2021-01-04 03:12:53', NULL, NULL, 0),
(4289, 353, 31, 3, '2021-01-04 03:12:53', NULL, NULL, 0),
(4290, 353, 40, 3, '2021-01-04 03:12:53', NULL, NULL, 0),
(4291, 353, 14, 3, '2021-01-04 03:12:53', NULL, NULL, 0),
(4292, 354, 22, 3, '2021-01-04 03:14:25', NULL, NULL, 0),
(4293, 354, 21, 3, '2021-01-04 03:14:25', NULL, NULL, 0),
(4294, 354, 13, 3, '2021-01-04 03:14:25', NULL, NULL, 0),
(4295, 354, 17, 3, '2021-01-04 03:14:25', NULL, NULL, 0),
(4296, 354, 20, 3, '2021-01-04 03:14:25', NULL, NULL, 0),
(4297, 354, 29, 3, '2021-01-04 03:14:25', NULL, NULL, 0),
(4298, 354, 36, 3, '2021-01-04 03:14:25', NULL, NULL, 0),
(4299, 354, 12, 3, '2021-01-04 03:14:25', NULL, NULL, 0),
(4300, 354, 26, 3, '2021-01-04 03:14:26', NULL, NULL, 0),
(4301, 354, 28, 3, '2021-01-04 03:14:26', NULL, NULL, 0),
(4302, 354, 33, 3, '2021-01-04 03:14:26', NULL, NULL, 0),
(4303, 354, 30, 3, '2021-01-04 03:14:26', NULL, NULL, 0),
(4304, 354, 41, 3, '2021-01-04 03:14:26', NULL, NULL, 0),
(4305, 354, 39, 3, '2021-01-04 03:14:26', NULL, NULL, 0),
(4306, 354, 40, 3, '2021-01-04 03:14:26', NULL, NULL, 0),
(4307, 355, 20, 3, '2021-01-04 03:21:58', NULL, NULL, 0),
(4308, 355, 21, 3, '2021-01-04 03:21:59', NULL, NULL, 0),
(4309, 355, 22, 3, '2021-01-04 03:21:59', NULL, NULL, 0),
(4310, 355, 17, 3, '2021-01-04 03:21:59', NULL, NULL, 0),
(4311, 355, 13, 3, '2021-01-04 03:22:00', NULL, NULL, 0),
(4312, 355, 29, 3, '2021-01-04 03:22:00', NULL, NULL, 0),
(4313, 355, 28, 3, '2021-01-04 03:22:01', NULL, NULL, 0),
(4314, 355, 34, 3, '2021-01-04 03:22:01', NULL, NULL, 0),
(4315, 355, 27, 3, '2021-01-04 03:22:02', NULL, NULL, 0),
(4316, 355, 36, 3, '2021-01-04 03:22:02', NULL, NULL, 0),
(4317, 355, 30, 3, '2021-01-04 03:22:02', NULL, NULL, 0),
(4318, 355, 41, 3, '2021-01-04 03:22:03', NULL, NULL, 0),
(4319, 355, 39, 3, '2021-01-04 03:22:03', NULL, NULL, 0),
(4320, 355, 14, 3, '2021-01-04 03:22:03', NULL, NULL, 0),
(4321, 355, 40, 3, '2021-01-04 03:22:04', NULL, NULL, 0),
(4322, 356, 20, 3, '2021-01-04 03:24:53', NULL, NULL, 0),
(4323, 356, 21, 3, '2021-01-04 03:24:54', NULL, NULL, 0),
(4324, 356, 17, 3, '2021-01-04 03:24:54', NULL, NULL, 0),
(4325, 356, 45, 3, '2021-01-04 03:24:54', NULL, NULL, 0),
(4326, 356, 23, 3, '2021-01-04 03:24:55', NULL, NULL, 0),
(4327, 356, 29, 3, '2021-01-04 03:24:55', NULL, NULL, 0),
(4328, 356, 35, 3, '2021-01-04 03:24:55', NULL, NULL, 0),
(4329, 356, 27, 3, '2021-01-04 03:24:56', NULL, NULL, 0),
(4330, 356, 36, 3, '2021-01-04 03:24:56', NULL, NULL, 0),
(4331, 356, 28, 3, '2021-01-04 03:24:56', NULL, NULL, 0),
(4332, 356, 33, 3, '2021-01-04 03:24:57', NULL, NULL, 0),
(4333, 356, 32, 3, '2021-01-04 03:24:57', NULL, NULL, 0),
(4334, 356, 41, 3, '2021-01-04 03:24:57', NULL, NULL, 0),
(4335, 356, 39, 3, '2021-01-04 03:24:58', NULL, NULL, 0),
(4336, 356, 14, 3, '2021-01-04 03:24:58', NULL, NULL, 0),
(4337, 357, 21, 3, '2021-01-04 03:26:26', NULL, NULL, 0),
(4338, 357, 20, 3, '2021-01-04 03:26:26', NULL, NULL, 0),
(4339, 357, 17, 3, '2021-01-04 03:26:27', NULL, NULL, 0),
(4340, 357, 45, 3, '2021-01-04 03:26:27', NULL, NULL, 0),
(4341, 357, 19, 3, '2021-01-04 03:26:28', NULL, NULL, 0),
(4342, 357, 12, 3, '2021-01-04 03:26:28', NULL, NULL, 0),
(4343, 357, 29, 3, '2021-01-04 03:26:28', NULL, NULL, 0),
(4344, 357, 36, 3, '2021-01-04 03:26:29', NULL, NULL, 0),
(4345, 357, 35, 3, '2021-01-04 03:26:29', NULL, NULL, 0),
(4346, 357, 28, 3, '2021-01-04 03:26:29', NULL, NULL, 0),
(4347, 357, 40, 3, '2021-01-04 03:26:30', NULL, NULL, 0),
(4348, 357, 37, 3, '2021-01-04 03:26:30', NULL, NULL, 0),
(4349, 357, 41, 3, '2021-01-04 03:26:31', NULL, NULL, 0),
(4350, 357, 38, 3, '2021-01-04 03:26:31', NULL, NULL, 0),
(4351, 357, 32, 3, '2021-01-04 03:26:31', NULL, NULL, 0),
(4352, 358, 45, 3, '2021-01-04 03:27:55', NULL, NULL, 0),
(4353, 358, 22, 3, '2021-01-04 03:27:55', NULL, NULL, 0),
(4354, 358, 19, 3, '2021-01-04 03:27:55', NULL, NULL, 0),
(4355, 358, 17, 3, '2021-01-04 03:27:55', NULL, NULL, 0),
(4356, 358, 13, 3, '2021-01-04 03:27:56', NULL, NULL, 0),
(4357, 358, 35, 3, '2021-01-04 03:27:56', NULL, NULL, 0),
(4358, 358, 12, 3, '2021-01-04 03:27:56', NULL, NULL, 0),
(4359, 358, 26, 3, '2021-01-04 03:27:56', NULL, NULL, 0),
(4360, 358, 28, 3, '2021-01-04 03:27:56', NULL, NULL, 0),
(4361, 358, 27, 3, '2021-01-04 03:27:56', NULL, NULL, 0),
(4362, 358, 40, 3, '2021-01-04 03:27:56', NULL, NULL, 0),
(4363, 358, 32, 3, '2021-01-04 03:27:56', NULL, NULL, 0),
(4364, 358, 31, 3, '2021-01-04 03:27:56', NULL, NULL, 0),
(4365, 358, 41, 3, '2021-01-04 03:27:57', NULL, NULL, 0),
(4366, 358, 30, 3, '2021-01-04 03:27:57', NULL, NULL, 0),
(4367, 359, 23, 3, '2021-01-04 03:29:04', NULL, NULL, 0),
(4368, 359, 24, 3, '2021-01-04 03:29:04', NULL, NULL, 0),
(4369, 359, 21, 3, '2021-01-04 03:29:05', NULL, NULL, 0),
(4370, 359, 20, 3, '2021-01-04 03:29:05', NULL, NULL, 0),
(4371, 359, 13, 3, '2021-01-04 03:29:05', NULL, NULL, 0),
(4372, 359, 26, 3, '2021-01-04 03:29:06', NULL, NULL, 0),
(4373, 359, 35, 3, '2021-01-04 03:29:06', NULL, NULL, 0),
(4374, 359, 28, 3, '2021-01-04 03:29:06', NULL, NULL, 0),
(4375, 359, 12, 3, '2021-01-04 03:29:07', NULL, NULL, 0),
(4376, 359, 34, 3, '2021-01-04 03:29:07', NULL, NULL, 0),
(4377, 359, 33, 3, '2021-01-04 03:29:08', NULL, NULL, 0),
(4378, 359, 40, 3, '2021-01-04 03:29:08', NULL, NULL, 0),
(4379, 359, 31, 3, '2021-01-04 03:29:09', NULL, NULL, 0),
(4380, 359, 39, 3, '2021-01-04 03:29:09', NULL, NULL, 0),
(4381, 359, 41, 3, '2021-01-04 03:29:09', NULL, NULL, 0),
(4382, 360, 19, 3, '2021-01-04 03:30:45', NULL, NULL, 0),
(4383, 360, 13, 3, '2021-01-04 03:30:45', NULL, NULL, 0),
(4384, 360, 22, 3, '2021-01-04 03:30:46', NULL, NULL, 0),
(4385, 360, 18, 3, '2021-01-04 03:30:46', NULL, NULL, 0),
(4386, 360, 24, 3, '2021-01-04 03:30:46', NULL, NULL, 0),
(4387, 360, 12, 3, '2021-01-04 03:30:47', NULL, NULL, 0),
(4388, 360, 36, 3, '2021-01-04 03:30:47', NULL, NULL, 0),
(4389, 360, 34, 3, '2021-01-04 03:30:47', NULL, NULL, 0),
(4390, 360, 26, 3, '2021-01-04 03:30:48', NULL, NULL, 0),
(4391, 360, 28, 3, '2021-01-04 03:30:48', NULL, NULL, 0),
(4392, 360, 32, 3, '2021-01-04 03:30:49', NULL, NULL, 0),
(4393, 360, 40, 3, '2021-01-04 03:30:49', NULL, NULL, 0),
(4394, 360, 39, 3, '2021-01-04 03:30:50', NULL, NULL, 0),
(4395, 360, 38, 3, '2021-01-04 03:30:50', NULL, NULL, 0),
(4396, 360, 33, 3, '2021-01-04 03:30:50', NULL, NULL, 0),
(4397, 361, 19, 3, '2021-01-04 03:37:02', NULL, NULL, 0),
(4398, 361, 23, 3, '2021-01-04 03:37:02', NULL, NULL, 0),
(4399, 361, 24, 3, '2021-01-04 03:37:02', NULL, NULL, 0),
(4400, 361, 20, 3, '2021-01-04 03:37:03', NULL, NULL, 0),
(4401, 361, 13, 3, '2021-01-04 03:37:03', NULL, NULL, 0),
(4402, 361, 36, 3, '2021-01-04 03:37:03', NULL, NULL, 0),
(4403, 361, 27, 3, '2021-01-04 03:37:04', NULL, NULL, 0),
(4404, 361, 34, 3, '2021-01-04 03:37:04', NULL, NULL, 0),
(4405, 361, 29, 3, '2021-01-04 03:37:05', NULL, NULL, 0),
(4406, 361, 12, 3, '2021-01-04 03:37:05', NULL, NULL, 0),
(4407, 361, 33, 3, '2021-01-04 03:37:05', NULL, NULL, 0),
(4408, 361, 14, 3, '2021-01-04 03:37:06', NULL, NULL, 0),
(4409, 361, 37, 3, '2021-01-04 03:37:06', NULL, NULL, 0),
(4410, 361, 41, 3, '2021-01-04 03:37:06', NULL, NULL, 0),
(4411, 361, 30, 3, '2021-01-04 03:37:07', NULL, NULL, 0),
(4412, 362, 13, 3, '2021-01-04 03:45:03', NULL, NULL, 0),
(4413, 362, 24, 3, '2021-01-04 03:45:04', NULL, NULL, 0),
(4414, 362, 19, 3, '2021-01-04 03:45:04', NULL, NULL, 0),
(4415, 362, 22, 3, '2021-01-04 03:45:04', NULL, NULL, 0),
(4416, 362, 45, 3, '2021-01-04 03:45:05', NULL, NULL, 0),
(4417, 362, 34, 3, '2021-01-04 03:45:05', NULL, NULL, 0),
(4418, 362, 35, 3, '2021-01-04 03:45:06', NULL, NULL, 0),
(4419, 362, 27, 3, '2021-01-04 03:45:06', NULL, NULL, 0),
(4420, 362, 28, 3, '2021-01-04 03:45:06', NULL, NULL, 0),
(4421, 362, 26, 3, '2021-01-04 03:45:07', NULL, NULL, 0),
(4422, 362, 33, 3, '2021-01-04 03:45:07', NULL, NULL, 0),
(4423, 362, 40, 3, '2021-01-04 03:45:07', NULL, NULL, 0),
(4424, 362, 37, 3, '2021-01-04 03:45:08', NULL, NULL, 0),
(4425, 362, 30, 3, '2021-01-04 03:45:08', NULL, NULL, 0),
(4426, 362, 38, 3, '2021-01-04 03:45:08', NULL, NULL, 0),
(4427, 363, 20, 3, '2021-01-04 04:26:30', NULL, NULL, 0),
(4428, 363, 18, 3, '2021-01-04 04:26:30', NULL, NULL, 0),
(4429, 363, 19, 3, '2021-01-04 04:26:30', NULL, NULL, 0),
(4430, 363, 21, 3, '2021-01-04 04:26:31', NULL, NULL, 0),
(4431, 363, 13, 3, '2021-01-04 04:26:31', NULL, NULL, 0),
(4432, 363, 29, 3, '2021-01-04 04:26:31', NULL, NULL, 0),
(4433, 363, 35, 3, '2021-01-04 04:26:32', NULL, NULL, 0),
(4434, 363, 27, 3, '2021-01-04 04:26:32', NULL, NULL, 0),
(4435, 363, 28, 3, '2021-01-04 04:26:33', NULL, NULL, 0),
(4436, 363, 34, 3, '2021-01-04 04:26:33', NULL, NULL, 0),
(4437, 363, 41, 3, '2021-01-04 04:26:33', NULL, NULL, 0),
(4438, 363, 30, 3, '2021-01-04 04:26:34', NULL, NULL, 0),
(4439, 363, 14, 3, '2021-01-04 04:26:34', NULL, NULL, 0),
(4440, 363, 31, 3, '2021-01-04 04:26:34', NULL, NULL, 0),
(4441, 363, 38, 3, '2021-01-04 04:26:35', NULL, NULL, 0),
(4442, 364, 13, 3, '2021-01-04 04:29:01', NULL, NULL, 0),
(4443, 364, 24, 3, '2021-01-04 04:29:01', NULL, NULL, 0),
(4444, 364, 19, 3, '2021-01-04 04:29:02', NULL, NULL, 0),
(4445, 364, 23, 3, '2021-01-04 04:29:02', NULL, NULL, 0),
(4446, 364, 18, 3, '2021-01-04 04:29:03', NULL, NULL, 0),
(4447, 364, 36, 3, '2021-01-04 04:29:03', NULL, NULL, 0),
(4448, 364, 27, 3, '2021-01-04 04:29:03', NULL, NULL, 0),
(4449, 364, 28, 3, '2021-01-04 04:29:04', NULL, NULL, 0),
(4450, 364, 34, 3, '2021-01-04 04:29:04', NULL, NULL, 0),
(4451, 364, 26, 3, '2021-01-04 04:29:04', NULL, NULL, 0),
(4452, 364, 33, 3, '2021-01-04 04:29:05', NULL, NULL, 0),
(4453, 364, 40, 3, '2021-01-04 04:29:05', NULL, NULL, 0),
(4454, 364, 14, 3, '2021-01-04 04:29:05', NULL, NULL, 0),
(4455, 364, 32, 3, '2021-01-04 04:29:06', NULL, NULL, 0),
(4456, 364, 37, 3, '2021-01-04 04:29:06', NULL, NULL, 0);

-- --------------------------------------------------------

--
-- Table structure for table `template`
--
-- Creation: Dec 25, 2020 at 02:20 AM
-- Last update: Jan 04, 2021 at 03:34 AM
--

CREATE TABLE `template` (
  `ID` int NOT NULL,
  `TemplateName` varchar(255) COLLATE utf8_unicode_ci NOT NULL,
  `Description` varchar(255) CHARACTER SET utf8 COLLATE utf8_unicode_ci DEFAULT NULL,
  `HeaderContent` longtext COLLATE utf8_unicode_ci,
  `AnswerSheet` longtext COLLATE utf8_unicode_ci,
  `CreatedBy` int NOT NULL,
  `CreatedAt` datetime NOT NULL DEFAULT CURRENT_TIMESTAMP,
  `UpdatedBy` int DEFAULT NULL,
  `UpdatedAt` datetime DEFAULT NULL ON UPDATE CURRENT_TIMESTAMP,
  `IsDeleted` int DEFAULT '0'
) ENGINE=InnoDB DEFAULT CHARSET=utf8 COLLATE=utf8_unicode_ci;

--
-- Dumping data for table `template`
--

INSERT INTO `template` (`ID`, `TemplateName`, `Description`, `HeaderContent`, `AnswerSheet`, `CreatedBy`, `CreatedAt`, `UpdatedBy`, `UpdatedAt`, `IsDeleted`) VALUES
(1, 'Test', 'Test', 'Test', 'Test', 1, '2020-09-22 13:07:10', 1, '2020-11-19 04:55:23', 1),
(2, 'Test2', 'Test2', 'Test2', 'Test2', 1, '2020-11-12 02:24:43', NULL, '2020-11-12 04:10:26', 1),
(4, 'OEP TEMPLATE', 'This template is using for OEP', '  <div>\n  <p class=\"inline-title\"><img src=\"https://www.uit.edu.vn/sites/vi/files/banner.png\"/></p>\n  <p align=\"right\" class=\"inline-title\"><b>OFFICE OF EXECELLENT PROGRAMS</b></p>\n  <hr width=\"100%\" align=\"center\" />\n  <h3 align=\"center\">{{ TemplateName }}</h3>\n  <div class=\"border-full border-content\">\n  <div class=\"header\">\n  	<p class=\"inline\">Course: {{ Course }}</p>\n  	<p class=\"inline\">Code:{{ Coursecode }}</p>\n  </div>	\n  <div class=\"header\">\n  	<p class=\"inline\">Duration:{{ Duration }}</p>\n  	<p class=\"inline\">Term:{{Semester}} - Academic Year: {{ AcademicYear }}</p>\n  </div>	\n  <div class=\"header\">\n  	<p class=\"inline\">Lecturer(s): {{ Lecturer }}</p>\n  	<p class=\"inline\">Department: {{ Department }}</p>\n  </div>	\n  <hr width=\"100%\" align=\"center\" />\n  <div class=\"header\">\n  	<p class=\"inline\">Student Name: ...................................................................</p>\n  	<p class=\"inline\">Student ID: ...............................................</p>\n  </div>	\n  </div>\n  <p align=\"center\"><b>Notes: {{ Notes }}</b></p>', '<ul v-for=\"item in question\" :key=\"item.ID\">\r\n	<li v-for=\"ans in answer\" :key=\"ans.ID\" v-if=\"ans.Question === item.ID\"><input type=\"checkbox\" :value=\"ans.Content\">{{Content}}</li>\r\n', 2, '2020-11-19 02:45:39', NULL, '2021-01-04 03:34:45', 0),
(5, 'test', 'test', ' event.target.files[0]', '', 3, '2020-12-24 02:31:24', 3, '2020-12-24 07:09:01', 0),
(6, 'aaa1', 'aa', 'aa', 'aa', 3, '2020-12-24 02:33:27', 3, '2020-12-24 05:56:55', 0),
(7, 'te', 'te', 'te', '', 3, '2020-12-24 02:40:03', 3, '2020-12-24 08:45:43', 0);

-- --------------------------------------------------------

--
-- Table structure for table `topic`
--
-- Creation: Oct 23, 2020 at 11:56 AM
-- Last update: Dec 24, 2020 at 11:23 AM
--

CREATE TABLE `topic` (
  `ID` int NOT NULL,
  `Content` varchar(255) COLLATE utf8_unicode_ci NOT NULL,
  `CreatedBy` int NOT NULL,
  `CreatedAt` datetime NOT NULL DEFAULT CURRENT_TIMESTAMP,
  `UpdatedBy` int DEFAULT NULL,
  `UpdatedAt` datetime DEFAULT NULL ON UPDATE CURRENT_TIMESTAMP,
  `IsDeleted` int DEFAULT '0'
) ENGINE=InnoDB DEFAULT CHARSET=utf8 COLLATE=utf8_unicode_ci;

--
-- Dumping data for table `topic`
--

INSERT INTO `topic` (`ID`, `Content`, `CreatedBy`, `CreatedAt`, `UpdatedBy`, `UpdatedAt`, `IsDeleted`) VALUES
(8, 'test topic', 3, '2020-10-28 14:54:05', NULL, NULL, 0);

-- --------------------------------------------------------

--
-- Table structure for table `user`
--
-- Creation: Nov 10, 2020 at 03:59 AM
-- Last update: Nov 10, 2020 at 04:15 AM
--

CREATE TABLE `user` (
  `ID` int NOT NULL,
  `Username` varchar(11) CHARACTER SET utf8 COLLATE utf8_unicode_ci NOT NULL COMMENT 'must be a string and a lowercase ',
  `Password` varchar(64) CHARACTER SET utf8 COLLATE utf8_bin NOT NULL,
  `Email` varchar(255) CHARACTER SET utf8mb4 COLLATE utf8mb4_bin NOT NULL,
  `Fullname` varchar(255) CHARACTER SET utf8 COLLATE utf8_unicode_ci NOT NULL,
  `Role` enum('super admin','admin','user','') CHARACTER SET utf8 COLLATE utf8_unicode_ci NOT NULL COMMENT '1 is super admin, 2  is admin, 3 is user',
  `CreatedBy` int NOT NULL,
  `CreatedAt` datetime NOT NULL DEFAULT CURRENT_TIMESTAMP,
  `UpdatedBy` int DEFAULT NULL,
  `UpdatedAt` datetime DEFAULT NULL ON UPDATE CURRENT_TIMESTAMP,
  `IsDeleted` int DEFAULT '0'
) ENGINE=InnoDB DEFAULT CHARSET=utf8 COLLATE=utf8_unicode_ci;

--
-- Dumping data for table `user`
--

INSERT INTO `user` (`ID`, `Username`, `Password`, `Email`, `Fullname`, `Role`, `CreatedBy`, `CreatedAt`, `UpdatedBy`, `UpdatedAt`, `IsDeleted`) VALUES
(1, 'admin', '$2a$10$rW0L5yiLahhf04Qauykhs.aG/CIigO9bjJHOn4wKUCnehyfL7EPJq', 'admin@gmail.com', 'admin', 'super admin', 0, '2020-09-09 18:35:35', 2, '2020-11-06 15:39:22', 0),
(2, 'dung', '$2a$10$Ie6/6SdKEZxkfcbnKsRYX.M6lJ.GHoqlj6G9K/Z.4TR.dvYyNM7jy', 'thdung002@gmail.com', 'THD', 'admin', 0, '2020-09-09 18:38:12', 1, '2020-11-06 15:41:27', 0),
(3, 'trung', '$2a$10$6AiC5tsYYPICTaV/uMxtVODjgBwHRW6zRt/M7/79Q6ecdrxMPsd0u', 'admin@quizmanagement.com', 'trung', 'user', 0, '2020-09-09 18:38:12', 2, '2020-11-06 13:18:06', 0),
(26, 'teacher', '$2a$10$phFn4OpAPfHRHIqha/7MseeGzzWLGiFEmiAXErSHD4QDDEvAW7EgC', 'teacher@gmail.com', 'teacher 1', 'user', 2, '2020-11-10 04:15:03', NULL, NULL, 0);

--
-- Indexes for dumped tables
--

--
-- Indexes for table `answer`
--
ALTER TABLE `answer`
  ADD PRIMARY KEY (`ID`),
  ADD KEY `Question` (`Question`),
  ADD KEY `CreatedBy` (`CreatedBy`),
  ADD KEY `UpdatedBy` (`UpdatedBy`);
ALTER TABLE `answer` ADD FULLTEXT KEY `Content` (`Content`);

--
-- Indexes for table `config`
--
ALTER TABLE `config`
  ADD PRIMARY KEY (`ID`),
  ADD KEY `CreatedBy` (`CreatedBy`),
  ADD KEY `UpdatedBy` (`UpdatedBy`);

--
-- Indexes for table `examination`
--
ALTER TABLE `examination`
  ADD PRIMARY KEY (`ID`),
  ADD KEY `CreatedBy` (`CreatedBy`),
  ADD KEY `UpdatedBy` (`UpdatedBy`);

--
-- Indexes for table `question`
--
ALTER TABLE `question`
  ADD PRIMARY KEY (`ID`),
  ADD KEY `CreatedBy` (`CreatedBy`),
  ADD KEY `UpdatedBy` (`UpdatedBy`),
  ADD KEY `FK_Type` (`Type`);
ALTER TABLE `question` ADD FULLTEXT KEY `Content` (`Content`);
ALTER TABLE `question` ADD FULLTEXT KEY `Content_2` (`Content`);

--
-- Indexes for table `questiontopic`
--
ALTER TABLE `questiontopic`
  ADD PRIMARY KEY (`ID`),
  ADD KEY `Question` (`Question`),
  ADD KEY `Topic` (`Topic`),
  ADD KEY `CreatedBy` (`CreatedBy`),
  ADD KEY `UpdatedBy` (`UpdatedBy`);

--
-- Indexes for table `quiz`
--
ALTER TABLE `quiz`
  ADD PRIMARY KEY (`ID`),
  ADD KEY `Examination` (`Examination`),
  ADD KEY `Config` (`Config`),
  ADD KEY `Template` (`Template`),
  ADD KEY `CreatedBy` (`CreatedBy`),
  ADD KEY `UpdatedBy` (`UpdatedBy`);

--
-- Indexes for table `quizcontent`
--
ALTER TABLE `quizcontent`
  ADD PRIMARY KEY (`ID`),
  ADD KEY `Quiz` (`Quiz`),
  ADD KEY `CreatedBy` (`CreatedBy`),
  ADD KEY `UpdatedBy` (`UpdatedBy`),
  ADD KEY `QuestionID` (`QuestionID`);

--
-- Indexes for table `template`
--
ALTER TABLE `template`
  ADD PRIMARY KEY (`ID`),
  ADD KEY `CreatedBy` (`CreatedBy`),
  ADD KEY `UpdatedBy` (`UpdatedBy`);
ALTER TABLE `template` ADD FULLTEXT KEY `TemplateName` (`TemplateName`);

--
-- Indexes for table `topic`
--
ALTER TABLE `topic`
  ADD PRIMARY KEY (`ID`),
  ADD KEY `CreatedBy` (`CreatedBy`),
  ADD KEY `UpdatedBy` (`UpdatedBy`);

--
-- Indexes for table `user`
--
ALTER TABLE `user`
  ADD PRIMARY KEY (`ID`),
  ADD UNIQUE KEY `Username` (`Username`) USING BTREE,
  ADD UNIQUE KEY `Email` (`Email`);
ALTER TABLE `user` ADD FULLTEXT KEY `Username_2` (`Username`);

--
-- AUTO_INCREMENT for dumped tables
--

--
-- AUTO_INCREMENT for table `answer`
--
ALTER TABLE `answer`
  MODIFY `ID` int NOT NULL AUTO_INCREMENT, AUTO_INCREMENT=108;

--
-- AUTO_INCREMENT for table `config`
--
ALTER TABLE `config`
  MODIFY `ID` int NOT NULL AUTO_INCREMENT, AUTO_INCREMENT=18;

--
-- AUTO_INCREMENT for table `examination`
--
ALTER TABLE `examination`
  MODIFY `ID` int NOT NULL AUTO_INCREMENT, AUTO_INCREMENT=5;

--
-- AUTO_INCREMENT for table `question`
--
ALTER TABLE `question`
  MODIFY `ID` int NOT NULL AUTO_INCREMENT, AUTO_INCREMENT=46;

--
-- AUTO_INCREMENT for table `questiontopic`
--
ALTER TABLE `questiontopic`
  MODIFY `ID` int NOT NULL AUTO_INCREMENT, AUTO_INCREMENT=3;

--
-- AUTO_INCREMENT for table `quiz`
--
ALTER TABLE `quiz`
  MODIFY `ID` int NOT NULL AUTO_INCREMENT, AUTO_INCREMENT=365;

--
-- AUTO_INCREMENT for table `quizcontent`
--
ALTER TABLE `quizcontent`
  MODIFY `ID` int NOT NULL AUTO_INCREMENT, AUTO_INCREMENT=4457;

--
-- AUTO_INCREMENT for table `template`
--
ALTER TABLE `template`
  MODIFY `ID` int NOT NULL AUTO_INCREMENT, AUTO_INCREMENT=8;

--
-- AUTO_INCREMENT for table `topic`
--
ALTER TABLE `topic`
  MODIFY `ID` int NOT NULL AUTO_INCREMENT, AUTO_INCREMENT=9;

--
-- AUTO_INCREMENT for table `user`
--
ALTER TABLE `user`
  MODIFY `ID` int NOT NULL AUTO_INCREMENT, AUTO_INCREMENT=27;

--
-- Constraints for dumped tables
--

--
-- Constraints for table `answer`
--
ALTER TABLE `answer`
  ADD CONSTRAINT `answer_ibfk_1` FOREIGN KEY (`Question`) REFERENCES `question` (`ID`),
  ADD CONSTRAINT `answer_ibfk_2` FOREIGN KEY (`CreatedBy`) REFERENCES `user` (`ID`),
  ADD CONSTRAINT `answer_ibfk_3` FOREIGN KEY (`UpdatedBy`) REFERENCES `user` (`ID`);

--
-- Constraints for table `config`
--
ALTER TABLE `config`
  ADD CONSTRAINT `config_ibfk_1` FOREIGN KEY (`CreatedBy`) REFERENCES `user` (`ID`),
  ADD CONSTRAINT `config_ibfk_2` FOREIGN KEY (`UpdatedBy`) REFERENCES `user` (`ID`);

--
-- Constraints for table `examination`
--
ALTER TABLE `examination`
  ADD CONSTRAINT `examination_ibfk_1` FOREIGN KEY (`CreatedBy`) REFERENCES `user` (`ID`),
  ADD CONSTRAINT `examination_ibfk_2` FOREIGN KEY (`UpdatedBy`) REFERENCES `user` (`ID`);

--
-- Constraints for table `question`
--
ALTER TABLE `question`
  ADD CONSTRAINT `question_ibfk_1` FOREIGN KEY (`CreatedBy`) REFERENCES `user` (`ID`),
  ADD CONSTRAINT `question_ibfk_2` FOREIGN KEY (`UpdatedBy`) REFERENCES `user` (`ID`);

--
-- Constraints for table `questiontopic`
--
ALTER TABLE `questiontopic`
  ADD CONSTRAINT `questiontopic_ibfk_1` FOREIGN KEY (`Question`) REFERENCES `question` (`ID`),
  ADD CONSTRAINT `questiontopic_ibfk_2` FOREIGN KEY (`Topic`) REFERENCES `topic` (`ID`),
  ADD CONSTRAINT `questiontopic_ibfk_3` FOREIGN KEY (`CreatedBy`) REFERENCES `user` (`ID`),
  ADD CONSTRAINT `questiontopic_ibfk_4` FOREIGN KEY (`UpdatedBy`) REFERENCES `user` (`ID`);

--
-- Constraints for table `quiz`
--
ALTER TABLE `quiz`
  ADD CONSTRAINT `quiz_ibfk_1` FOREIGN KEY (`Examination`) REFERENCES `examination` (`ID`),
  ADD CONSTRAINT `quiz_ibfk_2` FOREIGN KEY (`Config`) REFERENCES `config` (`ID`),
  ADD CONSTRAINT `quiz_ibfk_3` FOREIGN KEY (`Template`) REFERENCES `template` (`ID`),
  ADD CONSTRAINT `quiz_ibfk_4` FOREIGN KEY (`CreatedBy`) REFERENCES `user` (`ID`),
  ADD CONSTRAINT `quiz_ibfk_5` FOREIGN KEY (`UpdatedBy`) REFERENCES `user` (`ID`);

--
-- Constraints for table `quizcontent`
--
ALTER TABLE `quizcontent`
  ADD CONSTRAINT `quizcontent_ibfk_1` FOREIGN KEY (`Quiz`) REFERENCES `quiz` (`ID`),
  ADD CONSTRAINT `quizcontent_ibfk_2` FOREIGN KEY (`CreatedBy`) REFERENCES `user` (`ID`),
  ADD CONSTRAINT `quizcontent_ibfk_3` FOREIGN KEY (`UpdatedBy`) REFERENCES `user` (`ID`),
  ADD CONSTRAINT `quizcontent_ibfk_4` FOREIGN KEY (`QuestionID`) REFERENCES `question` (`ID`);

--
-- Constraints for table `template`
--
ALTER TABLE `template`
  ADD CONSTRAINT `template_ibfk_1` FOREIGN KEY (`CreatedBy`) REFERENCES `user` (`ID`),
  ADD CONSTRAINT `template_ibfk_2` FOREIGN KEY (`UpdatedBy`) REFERENCES `user` (`ID`);

--
-- Constraints for table `topic`
--
ALTER TABLE `topic`
  ADD CONSTRAINT `topic_ibfk_1` FOREIGN KEY (`CreatedBy`) REFERENCES `user` (`ID`),
  ADD CONSTRAINT `topic_ibfk_2` FOREIGN KEY (`UpdatedBy`) REFERENCES `user` (`ID`);
COMMIT;

/*!40101 SET CHARACTER_SET_CLIENT=@OLD_CHARACTER_SET_CLIENT */;
/*!40101 SET CHARACTER_SET_RESULTS=@OLD_CHARACTER_SET_RESULTS */;
/*!40101 SET COLLATION_CONNECTION=@OLD_COLLATION_CONNECTION */;
